{"type":"FeatureCollection", "features": [
{"type":"Feature","geometry":{"type":"MultiPolygon","coordinates":[[[[93.788,6.853],[93.785,6.848],[93.791,6.851],[93.788,6.853]]],[[[93.72,7.208],[93.722,7.213],[93.709,7.231],[93.706,7.226],[93.712,7.208],[93.72,7.208]]],[[[93.848,7.24],[93.847,7.244],[93.831,7.236],[93.807,7.234],[93.81,7.22],[93.806,7.219],[93.812,7.214],[93.802,7.211],[93.803,7.201],[93.793,7.213],[93.777,7.212],[93.773,7.207],[93.761,7.214],[93.752,7.207],[93.754,7.202],[93.734,7.187],[93.713,7.192],[93.686,7.19],[93.673,7.176],[93.678,7.155],[93.676,7.14],[93.668,7.139],[93.656,7.125],[93.658,7.112],[93.668,7.117],[93.675,7.113],[93.657,7.1],[93.661,7.086],[93.67,7.083],[93.662,7.069],[93.669,7.066],[93.665,7.044],[93.673,7.036],[93.669,7.029],[93.674,7.024],[93.663,7.007],[93.672,7.003],[93.677,7.016],[93.694,7.015],[93.706,7],[93.704,6.992],[93.723,6.992],[93.734,6.977],[93.735,6.96],[93.745,6.962],[93.752,6.937],[93.751,6.929],[93.743,6.929],[93.742,6.925],[93.752,6.907],[93.764,6.916],[93.768,6.895],[93.781,6.89],[93.779,6.881],[93.772,6.877],[93.779,6.857],[93.789,6.857],[93.794,6.85],[93.787,6.831],[93.803,6.813],[93.811,6.818],[93.816,6.816],[93.808,6.806],[93.812,6.793],[93.808,6.784],[93.813,6.779],[93.805,6.772],[93.805,6.765],[93.828,6.754],[93.835,6.756],[93.847,6.78],[93.851,6.816],[93.868,6.815],[93.883,6.793],[93.902,6.813],[93.91,6.835],[93.894,6.847],[93.893,6.866],[93.902,6.875],[93.897,6.902],[93.916,6.912],[93.909,6.927],[93.917,6.933],[93.918,6.947],[93.928,6.955],[93.939,6.95],[93.946,6.956],[93.935,6.964],[93.928,6.986],[93.914,6.995],[93.914,7],[93.927,7.011],[93.943,6.993],[93.948,6.999],[93.945,7.009],[93.937,7.013],[93.929,7.027],[93.916,7.025],[93.912,7.04],[93.917,7.048],[93.906,7.062],[93.902,7.077],[93.893,7.079],[93.888,7.086],[93.886,7.105],[93.891,7.121],[93.884,7.13],[93.888,7.151],[93.88,7.173],[93.883,7.204],[93.877,7.204],[93.868,7.217],[93.853,7.214],[93.846,7.218],[93.842,7.229],[93.848,7.24]]],[[[93.769,7.402],[93.762,7.398],[93.77,7.394],[93.769,7.402]]],[[[93.689,7.41],[93.683,7.405],[93.691,7.397],[93.695,7.399],[93.689,7.41]]],[[[93.713,7.444],[93.705,7.443],[93.709,7.424],[93.703,7.401],[93.714,7.393],[93.699,7.394],[93.684,7.387],[93.674,7.373],[93.663,7.381],[93.649,7.369],[93.64,7.374],[93.632,7.371],[93.636,7.321],[93.621,7.308],[93.629,7.303],[93.634,7.286],[93.629,7.265],[93.648,7.242],[93.669,7.258],[93.679,7.285],[93.698,7.294],[93.707,7.304],[93.725,7.31],[93.738,7.34],[93.756,7.36],[93.756,7.374],[93.721,7.402],[93.722,7.421],[93.713,7.444]]],[[[93.648,7.477],[93.644,7.471],[93.652,7.47],[93.648,7.477]]],[[[93.544,7.525],[93.54,7.52],[93.543,7.51],[93.55,7.517],[93.544,7.525]]],[[[93.38,8.025],[93.359,8.009],[93.352,8.008],[93.347,8.016],[93.327,8.002],[93.324,7.976],[93.311,7.962],[93.319,7.94],[93.317,7.934],[93.331,7.923],[93.334,7.936],[93.343,7.932],[93.349,7.94],[93.343,7.939],[93.349,7.945],[93.358,7.942],[93.345,7.931],[93.346,7.927],[93.352,7.932],[93.343,7.919],[93.347,7.91],[93.344,7.902],[93.356,7.889],[93.38,7.882],[93.397,7.902],[93.423,7.907],[93.441,7.899],[93.453,7.876],[93.462,7.872],[93.475,7.892],[93.465,7.93],[93.436,7.956],[93.43,7.968],[93.421,7.959],[93.412,7.962],[93.402,7.976],[93.404,7.998],[93.41,8.007],[93.38,8.025]]],[[[93.547,8.028],[93.543,8.025],[93.552,8.008],[93.551,7.996],[93.533,8.025],[93.528,8.019],[93.531,8.006],[93.518,7.993],[93.513,7.999],[93.507,7.997],[93.507,7.985],[93.577,7.928],[93.583,7.992],[93.565,8.024],[93.547,8.028]]],[[[93.579,8.125],[93.561,8.118],[93.571,8.106],[93.575,8.11],[93.569,8.095],[93.581,8.081],[93.581,8.074],[93.574,8.073],[93.572,8.066],[93.593,8.038],[93.601,8.05],[93.591,8.07],[93.589,8.109],[93.579,8.125]]],[[[93.526,8.231],[93.495,8.223],[93.491,8.199],[93.476,8.184],[93.454,8.174],[93.456,8.146],[93.465,8.14],[93.458,8.134],[93.459,8.122],[93.468,8.118],[93.464,8.115],[93.467,8.106],[93.478,8.09],[93.482,8.096],[93.489,8.092],[93.481,8.086],[93.485,8.052],[93.493,8.051],[93.492,8.062],[93.512,8.074],[93.514,8.084],[93.53,8.079],[93.524,8.074],[93.525,8.067],[93.53,8.068],[93.524,8.063],[93.526,8.054],[93.518,8.047],[93.511,8.068],[93.509,8.058],[93.503,8.056],[93.509,8.051],[93.506,8.041],[93.504,8.048],[93.5,8.039],[93.49,8.047],[93.485,8.044],[93.486,8.017],[93.492,8],[93.501,7.997],[93.507,8.002],[93.507,8.015],[93.512,8.017],[93.506,8.024],[93.508,8.034],[93.52,8.037],[93.525,8.032],[93.531,8.049],[93.542,8.038],[93.55,8.036],[93.545,8.049],[93.553,8.066],[93.548,8.088],[93.532,8.099],[93.524,8.123],[93.503,8.148],[93.512,8.158],[93.511,8.168],[93.534,8.184],[93.525,8.171],[93.545,8.198],[93.544,8.225],[93.526,8.231]]],[[[93.235,8.266],[93.222,8.257],[93.22,8.245],[93.239,8.221],[93.25,8.225],[93.252,8.233],[93.235,8.266]]],[[[93.126,8.356],[93.113,8.347],[93.106,8.35],[93.095,8.339],[93.095,8.326],[93.083,8.296],[93.087,8.269],[93.121,8.223],[93.153,8.209],[93.161,8.201],[93.175,8.2],[93.188,8.193],[93.199,8.194],[93.205,8.216],[93.194,8.225],[93.154,8.243],[93.126,8.276],[93.143,8.347],[93.132,8.348],[93.126,8.356]]],[[[93.652,8.394],[93.644,8.393],[93.653,8.388],[93.657,8.391],[93.652,8.394]]],[[[93.044,8.473],[93.035,8.449],[93.043,8.441],[93.058,8.439],[93.061,8.443],[93.057,8.46],[93.044,8.473]]],[[[93.616,8.574],[93.613,8.576],[93.611,8.572],[93.614,8.565],[93.61,8.544],[93.622,8.525],[93.628,8.489],[93.618,8.48],[93.623,8.461],[93.616,8.456],[93.62,8.453],[93.616,8.435],[93.623,8.422],[93.628,8.437],[93.623,8.449],[93.627,8.467],[93.634,8.471],[93.641,8.465],[93.642,8.469],[93.632,8.505],[93.637,8.511],[93.636,8.522],[93.622,8.532],[93.616,8.574]]],[[[92.859,8.82],[92.863,8.83],[92.859,8.837],[92.852,8.822],[92.859,8.82]]],[[[92.788,9.244],[92.774,9.256],[92.779,9.244],[92.767,9.215],[92.747,9.212],[92.728,9.22],[92.721,9.214],[92.718,9.153],[92.732,9.124],[92.764,9.124],[92.769,9.128],[92.784,9.118],[92.789,9.117],[92.782,9.12],[92.793,9.119],[92.811,9.124],[92.817,9.136],[92.831,9.139],[92.832,9.167],[92.826,9.192],[92.857,9.202],[92.854,9.209],[92.824,9.196],[92.817,9.217],[92.788,9.244]]],[[[92.516,10.898],[92.507,10.889],[92.513,10.877],[92.511,10.869],[92.503,10.872],[92.51,10.87],[92.511,10.878],[92.5,10.891],[92.493,10.889],[92.479,10.871],[92.47,10.872],[92.457,10.861],[92.457,10.84],[92.447,10.838],[92.434,10.822],[92.427,10.823],[92.418,10.795],[92.397,10.781],[92.394,10.772],[92.397,10.761],[92.393,10.769],[92.395,10.779],[92.387,10.783],[92.385,10.791],[92.376,10.782],[92.381,10.762],[92.378,10.74],[92.382,10.721],[92.38,10.667],[92.395,10.666],[92.4,10.661],[92.421,10.615],[92.413,10.606],[92.409,10.582],[92.382,10.541],[92.385,10.532],[92.402,10.531],[92.419,10.548],[92.435,10.548],[92.452,10.545],[92.481,10.518],[92.499,10.511],[92.513,10.512],[92.532,10.519],[92.546,10.552],[92.569,10.579],[92.564,10.587],[92.544,10.593],[92.54,10.611],[92.553,10.638],[92.566,10.651],[92.583,10.657],[92.578,10.66],[92.577,10.674],[92.585,10.679],[92.597,10.678],[92.598,10.703],[92.583,10.743],[92.588,10.787],[92.572,10.803],[92.56,10.801],[92.565,10.807],[92.557,10.844],[92.558,10.863],[92.532,10.885],[92.533,10.874],[92.53,10.868],[92.537,10.866],[92.53,10.865],[92.528,10.869],[92.532,10.874],[92.528,10.882],[92.53,10.887],[92.516,10.898]]],[[[92.609,10.939],[92.609,10.93],[92.62,10.929],[92.609,10.939]]],[[[92.227,10.982],[92.215,10.979],[92.218,10.973],[92.228,10.976],[92.227,10.982]]],[[[92.663,10.982],[92.67,10.988],[92.662,10.993],[92.658,10.987],[92.663,10.982]]],[[[92.732,11.15],[92.727,11.146],[92.73,11.141],[92.735,11.146],[92.732,11.15]]],[[[92.677,11.184],[92.675,11.189],[92.677,11.177],[92.681,11.181],[92.677,11.184]]],[[[92.706,11.289],[92.692,11.281],[92.697,11.262],[92.687,11.242],[92.693,11.243],[92.695,11.252],[92.706,11.263],[92.706,11.289]]],[[[92.701,11.311],[92.698,11.308],[92.712,11.303],[92.71,11.309],[92.701,11.311]]],[[[92.723,11.316],[92.722,11.333],[92.713,11.309],[92.723,11.316]]],[[[92.548,11.393],[92.55,11.397],[92.546,11.396],[92.548,11.393]]],[[[92.558,11.391],[92.563,11.397],[92.556,11.395],[92.558,11.391]]],[[[92.641,11.51],[92.636,11.517],[92.632,11.514],[92.614,11.474],[92.611,11.459],[92.624,11.44],[92.62,11.43],[92.625,11.42],[92.623,11.405],[92.614,11.4],[92.587,11.4],[92.592,11.381],[92.581,11.367],[92.589,11.354],[92.601,11.346],[92.638,11.346],[92.652,11.357],[92.664,11.352],[92.669,11.362],[92.691,11.37],[92.693,11.387],[92.678,11.392],[92.675,11.399],[92.664,11.395],[92.661,11.406],[92.649,11.407],[92.672,11.416],[92.672,11.426],[92.684,11.426],[92.686,11.437],[92.669,11.49],[92.646,11.501],[92.646,11.511],[92.641,11.51]]],[[[92.605,11.535],[92.602,11.538],[92.601,11.53],[92.606,11.522],[92.605,11.535]]],[[[92.56,11.538],[92.552,11.539],[92.553,11.531],[92.561,11.517],[92.566,11.517],[92.569,11.527],[92.56,11.538]]],[[[92.61,11.559],[92.607,11.563],[92.61,11.554],[92.602,11.553],[92.61,11.532],[92.618,11.537],[92.62,11.556],[92.619,11.56],[92.61,11.559]]],[[[92.597,11.542],[92.592,11.577],[92.584,11.534],[92.586,11.541],[92.588,11.533],[92.593,11.536],[92.595,11.533],[92.597,11.542]]],[[[92.611,11.588],[92.601,11.586],[92.601,11.568],[92.606,11.571],[92.615,11.563],[92.619,11.577],[92.611,11.588]]],[[[92.219,11.592],[92.216,11.595],[92.216,11.589],[92.207,11.585],[92.215,11.574],[92.208,11.551],[92.215,11.529],[92.25,11.526],[92.26,11.518],[92.27,11.523],[92.275,11.536],[92.269,11.555],[92.271,11.584],[92.263,11.59],[92.242,11.592],[92.231,11.587],[92.219,11.592]]],[[[92.54,11.603],[92.536,11.605],[92.532,11.595],[92.535,11.564],[92.53,11.554],[92.538,11.562],[92.554,11.562],[92.565,11.573],[92.562,11.584],[92.569,11.588],[92.567,11.592],[92.546,11.592],[92.548,11.599],[92.54,11.603]]],[[[92.7,11.664],[92.693,11.661],[92.701,11.659],[92.7,11.664]]],[[[92.762,11.67],[92.766,11.681],[92.76,11.677],[92.762,11.67]]],[[[93.083,11.78],[93.085,11.79],[93.078,11.781],[93.083,11.78]]],[[[93.021,11.843],[93.012,11.848],[93.015,11.829],[93.03,11.826],[93.05,11.812],[93.062,11.817],[93.072,11.836],[93.063,11.845],[93.036,11.836],[93.021,11.843]]],[[[92.597,11.905],[92.601,11.919],[92.596,11.915],[92.597,11.905]]],[[[92.566,11.95],[92.563,11.947],[92.569,11.944],[92.566,11.95]]],[[[92.732,11.954],[92.733,11.959],[92.723,11.953],[92.726,11.941],[92.732,11.945],[92.732,11.954]]],[[[92.75,11.968],[92.736,11.953],[92.746,11.945],[92.761,11.949],[92.767,11.956],[92.765,11.965],[92.75,11.968]]],[[[92.596,11.976],[92.589,11.975],[92.596,11.966],[92.599,11.928],[92.609,11.943],[92.596,11.976]]],[[[92.776,12.018],[92.771,12.018],[92.772,12.014],[92.776,12.018]]],[[[92.97,12.034],[92.965,12.05],[92.962,12.031],[92.951,12.013],[92.931,12.006],[92.926,11.996],[92.934,11.985],[92.96,11.981],[92.974,11.948],[92.985,11.945],[92.99,11.951],[92.997,11.947],[93,11.95],[92.995,11.94],[93.019,11.907],[93.025,11.888],[93.043,11.882],[93.052,11.891],[93.054,11.903],[93.037,11.947],[93.028,11.952],[93.007,12],[93.009,12.019],[92.999,12.034],[92.982,12.044],[92.975,12.042],[92.97,12.034]]],[[[92.991,12.109],[92.974,12.102],[92.966,12.109],[92.96,12.106],[92.961,12.093],[92.971,12.088],[92.961,12.083],[92.962,12.072],[92.975,12.066],[92.973,12.06],[92.98,12.051],[92.993,12.044],[93.001,12.051],[92.998,12.065],[93.005,12.103],[92.991,12.109]]],[[[92.949,12.116],[92.952,12.084],[92.958,12.099],[92.949,12.116]]],[[[93.121,12.148],[93.109,12.143],[93.116,12.13],[93.124,12.14],[93.118,12.144],[93.121,12.148]]],[[[93.028,12.157],[93.027,12.167],[93.007,12.146],[93.002,12.134],[93.004,12.113],[92.992,12.143],[92.985,12.148],[92.962,12.151],[92.956,12.142],[92.966,12.119],[92.981,12.112],[92.997,12.114],[93.001,12.107],[93.007,12.107],[93.007,12.076],[93.027,12.068],[93.046,12.045],[93.053,12.061],[93.054,12.076],[93.034,12.1],[93.035,12.125],[93.026,12.139],[93.028,12.157]]],[[[92.759,12.181],[92.759,12.167],[92.764,12.179],[92.759,12.181]]],[[[92.731,12.188],[92.725,12.186],[92.729,12.182],[92.731,12.188]]],[[[93.069,12.211],[93.044,12.159],[93.038,12.16],[93.043,12.156],[93.037,12.133],[93.049,12.12],[93.057,12.123],[93.05,12.115],[93.075,12.084],[93.086,12.09],[93.091,12.1],[93.093,12.123],[93.088,12.123],[93.088,12.13],[93.095,12.142],[93.084,12.156],[93.09,12.174],[93.087,12.193],[93.076,12.21],[93.069,12.211]]],[[[92.939,12.224],[92.928,12.222],[92.925,12.211],[92.933,12.196],[92.935,12.213],[92.942,12.217],[92.939,12.224]]],[[[92.701,12.236],[92.697,12.24],[92.689,12.235],[92.687,12.213],[92.684,12.208],[92.68,12.214],[92.678,12.204],[92.674,12.218],[92.655,12.182],[92.665,12.217],[92.662,12.216],[92.646,12.179],[92.632,12.123],[92.636,12.12],[92.624,12.103],[92.62,12.071],[92.626,12.061],[92.621,12.053],[92.628,12.043],[92.62,12.041],[92.623,12.028],[92.617,12.026],[92.613,12.007],[92.617,11.991],[92.612,11.984],[92.612,11.941],[92.606,11.923],[92.612,11.914],[92.611,11.871],[92.604,11.867],[92.604,11.858],[92.602,11.897],[92.594,11.899],[92.592,11.887],[92.587,11.888],[92.58,11.924],[92.573,11.927],[92.562,11.946],[92.555,11.925],[92.543,11.924],[92.534,11.912],[92.538,11.904],[92.527,11.895],[92.525,11.871],[92.514,11.848],[92.523,11.826],[92.537,11.839],[92.542,11.829],[92.546,11.835],[92.541,11.819],[92.549,11.816],[92.552,11.784],[92.559,11.773],[92.553,11.763],[92.552,11.721],[92.562,11.695],[92.565,11.692],[92.573,11.699],[92.574,11.716],[92.586,11.714],[92.588,11.718],[92.6,11.691],[92.591,11.669],[92.608,11.634],[92.631,11.628],[92.632,11.651],[92.638,11.646],[92.634,11.635],[92.644,11.636],[92.644,11.624],[92.636,11.616],[92.63,11.617],[92.628,11.626],[92.624,11.618],[92.608,11.62],[92.607,11.595],[92.619,11.583],[92.62,11.574],[92.618,11.563],[92.631,11.572],[92.633,11.579],[92.647,11.572],[92.642,11.56],[92.651,11.551],[92.644,11.541],[92.647,11.522],[92.667,11.504],[92.678,11.511],[92.699,11.507],[92.711,11.477],[92.718,11.502],[92.728,11.516],[92.724,11.529],[92.735,11.552],[92.73,11.559],[92.744,11.585],[92.741,11.593],[92.753,11.61],[92.752,11.633],[92.746,11.64],[92.758,11.651],[92.757,11.665],[92.748,11.668],[92.749,11.676],[92.731,11.674],[92.721,11.686],[92.715,11.678],[92.716,11.665],[92.73,11.659],[92.711,11.652],[92.712,11.644],[92.702,11.654],[92.695,11.653],[92.7,11.642],[92.693,11.636],[92.695,11.623],[92.688,11.641],[92.685,11.631],[92.681,11.637],[92.674,11.625],[92.666,11.654],[92.684,11.651],[92.685,11.661],[92.693,11.668],[92.708,11.67],[92.701,11.677],[92.703,11.696],[92.707,11.699],[92.696,11.701],[92.705,11.703],[92.702,11.707],[92.712,11.695],[92.718,11.706],[92.723,11.697],[92.731,11.698],[92.741,11.69],[92.745,11.692],[92.743,11.713],[92.755,11.701],[92.776,11.833],[92.786,11.855],[92.788,11.884],[92.779,11.892],[92.789,11.901],[92.783,11.905],[92.788,11.92],[92.784,11.936],[92.764,11.94],[92.746,11.932],[92.733,11.905],[92.732,11.857],[92.718,11.825],[92.71,11.815],[92.692,11.809],[92.692,11.814],[92.68,11.819],[92.696,11.813],[92.707,11.816],[92.724,11.851],[92.725,11.927],[92.721,11.934],[92.714,11.933],[92.719,11.962],[92.733,11.969],[92.73,11.975],[92.724,11.975],[92.728,11.995],[92.739,11.997],[92.735,11.977],[92.745,11.982],[92.748,11.978],[92.757,11.988],[92.752,11.992],[92.743,11.988],[92.743,11.994],[92.769,11.999],[92.766,12.012],[92.753,12.002],[92.747,12.017],[92.737,12.016],[92.74,12.019],[92.734,12.022],[92.742,12.029],[92.736,12.031],[92.739,12.041],[92.75,12.032],[92.753,12.034],[92.762,12.021],[92.765,12.026],[92.779,12.024],[92.777,12.04],[92.784,12.047],[92.778,12.051],[92.767,12.046],[92.76,12.056],[92.752,12.055],[92.758,12.066],[92.743,12.074],[92.735,12.065],[92.741,12.074],[92.736,12.085],[92.736,12.107],[92.755,12.153],[92.757,12.176],[92.737,12.182],[92.721,12.18],[92.714,12.165],[92.713,12.176],[92.704,12.165],[92.712,12.19],[92.707,12.198],[92.71,12.216],[92.701,12.236]]],[[[92.731,12.242],[92.722,12.233],[92.723,12.189],[92.731,12.193],[92.733,12.185],[92.747,12.18],[92.764,12.182],[92.768,12.201],[92.763,12.209],[92.762,12.229],[92.747,12.231],[92.745,12.227],[92.74,12.236],[92.738,12.228],[92.745,12.223],[92.745,12.21],[92.744,12.22],[92.739,12.224],[92.733,12.21],[92.73,12.226],[92.735,12.239],[92.731,12.242]]],[[[92.866,12.236],[92.866,12.251],[92.861,12.243],[92.866,12.236]]],[[[92.902,12.256],[92.887,12.252],[92.884,12.239],[92.88,12.24],[92.879,12.248],[92.871,12.245],[92.879,12.208],[92.883,12.224],[92.892,12.234],[92.901,12.228],[92.909,12.231],[92.913,12.223],[92.914,12.233],[92.902,12.256]]],[[[93.078,12.262],[93.071,12.258],[93.063,12.229],[93.083,12.222],[93.093,12.224],[93.091,12.215],[93.101,12.204],[93.106,12.26],[93.101,12.26],[93.096,12.243],[93.087,12.237],[93.084,12.259],[93.078,12.262]]],[[[93.03,12.28],[93.022,12.275],[93.027,12.274],[93.03,12.28]]],[[[92.75,12.288],[92.742,12.279],[92.74,12.282],[92.735,12.248],[92.743,12.255],[92.75,12.288]]],[[[92.737,12.285],[92.738,12.292],[92.736,12.282],[92.737,12.285]]],[[[92.767,12.27],[92.768,12.285],[92.763,12.294],[92.753,12.278],[92.763,12.266],[92.767,12.27]]],[[[92.711,12.296],[92.705,12.298],[92.701,12.267],[92.711,12.23],[92.724,12.291],[92.723,12.296],[92.711,12.296]]],[[[92.941,12.281],[92.933,12.289],[92.934,12.311],[92.929,12.304],[92.927,12.281],[92.913,12.293],[92.901,12.288],[92.901,12.271],[92.914,12.273],[92.913,12.263],[92.917,12.268],[92.917,12.263],[92.921,12.265],[92.919,12.239],[92.922,12.231],[92.929,12.238],[92.928,12.253],[92.942,12.275],[92.941,12.281]]],[[[92.777,12.31],[92.771,12.313],[92.768,12.298],[92.775,12.301],[92.782,12.285],[92.765,12.264],[92.751,12.274],[92.742,12.246],[92.748,12.244],[92.751,12.233],[92.77,12.237],[92.764,12.211],[92.77,12.201],[92.768,12.187],[92.739,12.095],[92.742,12.078],[92.757,12.074],[92.765,12.063],[92.782,12.08],[92.793,12.081],[92.795,12.096],[92.788,12.102],[92.799,12.109],[92.813,12.107],[92.812,12.118],[92.802,12.131],[92.815,12.132],[92.826,12.154],[92.819,12.158],[92.823,12.165],[92.836,12.167],[92.851,12.157],[92.855,12.189],[92.847,12.19],[92.847,12.198],[92.854,12.204],[92.875,12.193],[92.881,12.195],[92.881,12.201],[92.874,12.206],[92.872,12.226],[92.859,12.246],[92.865,12.251],[92.878,12.251],[92.889,12.266],[92.883,12.263],[92.88,12.278],[92.887,12.287],[92.87,12.29],[92.873,12.301],[92.866,12.301],[92.866,12.306],[92.83,12.3],[92.81,12.313],[92.796,12.304],[92.777,12.31]]],[[[93.073,12.319],[93.063,12.316],[93.073,12.315],[93.073,12.319]]],[[[93.84,12.321],[93.829,12.312],[93.851,12.287],[93.824,12.307],[93.815,12.285],[93.815,12.271],[93.827,12.245],[93.85,12.269],[93.832,12.241],[93.862,12.234],[93.859,12.265],[93.863,12.266],[93.868,12.234],[93.881,12.237],[93.872,12.268],[93.878,12.279],[93.875,12.288],[93.867,12.296],[93.858,12.293],[93.84,12.321]]],[[[92.912,12.338],[92.919,12.35],[92.915,12.355],[92.909,12.348],[92.912,12.338]]],[[[92.853,12.409],[92.844,12.404],[92.844,12.395],[92.86,12.388],[92.867,12.378],[92.873,12.384],[92.88,12.383],[92.884,12.374],[92.884,12.388],[92.894,12.398],[92.889,12.408],[92.881,12.398],[92.874,12.405],[92.853,12.409]]],[[[92.866,12.421],[92.861,12.413],[92.869,12.414],[92.866,12.421]]],[[[92.832,12.427],[92.834,12.417],[92.846,12.415],[92.832,12.427]]],[[[92.955,12.415],[92.961,12.42],[92.956,12.435],[92.949,12.429],[92.949,12.415],[92.94,12.422],[92.931,12.415],[92.925,12.392],[92.928,12.387],[92.919,12.375],[92.919,12.365],[92.932,12.359],[92.943,12.385],[92.944,12.403],[92.955,12.415]]],[[[92.679,12.541],[92.672,12.541],[92.669,12.534],[92.678,12.522],[92.685,12.539],[92.679,12.541]]],[[[92.725,12.762],[92.717,12.788],[92.715,12.778],[92.72,12.778],[92.718,12.771],[92.725,12.762]]],[[[92.711,12.829],[92.702,12.814],[92.701,12.801],[92.695,12.797],[92.709,12.774],[92.713,12.738],[92.708,12.72],[92.718,12.719],[92.719,12.75],[92.723,12.743],[92.726,12.749],[92.712,12.777],[92.715,12.827],[92.711,12.829]]],[[[92.729,12.864],[92.72,12.864],[92.71,12.834],[92.719,12.835],[92.729,12.864]]],[[[92.765,12.855],[92.766,12.873],[92.761,12.868],[92.765,12.855]]],[[[92.786,12.893],[92.782,12.885],[92.786,12.882],[92.792,12.891],[92.786,12.893]]],[[[92.755,12.913],[92.754,12.893],[92.75,12.897],[92.748,12.893],[92.753,12.889],[92.757,12.894],[92.755,12.913]]],[[[92.795,12.911],[92.792,12.917],[92.775,12.912],[92.774,12.906],[92.781,12.902],[92.789,12.905],[92.783,12.896],[92.793,12.892],[92.8,12.898],[92.795,12.911]]],[[[92.935,12.918],[92.931,12.919],[92.934,12.913],[92.935,12.918]]],[[[92.767,12.925],[92.762,12.922],[92.764,12.917],[92.767,12.925]]],[[[92.899,12.916],[92.898,12.927],[92.896,12.899],[92.872,12.892],[92.874,12.881],[92.842,12.876],[92.842,12.891],[92.831,12.885],[92.824,12.895],[92.811,12.897],[92.792,12.89],[92.793,12.863],[92.783,12.86],[92.781,12.848],[92.78,12.862],[92.769,12.862],[92.769,12.851],[92.776,12.841],[92.774,12.831],[92.784,12.824],[92.786,12.811],[92.782,12.807],[92.78,12.825],[92.775,12.829],[92.773,12.832],[92.774,12.841],[92.761,12.859],[92.758,12.847],[92.745,12.839],[92.743,12.824],[92.74,12.836],[92.738,12.81],[92.732,12.835],[92.724,12.827],[92.721,12.788],[92.731,12.743],[92.746,12.722],[92.74,12.714],[92.743,12.699],[92.73,12.698],[92.728,12.693],[92.736,12.685],[92.733,12.674],[92.769,12.672],[92.784,12.694],[92.786,12.705],[92.779,12.713],[92.787,12.707],[92.789,12.674],[92.78,12.653],[92.78,12.631],[92.786,12.626],[92.785,12.619],[92.786,12.625],[92.78,12.63],[92.78,12.637],[92.778,12.632],[92.777,12.636],[92.777,12.667],[92.753,12.671],[92.734,12.657],[92.736,12.64],[92.725,12.627],[92.72,12.643],[92.715,12.643],[92.704,12.608],[92.702,12.613],[92.692,12.608],[92.687,12.616],[92.684,12.608],[92.687,12.601],[92.707,12.597],[92.705,12.565],[92.709,12.556],[92.7,12.544],[92.694,12.516],[92.709,12.493],[92.7,12.467],[92.707,12.452],[92.698,12.421],[92.698,12.389],[92.706,12.371],[92.7,12.366],[92.699,12.328],[92.709,12.328],[92.707,12.317],[92.72,12.3],[92.732,12.302],[92.736,12.309],[92.736,12.301],[92.755,12.296],[92.764,12.312],[92.765,12.303],[92.772,12.32],[92.795,12.306],[92.81,12.315],[92.832,12.303],[92.857,12.314],[92.872,12.318],[92.878,12.313],[92.886,12.323],[92.895,12.32],[92.897,12.326],[92.89,12.325],[92.889,12.331],[92.88,12.334],[92.882,12.344],[92.896,12.336],[92.89,12.35],[92.879,12.358],[92.873,12.353],[92.869,12.362],[92.86,12.363],[92.86,12.372],[92.839,12.395],[92.842,12.406],[92.834,12.409],[92.83,12.428],[92.805,12.439],[92.797,12.436],[92.794,12.438],[92.798,12.464],[92.791,12.47],[92.8,12.464],[92.797,12.438],[92.804,12.44],[92.818,12.434],[92.82,12.438],[92.846,12.423],[92.865,12.426],[92.875,12.414],[92.886,12.423],[92.899,12.416],[92.888,12.434],[92.849,12.459],[92.842,12.471],[92.843,12.479],[92.836,12.486],[92.838,12.491],[92.829,12.496],[92.835,12.495],[92.844,12.481],[92.844,12.469],[92.854,12.458],[92.87,12.446],[92.886,12.454],[92.878,12.445],[92.909,12.421],[92.907,12.408],[92.915,12.406],[92.924,12.435],[92.915,12.444],[92.941,12.449],[92.944,12.461],[92.958,12.468],[92.959,12.473],[92.953,12.476],[92.931,12.466],[92.935,12.47],[92.932,12.481],[92.94,12.483],[92.947,12.499],[92.959,12.487],[92.968,12.497],[92.966,12.514],[92.976,12.542],[92.957,12.593],[92.957,12.623],[92.965,12.68],[92.963,12.698],[92.971,12.711],[92.981,12.71],[92.977,12.718],[92.966,12.723],[92.969,12.74],[92.962,12.753],[92.95,12.761],[92.95,12.77],[92.939,12.768],[92.934,12.774],[92.935,12.782],[92.949,12.793],[92.954,12.807],[92.944,12.827],[92.948,12.837],[92.94,12.841],[92.941,12.856],[92.93,12.859],[92.928,12.884],[92.92,12.888],[92.905,12.885],[92.91,12.904],[92.922,12.912],[92.91,12.909],[92.899,12.916]]],[[[92.774,12.931],[92.77,12.929],[92.772,12.918],[92.774,12.931]]],[[[92.877,12.932],[92.86,12.933],[92.865,12.917],[92.873,12.916],[92.875,12.927],[92.881,12.921],[92.886,12.923],[92.884,12.93],[92.877,12.932]]],[[[92.766,12.933],[92.761,12.933],[92.763,12.926],[92.766,12.933]]],[[[92.696,12.992],[92.684,12.987],[92.67,12.962],[92.669,12.951],[92.68,12.948],[92.67,12.918],[92.637,12.92],[92.637,12.913],[92.671,12.912],[92.665,12.881],[92.63,12.883],[92.663,12.879],[92.648,12.861],[92.666,12.812],[92.665,12.798],[92.66,12.796],[92.667,12.791],[92.668,12.783],[92.675,12.808],[92.689,12.817],[92.685,12.829],[92.676,12.823],[92.675,12.836],[92.69,12.834],[92.701,12.841],[92.703,12.853],[92.72,12.874],[92.709,12.884],[92.718,12.881],[92.721,12.888],[92.723,12.905],[92.716,12.923],[92.722,12.927],[92.722,12.945],[92.714,12.945],[92.72,12.978],[92.711,12.988],[92.696,12.992]]],[[[93.007,12.997],[92.994,12.991],[92.986,12.993],[92.989,12.984],[92.972,12.969],[92.964,12.978],[92.969,12.983],[92.96,12.989],[92.953,12.98],[92.963,12.968],[92.959,12.965],[92.954,12.968],[92.955,12.96],[92.973,12.955],[92.974,12.945],[92.96,12.949],[92.952,12.941],[92.969,12.944],[92.974,12.935],[92.983,12.934],[92.98,12.948],[92.988,12.956],[92.98,12.96],[92.979,12.967],[93.007,12.997]]],[[[92.926,13.024],[92.923,13.029],[92.916,13.015],[92.921,13.001],[92.942,12.995],[92.94,13.025],[92.926,13.024]]],[[[92.719,13.099],[92.696,13.095],[92.701,13.071],[92.706,13.07],[92.705,13.082],[92.721,13.095],[92.719,13.099]]],[[[93.075,13.303],[93.073,13.298],[93.079,13.3],[93.075,13.303]]],[[[93.019,13.33],[93.015,13.33],[93.016,13.316],[93.01,13.317],[93.009,13.311],[93.022,13.303],[93.02,13.316],[93.025,13.328],[93.019,13.33]]],[[[92.813,13.42],[92.815,13.403],[92.819,13.416],[92.813,13.42]]],[[[93.094,13.418],[93.087,13.416],[93.089,13.41],[93.094,13.418]]],[[[93.072,13.426],[93.073,13.431],[93.068,13.424],[93.069,13.413],[93.072,13.426]]],[[[93.099,13.436],[93.099,13.431],[93.104,13.43],[93.099,13.436]]],[[[92.843,13.441],[92.842,13.445],[92.84,13.44],[92.822,13.437],[92.822,13.421],[92.832,13.419],[92.842,13.426],[92.846,13.431],[92.843,13.441]]],[[[94.273,13.464],[94.263,13.464],[94.249,13.446],[94.256,13.43],[94.263,13.43],[94.275,13.441],[94.278,13.462],[94.273,13.464]]],[[[92.874,13.512],[92.867,13.509],[92.871,13.502],[92.874,13.512]]],[[[92.919,13.516],[92.914,13.508],[92.921,13.513],[92.919,13.516]]],[[[92.91,13.537],[92.906,13.53],[92.912,13.533],[92.91,13.537]]],[[[93.057,13.566],[93.052,13.565],[93.054,13.56],[93.057,13.566]]],[[[93.029,13.573],[93.027,13.579],[93.016,13.571],[93.014,13.544],[93.01,13.542],[93.003,13.561],[92.988,13.573],[92.981,13.552],[92.992,13.536],[92.989,13.528],[92.976,13.528],[92.965,13.544],[92.951,13.543],[92.947,13.537],[92.918,13.536],[92.914,13.526],[92.928,13.52],[92.923,13.513],[92.929,13.502],[92.923,13.496],[92.92,13.501],[92.904,13.497],[92.899,13.476],[92.887,13.478],[92.872,13.471],[92.876,13.46],[92.873,13.448],[92.881,13.444],[92.884,13.43],[92.87,13.425],[92.868,13.419],[92.875,13.408],[92.872,13.412],[92.868,13.402],[92.85,13.412],[92.843,13.402],[92.847,13.39],[92.859,13.385],[92.864,13.39],[92.867,13.386],[92.851,13.371],[92.845,13.377],[92.839,13.375],[92.835,13.338],[92.826,13.327],[92.831,13.316],[92.822,13.31],[92.842,13.302],[92.836,13.294],[92.839,13.287],[92.825,13.289],[92.823,13.277],[92.827,13.266],[92.833,13.269],[92.839,13.259],[92.848,13.262],[92.854,13.257],[92.85,13.239],[92.844,13.237],[92.836,13.244],[92.828,13.237],[92.826,13.224],[92.829,13.224],[92.824,13.217],[92.832,13.213],[92.818,13.202],[92.819,13.195],[92.824,13.193],[92.819,13.184],[92.836,13.174],[92.815,13.174],[92.81,13.153],[92.822,13.145],[92.829,13.149],[92.842,13.146],[92.847,13.139],[92.84,13.136],[92.842,13.127],[92.835,13.13],[92.832,13.125],[92.83,13.132],[92.823,13.134],[92.81,13.127],[92.816,13.115],[92.825,13.114],[92.821,13.108],[92.822,13.096],[92.814,13.104],[92.808,13.099],[92.805,13.086],[92.81,13.075],[92.803,13.077],[92.801,13.091],[92.797,13.089],[92.795,13.031],[92.788,13.018],[92.791,13.012],[92.804,13.012],[92.806,13.007],[92.825,13.013],[92.819,13.001],[92.809,12.998],[92.818,12.987],[92.806,12.983],[92.8,12.992],[92.794,12.986],[92.797,12.965],[92.792,12.967],[92.792,12.956],[92.802,12.939],[92.794,12.93],[92.794,12.914],[92.803,12.899],[92.825,12.897],[92.83,12.886],[92.843,12.892],[92.843,12.876],[92.873,12.883],[92.87,12.891],[92.876,12.908],[92.859,12.903],[92.854,12.927],[92.858,12.935],[92.869,12.935],[92.877,12.944],[92.873,12.95],[92.882,12.983],[92.888,12.983],[92.897,12.995],[92.899,12.987],[92.907,12.985],[92.908,12.951],[92.913,12.946],[92.919,12.96],[92.928,12.958],[92.939,12.971],[92.937,12.981],[92.931,12.98],[92.933,12.989],[92.919,12.987],[92.916,13.001],[92.908,13],[92.902,13.022],[92.916,13.054],[92.898,13.058],[92.888,13.046],[92.894,13.057],[92.899,13.059],[92.911,13.061],[92.915,13.07],[92.922,13.057],[92.934,13.061],[92.937,13.085],[92.943,13.055],[92.935,13.051],[92.935,13.043],[92.96,13.015],[92.975,13.013],[92.969,13.018],[92.966,13.035],[92.982,13.024],[92.99,13.026],[92.995,13.035],[93.004,13.029],[93.013,13.048],[93.021,13.05],[93.028,13.063],[93.027,13.077],[93.035,13.081],[93.031,13.128],[93.037,13.139],[93.037,13.171],[93.032,13.179],[93.046,13.21],[93.043,13.223],[93.056,13.233],[93.058,13.256],[93.067,13.273],[93.046,13.259],[93.04,13.27],[93.046,13.282],[93.033,13.276],[93.026,13.284],[93.012,13.277],[93.017,13.29],[93.013,13.295],[93.022,13.295],[93.007,13.309],[93.009,13.32],[93,13.311],[92.978,13.324],[92.965,13.325],[92.954,13.333],[92.951,13.344],[92.969,13.361],[92.971,13.349],[92.977,13.349],[92.98,13.335],[92.987,13.329],[92.99,13.342],[93.003,13.353],[93.033,13.345],[93.041,13.352],[93.035,13.36],[93.042,13.367],[93.039,13.361],[93.046,13.346],[93.04,13.323],[93.046,13.321],[93.06,13.329],[93.066,13.303],[93.076,13.329],[93.091,13.336],[93.088,13.343],[93.079,13.341],[93.078,13.348],[93.072,13.347],[93.055,13.382],[93.049,13.374],[93.028,13.373],[93.049,13.374],[93.053,13.391],[93.067,13.395],[93.071,13.406],[93.06,13.399],[93.061,13.421],[93.045,13.404],[93.045,13.411],[93.036,13.417],[93.041,13.426],[93.033,13.425],[93.021,13.431],[93.035,13.435],[93.034,13.457],[93.019,13.465],[93.034,13.466],[93.045,13.525],[93.029,13.573]]],[[[92.897,13.602],[92.881,13.583],[92.885,13.574],[92.904,13.596],[92.897,13.602]]],[[[93.064,13.654],[93.056,13.654],[93.043,13.637],[93.047,13.621],[93.055,13.643],[93.067,13.651],[93.064,13.654]]],[[[93.016,13.676],[93.006,13.668],[93.003,13.671],[92.982,13.665],[92.977,13.655],[92.986,13.643],[93.001,13.649],[93.015,13.644],[93.018,13.633],[93.028,13.627],[93.032,13.634],[93.022,13.67],[93.016,13.676]]],[[[93.224,14.016],[93.22,14.014],[93.218,13.977],[93.223,13.972],[93.231,13.975],[93.232,13.983],[93.224,14.016]]],[[[93.366,14.156],[93.353,14.146],[93.364,14.097],[93.352,14.077],[93.364,14.059],[93.378,14.121],[93.37,14.143],[93.379,14.147],[93.368,14.148],[93.366,14.156]]],[[[93.37,14.193],[93.36,14.187],[93.367,14.179],[93.37,14.193]]],[[[93.641,14.902],[93.625,14.898],[93.613,14.874],[93.609,14.846],[93.612,14.836],[93.612,14.846],[93.622,14.865],[93.636,14.874],[93.641,14.902]]]]},"properties":{"ID_0":105,"ISO":"IND","NAME_0":"India","ID_1":1,"NAME_1":"Andaman and Nicobar"}},
{"type":"Feature","geometry":{"type":"Polygon","coordinates":[[[77.509,15.921],[77.588,15.907],[77.606,15.912],[77.64,15.883],[77.659,15.877],[77.692,15.875],[77.716,15.887],[77.799,15.865],[77.834,15.876],[77.85,15.874],[77.867,15.892],[77.888,15.896],[77.928,15.877],[77.973,15.874],[78.002,15.859],[78.017,15.895],[78.036,15.902],[78.041,15.872],[78.049,15.871],[78.064,15.845],[78.11,15.827],[78.127,15.835],[78.126,15.849],[78.165,15.849],[78.181,15.888],[78.18,15.9],[78.205,15.917],[78.238,15.929],[78.26,15.995],[78.251,16.026],[78.257,16.031],[78.268,16.035],[78.292,16.028],[78.316,16.029],[78.34,16.053],[78.37,16.06],[78.406,16.081],[78.451,16.081],[78.559,16.056],[78.604,16.096],[78.617,16.099],[78.636,16.091],[78.675,16.049],[78.714,16.027],[78.739,16.021],[78.775,16.024],[78.808,16.046],[78.837,16.087],[78.84,16.103],[78.83,16.142],[78.838,16.157],[78.856,16.159],[78.863,16.153],[78.873,16.11],[78.889,16.099],[78.901,16.098],[78.91,16.105],[78.922,16.122],[78.906,16.165],[78.905,16.182],[78.908,16.191],[78.925,16.202],[79.031,16.246],[79.069,16.238],[79.133,16.236],[79.151,16.225],[79.177,16.217],[79.219,16.24],[79.225,16.25],[79.23,16.3],[79.228,16.337],[79.211,16.363],[79.213,16.394],[79.219,16.438],[79.226,16.453],[79.236,16.459],[79.224,16.492],[79.225,16.508],[79.23,16.519],[79.261,16.546],[79.266,16.561],[79.333,16.579],[79.427,16.583],[79.443,16.594],[79.451,16.609],[79.497,16.631],[79.554,16.635],[79.6,16.663],[79.648,16.662],[79.669,16.684],[79.683,16.69],[79.723,16.693],[79.734,16.698],[79.75,16.72],[79.775,16.73],[79.81,16.69],[79.862,16.698],[79.873,16.689],[79.891,16.65],[79.902,16.638],[79.924,16.631],[79.943,16.633],[79.958,16.642],[79.992,16.693],[80.048,16.745],[80.052,16.771],[80.07,16.814],[80.042,16.826],[80.033,16.852],[80.014,16.853],[79.992,16.863],[80.01,16.907],[80.037,16.936],[80.046,16.965],[80.084,16.963],[80.088,16.987],[80.106,16.981],[80.12,16.987],[80.134,16.985],[80.142,17.001],[80.182,17.045],[80.194,17.043],[80.196,17.018],[80.201,17.013],[80.218,17.02],[80.236,17.002],[80.262,17.011],[80.301,16.956],[80.308,16.924],[80.315,16.912],[80.319,16.871],[80.337,16.867],[80.335,16.856],[80.359,16.855],[80.373,16.811],[80.399,16.832],[80.4,16.85],[80.419,16.842],[80.423,16.829],[80.453,16.815],[80.456,16.79],[80.471,16.788],[80.49,16.776],[80.511,16.77],[80.563,16.763],[80.569,16.771],[80.604,16.788],[80.586,16.807],[80.556,16.818],[80.555,16.825],[80.564,16.843],[80.565,16.869],[80.587,16.874],[80.581,16.897],[80.59,16.912],[80.584,16.927],[80.569,16.927],[80.532,16.95],[80.521,16.936],[80.491,16.948],[80.488,16.917],[80.443,16.945],[80.358,16.971],[80.37,16.983],[80.371,16.996],[80.386,17.003],[80.389,17.014],[80.378,17.023],[80.378,17.034],[80.367,17.057],[80.395,17.078],[80.401,17.054],[80.414,17.042],[80.421,17.025],[80.446,17.017],[80.453,17.037],[80.472,17.038],[80.482,17.05],[80.496,17.108],[80.519,17.108],[80.549,17.124],[80.56,17.138],[80.573,17.135],[80.604,17.116],[80.63,17.11],[80.625,17.102],[80.657,17.088],[80.638,17.072],[80.634,17.059],[80.64,17.055],[80.676,17.061],[80.684,17.069],[80.726,17.065],[80.747,17.055],[80.823,17.038],[80.832,17.026],[80.845,17.033],[80.859,17.051],[80.856,17.069],[80.864,17.096],[80.855,17.111],[80.867,17.125],[80.87,17.146],[80.896,17.141],[80.913,17.146],[80.915,17.17],[80.908,17.178],[80.905,17.201],[80.931,17.205],[80.956,17.188],[80.991,17.18],[81.026,17.187],[81.044,17.205],[81.047,17.214],[81.062,17.204],[81.118,17.225],[81.163,17.233],[81.181,17.255],[81.171,17.267],[81.171,17.296],[81.182,17.322],[81.19,17.327],[81.267,17.32],[81.289,17.338],[81.325,17.391],[81.337,17.39],[81.35,17.369],[81.372,17.357],[81.385,17.355],[81.416,17.362],[81.42,17.372],[81.442,17.382],[81.493,17.449],[81.499,17.532],[81.524,17.57],[81.503,17.59],[81.512,17.61],[81.534,17.63],[81.571,17.688],[81.577,17.726],[81.609,17.744],[81.623,17.763],[81.685,17.771],[81.698,17.784],[81.704,17.8],[81.73,17.819],[81.753,17.818],[81.764,17.83],[81.782,17.832],[81.794,17.844],[81.793,17.853],[81.758,17.893],[81.703,17.861],[81.688,17.885],[81.678,17.878],[81.663,17.877],[81.649,17.862],[81.643,17.839],[81.611,17.815],[81.569,17.828],[81.554,17.816],[81.481,17.803],[81.47,17.823],[81.459,17.825],[81.438,17.815],[81.419,17.821],[81.409,17.805],[81.385,17.807],[81.326,17.812],[81.254,17.812],[81.192,17.847],[81.16,17.853],[81.089,17.811],[81.074,17.786],[81.056,17.783],[81.032,17.79],[81.013,17.817],[81.004,17.838],[80.994,17.914],[80.985,17.923],[80.962,18.032],[80.966,18.043],[80.944,18.081],[80.95,18.098],[80.949,18.123],[80.973,18.144],[80.974,18.168],[80.954,18.167],[80.932,18.149],[80.901,18.135],[80.862,18.133],[80.856,18.143],[80.848,18.198],[80.861,18.199],[80.867,18.207],[80.859,18.226],[80.83,18.234],[80.819,18.231],[80.817,18.225],[80.818,18.187],[80.798,18.166],[80.762,18.163],[80.745,18.165],[80.735,18.172],[80.733,18.219],[80.784,18.243],[80.788,18.25],[80.745,18.302],[80.743,18.322],[80.726,18.35],[80.724,18.372],[80.716,18.383],[80.729,18.404],[80.727,18.409],[80.713,18.406],[80.691,18.419],[80.699,18.436],[80.651,18.472],[80.635,18.499],[80.633,18.519],[80.614,18.526],[80.596,18.549],[80.532,18.586],[80.514,18.613],[80.498,18.618],[80.488,18.627],[80.463,18.623],[80.45,18.626],[80.416,18.609],[80.402,18.607],[80.382,18.594],[80.367,18.605],[80.353,18.591],[80.339,18.588],[80.319,18.622],[80.296,18.686],[80.268,18.718],[80.247,18.701],[80.225,18.696],[80.214,18.701],[80.202,18.697],[80.189,18.676],[80.171,18.677],[80.158,18.696],[80.111,18.676],[80.062,18.717],[80.046,18.721],[80.033,18.746],[80.019,18.751],[80.012,18.767],[79.932,18.784],[79.916,18.797],[79.894,18.831],[79.926,18.838],[79.939,18.859],[79.941,18.938],[79.931,18.975],[79.934,19.022],[79.926,19.042],[79.916,19.047],[79.891,19.045],[79.86,19.035],[79.858,19.104],[79.871,19.123],[79.906,19.142],[79.926,19.161],[79.941,19.164],[79.943,19.171],[79.923,19.203],[79.92,19.226],[79.945,19.284],[79.962,19.297],[79.957,19.335],[79.973,19.401],[79.946,19.441],[79.94,19.465],[79.911,19.492],[79.87,19.505],[79.828,19.537],[79.817,19.569],[79.793,19.58],[79.785,19.594],[79.74,19.603],[79.713,19.583],[79.64,19.575],[79.616,19.559],[79.598,19.504],[79.583,19.503],[79.552,19.52],[79.543,19.549],[79.515,19.542],[79.513,19.518],[79.47,19.497],[79.458,19.519],[79.441,19.534],[79.414,19.533],[79.371,19.562],[79.369,19.571],[79.33,19.574],[79.314,19.566],[79.305,19.59],[79.244,19.613],[79.237,19.609],[79.238,19.6],[79.25,19.578],[79.24,19.559],[79.237,19.527],[79.216,19.511],[79.207,19.492],[79.223,19.468],[79.189,19.459],[79.178,19.461],[79.14,19.501],[79.105,19.513],[79.103,19.528],[79.063,19.531],[79.052,19.545],[79.018,19.54],[78.993,19.562],[78.978,19.551],[78.955,19.552],[78.95,19.557],[78.981,19.585],[78.966,19.605],[78.963,19.617],[78.969,19.649],[78.954,19.663],[78.935,19.662],[78.916,19.668],[78.891,19.655],[78.859,19.656],[78.863,19.697],[78.846,19.758],[78.838,19.762],[78.808,19.758],[78.785,19.779],[78.763,19.776],[78.738,19.779],[78.716,19.767],[78.696,19.79],[78.635,19.804],[78.604,19.818],[78.585,19.812],[78.526,19.822],[78.512,19.814],[78.504,19.792],[78.494,19.793],[78.476,19.816],[78.429,19.823],[78.398,19.836],[78.386,19.853],[78.384,19.879],[78.336,19.883],[78.323,19.895],[78.335,19.91],[78.328,19.916],[78.32,19.915],[78.308,19.908],[78.294,19.85],[78.339,19.839],[78.336,19.819],[78.36,19.806],[78.368,19.781],[78.353,19.738],[78.345,19.734],[78.345,19.714],[78.323,19.704],[78.316,19.691],[78.286,19.69],[78.27,19.663],[78.288,19.654],[78.311,19.604],[78.311,19.572],[78.3,19.567],[78.297,19.558],[78.279,19.558],[78.295,19.537],[78.299,19.504],[78.31,19.486],[78.309,19.456],[78.297,19.449],[78.273,19.454],[78.252,19.43],[78.224,19.434],[78.198,19.407],[78.182,19.412],[78.188,19.396],[78.18,19.353],[78.197,19.332],[78.193,19.303],[78.183,19.279],[78.186,19.249],[78.183,19.242],[78.17,19.236],[78.15,19.23],[78.127,19.246],[78.099,19.245],[78.082,19.255],[78.075,19.247],[78.051,19.242],[78.046,19.271],[78.033,19.274],[78.018,19.296],[77.985,19.309],[77.949,19.341],[77.941,19.343],[77.912,19.318],[77.893,19.321],[77.888,19.312],[77.861,19.302],[77.862,19.284],[77.901,19.277],[77.906,19.267],[77.9,19.256],[77.885,19.26],[77.867,19.255],[77.862,19.226],[77.847,19.197],[77.845,19.188],[77.858,19.181],[77.853,19.177],[77.849,19.155],[77.831,19.136],[77.845,19.114],[77.848,19.09],[77.829,19.085],[77.815,19.104],[77.803,19.102],[77.801,19.084],[77.794,19.071],[77.797,19.051],[77.762,19.062],[77.757,19.029],[77.765,19.015],[77.767,18.981],[77.782,18.976],[77.787,18.984],[77.817,18.982],[77.813,18.949],[77.827,18.946],[77.83,18.95],[77.854,18.952],[77.84,18.911],[77.857,18.906],[77.882,18.909],[77.888,18.885],[77.899,18.884],[77.899,18.868],[77.925,18.859],[77.925,18.854],[77.932,18.851],[77.93,18.846],[77.944,18.842],[77.943,18.822],[77.929,18.822],[77.908,18.83],[77.837,18.807],[77.803,18.729],[77.802,18.716],[77.787,18.694],[77.786,18.684],[77.769,18.691],[77.764,18.708],[77.758,18.707],[77.749,18.69],[77.733,18.676],[77.728,18.664],[77.733,18.662],[77.73,18.643],[77.748,18.605],[77.737,18.555],[77.712,18.554],[77.676,18.541],[77.658,18.527],[77.645,18.536],[77.652,18.55],[77.649,18.553],[77.64,18.554],[77.634,18.545],[77.629,18.551],[77.616,18.549],[77.613,18.542],[77.611,18.548],[77.597,18.548],[77.593,18.523],[77.601,18.522],[77.587,18.51],[77.586,18.503],[77.603,18.491],[77.601,18.474],[77.593,18.474],[77.591,18.481],[77.577,18.484],[77.571,18.467],[77.546,18.463],[77.55,18.458],[77.584,18.454],[77.585,18.445],[77.56,18.435],[77.535,18.442],[77.528,18.44],[77.526,18.427],[77.555,18.418],[77.549,18.388],[77.521,18.365],[77.52,18.349],[77.527,18.339],[77.553,18.331],[77.567,18.318],[77.57,18.308],[77.55,18.291],[77.561,18.283],[77.571,18.29],[77.603,18.278],[77.573,18.241],[77.585,18.217],[77.574,18.2],[77.564,18.201],[77.564,18.19],[77.57,18.189],[77.579,18.162],[77.598,18.152],[77.594,18.128],[77.601,18.099],[77.597,18.084],[77.567,18.076],[77.557,18.062],[77.547,18.064],[77.546,18.054],[77.552,18.047],[77.553,18.035],[77.585,18.025],[77.592,18.01],[77.607,18.018],[77.629,17.993],[77.638,17.997],[77.646,17.993],[77.649,17.978],[77.644,17.973],[77.653,17.969],[77.644,17.963],[77.644,17.946],[77.632,17.954],[77.63,17.963],[77.624,17.958],[77.629,17.949],[77.617,17.938],[77.617,17.903],[77.585,17.908],[77.583,17.898],[77.598,17.877],[77.597,17.87],[77.581,17.876],[77.573,17.873],[77.55,17.818],[77.545,17.817],[77.544,17.826],[77.526,17.827],[77.526,17.812],[77.511,17.801],[77.504,17.783],[77.523,17.78],[77.554,17.761],[77.566,17.764],[77.562,17.747],[77.539,17.725],[77.528,17.727],[77.505,17.715],[77.494,17.716],[77.484,17.704],[77.472,17.704],[77.45,17.691],[77.445,17.648],[77.453,17.631],[77.447,17.607],[77.441,17.604],[77.44,17.581],[77.461,17.577],[77.474,17.565],[77.49,17.566],[77.502,17.541],[77.527,17.573],[77.537,17.571],[77.548,17.549],[77.59,17.563],[77.592,17.533],[77.617,17.529],[77.621,17.522],[77.657,17.521],[77.666,17.51],[77.686,17.506],[77.684,17.473],[77.648,17.481],[77.653,17.503],[77.644,17.495],[77.64,17.476],[77.611,17.47],[77.611,17.444],[77.596,17.443],[77.573,17.454],[77.573,17.43],[77.533,17.441],[77.51,17.427],[77.511,17.413],[77.536,17.404],[77.521,17.386],[77.53,17.378],[77.528,17.372],[77.521,17.362],[77.499,17.354],[77.474,17.359],[77.472,17.363],[77.479,17.37],[77.452,17.37],[77.45,17.35],[77.456,17.345],[77.455,17.338],[77.45,17.315],[77.434,17.288],[77.453,17.287],[77.455,17.276],[77.423,17.253],[77.415,17.23],[77.405,17.237],[77.38,17.22],[77.385,17.213],[77.399,17.209],[77.393,17.207],[77.391,17.192],[77.371,17.19],[77.365,17.165],[77.36,17.162],[77.367,17.151],[77.375,17.149],[77.376,17.138],[77.399,17.132],[77.404,17.123],[77.424,17.114],[77.439,17.115],[77.463,17.104],[77.46,17.093],[77.477,17.076],[77.478,17.061],[77.492,17.039],[77.492,17.022],[77.499,17.007],[77.483,16.999],[77.478,16.99],[77.479,16.968],[77.464,16.953],[77.468,16.917],[77.453,16.909],[77.452,16.882],[77.458,16.879],[77.46,16.855],[77.457,16.824],[77.463,16.805],[77.472,16.796],[77.471,16.779],[77.438,16.783],[77.435,16.75],[77.423,16.715],[77.437,16.708],[77.445,16.714],[77.467,16.712],[77.465,16.678],[77.462,16.672],[77.446,16.674],[77.437,16.667],[77.417,16.663],[77.417,16.655],[77.436,16.643],[77.433,16.638],[77.444,16.636],[77.461,16.649],[77.469,16.647],[77.454,16.614],[77.454,16.607],[77.464,16.605],[77.464,16.595],[77.459,16.592],[77.464,16.584],[77.437,16.581],[77.417,16.564],[77.391,16.565],[77.39,16.56],[77.402,16.547],[77.416,16.544],[77.415,16.518],[77.412,16.514],[77.379,16.511],[77.369,16.502],[77.366,16.484],[77.324,16.481],[77.297,16.491],[77.292,16.474],[77.252,16.468],[77.239,16.473],[77.235,16.468],[77.258,16.447],[77.264,16.43],[77.285,16.403],[77.333,16.388],[77.343,16.38],[77.373,16.38],[77.412,16.363],[77.428,16.365],[77.438,16.374],[77.494,16.376],[77.519,16.37],[77.555,16.342],[77.572,16.336],[77.592,16.338],[77.584,16.328],[77.591,16.312],[77.59,16.287],[77.581,16.286],[77.565,16.298],[77.543,16.287],[77.534,16.263],[77.519,16.271],[77.501,16.268],[77.499,16.258],[77.488,16.25],[77.489,16.224],[77.511,16.223],[77.511,16.217],[77.495,16.213],[77.495,16.187],[77.484,16.159],[77.488,16.147],[77.487,16.116],[77.509,16.104],[77.498,16.097],[77.493,16.084],[77.503,16.073],[77.491,16.031],[77.502,16.006],[77.51,16.002],[77.506,15.973],[77.516,15.957],[77.509,15.921]]]},"properties":{"ID_0":105,"ISO":"IND","NAME_0":"India","ID_1":36,"NAME_1":"Telangana"}},
{"type":"Feature","geometry":{"type":"MultiPolygon","coordinates":[[[[80.232,13.495],[80.23,13.491],[80.235,13.492],[80.232,13.495]]],[[[80.193,13.521],[80.188,13.52],[80.188,13.515],[80.197,13.513],[80.193,13.521]]],[[[80.149,13.618],[80.139,13.607],[80.12,13.606],[80.127,13.588],[80.13,13.595],[80.125,13.602],[80.158,13.591],[80.138,13.591],[80.127,13.585],[80.14,13.566],[80.137,13.553],[80.142,13.545],[80.154,13.556],[80.16,13.581],[80.168,13.59],[80.162,13.596],[80.162,13.607],[80.147,13.611],[80.149,13.618]]],[[[80.107,13.653],[80.101,13.637],[80.108,13.647],[80.107,13.653]]],[[[80.103,13.678],[80.104,13.668],[80.106,13.677],[80.103,13.678]]],[[[80.783,15.838],[80.792,15.824],[80.791,15.831],[80.783,15.838]]],[[[80.773,15.862],[80.772,15.856],[80.78,15.843],[80.773,15.862]]],[[[81.542,16.355],[81.513,16.35],[81.547,16.349],[81.542,16.355]]],[[[82.332,16.725],[82.327,16.722],[82.329,16.714],[82.317,16.705],[82.285,16.698],[82.259,16.69],[82.266,16.672],[82.256,16.658],[82.257,16.651],[82.268,16.643],[82.284,16.643],[82.297,16.613],[82.312,16.602],[82.319,16.621],[82.31,16.651],[82.318,16.629],[82.318,16.651],[82.327,16.669],[82.368,16.723],[82.358,16.728],[82.365,16.722],[82.359,16.712],[82.34,16.718],[82.343,16.71],[82.348,16.712],[82.353,16.707],[82.336,16.691],[82.335,16.699],[82.345,16.705],[82.332,16.725]]],[[[82.3,16.714],[82.312,16.725],[82.312,16.733],[82.343,16.738],[82.343,16.765],[82.355,16.818],[82.348,16.808],[82.358,16.844],[82.366,16.902],[82.358,16.964],[82.346,16.982],[82.325,16.99],[82.34,16.966],[82.355,16.956],[82.359,16.944],[82.363,16.909],[82.354,16.852],[82.326,16.855],[82.312,16.84],[82.313,16.852],[82.303,16.864],[82.287,16.877],[82.287,16.872],[82.282,16.865],[82.285,16.873],[82.282,16.878],[82.27,16.876],[82.265,16.885],[82.256,16.887],[82.256,16.9],[82.249,16.907],[82.249,16.93],[82.254,16.937],[82.272,16.941],[82.27,16.961],[82.275,16.971],[82.284,16.974],[82.276,16.977],[82.276,16.982],[82.286,16.983],[82.278,16.993],[82.298,17.033],[82.351,17.09],[82.351,17.098],[82.356,17.094],[82.366,17.105],[82.368,17.119],[82.367,17.106],[82.478,17.205],[82.596,17.286],[82.609,17.29],[82.608,17.296],[82.612,17.292],[82.739,17.361],[82.87,17.416],[82.868,17.422],[82.873,17.431],[82.88,17.436],[82.873,17.428],[82.875,17.42],[82.948,17.452],[82.954,17.46],[82.99,17.472],[83.013,17.503],[83.088,17.533],[83.092,17.539],[83.162,17.561],[83.176,17.575],[83.213,17.591],[83.217,17.599],[83.238,17.612],[83.233,17.616],[83.235,17.629],[83.26,17.644],[83.262,17.651],[83.282,17.66],[83.295,17.675],[83.298,17.687],[83.282,17.688],[83.272,17.705],[83.263,17.704],[83.263,17.711],[83.273,17.712],[83.282,17.689],[83.3,17.69],[83.301,17.696],[83.307,17.688],[83.308,17.698],[83.302,17.697],[83.307,17.702],[83.344,17.725],[83.343,17.737],[83.349,17.751],[83.385,17.777],[83.391,17.794],[83.41,17.81],[83.416,17.834],[83.41,17.843],[83.455,17.888],[83.452,17.9],[83.459,17.906],[83.457,17.921],[83.46,17.905],[83.53,17.949],[83.559,17.983],[83.559,17.999],[83.573,18.018],[83.585,18.021],[83.673,18.087],[83.713,18.111],[83.785,18.147],[83.863,18.176],[83.889,18.197],[83.951,18.217],[84.076,18.278],[84.125,18.309],[84.13,18.315],[84.123,18.327],[84.124,18.343],[84.129,18.343],[84.126,18.352],[84.132,18.347],[84.137,18.349],[84.15,18.373],[84.202,18.426],[84.356,18.557],[84.356,18.563],[84.339,18.551],[84.344,18.562],[84.355,18.564],[84.362,18.587],[84.378,18.606],[84.441,18.664],[84.441,18.68],[84.466,18.713],[84.502,18.751],[84.553,18.792],[84.557,18.817],[84.577,18.837],[84.576,18.849],[84.587,18.87],[84.583,18.876],[84.59,18.873],[84.612,18.9],[84.669,18.952],[84.683,18.968],[84.668,18.957],[84.665,18.966],[84.688,18.972],[84.761,19.071],[84.73,19.089],[84.723,19.09],[84.719,19.096],[84.698,19.109],[84.698,19.11],[84.694,19.122],[84.697,19.125],[84.706,19.144],[84.705,19.149],[84.702,19.151],[84.698,19.15],[84.681,19.15],[84.673,19.157],[84.665,19.157],[84.666,19.135],[84.661,19.122],[84.647,19.12],[84.642,19.125],[84.629,19.121],[84.609,19.117],[84.592,19.124],[84.596,19.115],[84.606,19.093],[84.617,19.09],[84.624,19.074],[84.634,19.075],[84.645,19.084],[84.654,19.081],[84.663,19.064],[84.655,19.052],[84.648,19.056],[84.634,19.056],[84.63,19.05],[84.625,19.053],[84.623,19.056],[84.613,19.055],[84.612,19.05],[84.614,19.047],[84.609,19.047],[84.6,19.033],[84.597,19.02],[84.588,19.013],[84.578,19.019],[84.574,19.035],[84.578,19.062],[84.571,19.06],[84.568,19.063],[84.56,19.06],[84.554,19.047],[84.548,19.046],[84.51,19.037],[84.498,19.025],[84.489,19.021],[84.478,19.008],[84.476,18.992],[84.472,18.981],[84.437,18.997],[84.422,19.009],[84.42,19.013],[84.415,19.012],[84.425,18.995],[84.426,18.989],[84.426,18.984],[84.435,18.977],[84.441,18.967],[84.42,18.949],[84.416,18.938],[84.429,18.914],[84.418,18.901],[84.406,18.906],[84.41,18.891],[84.394,18.886],[84.365,18.896],[84.368,18.889],[84.386,18.883],[84.388,18.878],[84.383,18.869],[84.351,18.883],[84.354,18.875],[84.372,18.867],[84.362,18.851],[84.351,18.851],[84.344,18.863],[84.334,18.864],[84.336,18.841],[84.345,18.827],[84.341,18.818],[84.344,18.812],[84.329,18.809],[84.332,18.792],[84.309,18.778],[84.279,18.79],[84.252,18.772],[84.231,18.78],[84.227,18.787],[84.19,18.777],[84.187,18.78],[84.18,18.769],[84.158,18.769],[84.159,18.775],[84.151,18.776],[84.131,18.765],[84.129,18.753],[84.123,18.748],[84.108,18.755],[84.082,18.745],[84.066,18.752],[84.059,18.768],[84.049,18.771],[84.048,18.783],[84.034,18.79],[84.027,18.802],[84.02,18.798],[84.007,18.804],[83.982,18.8],[83.964,18.804],[83.94,18.797],[83.934,18.807],[83.908,18.816],[83.895,18.815],[83.887,18.805],[83.883,18.82],[83.87,18.818],[83.864,18.839],[83.844,18.851],[83.837,18.865],[83.842,18.888],[83.838,18.909],[83.823,18.905],[83.817,18.909],[83.821,18.922],[83.813,18.934],[83.815,18.953],[83.803,18.982],[83.791,18.992],[83.787,19.008],[83.776,19.009],[83.769,18.999],[83.751,18.993],[83.74,18.978],[83.75,18.944],[83.761,18.945],[83.78,18.908],[83.768,18.902],[83.756,18.917],[83.746,18.918],[83.726,18.976],[83.706,18.985],[83.705,18.999],[83.72,19.004],[83.723,19.012],[83.697,19.016],[83.684,19.044],[83.657,19.075],[83.657,19.088],[83.645,19.113],[83.65,19.115],[83.649,19.122],[83.63,19.127],[83.63,19.145],[83.623,19.154],[83.614,19.134],[83.594,19.12],[83.604,19.088],[83.584,19.08],[83.579,19.05],[83.558,19.051],[83.561,19.066],[83.555,19.078],[83.546,19.074],[83.545,19.062],[83.552,19.047],[83.535,19.029],[83.531,19.005],[83.495,19.011],[83.494,19.027],[83.508,19.022],[83.514,19.025],[83.505,19.065],[83.494,19.053],[83.473,19.078],[83.47,19.07],[83.459,19.07],[83.457,19.056],[83.463,19.053],[83.465,19.036],[83.478,19.021],[83.475,19],[83.449,19],[83.45,18.982],[83.46,18.981],[83.462,18.959],[83.455,18.946],[83.443,18.948],[83.409,18.98],[83.409,18.996],[83.405,18.993],[83.389,19],[83.362,18.995],[83.355,19.009],[83.346,19.01],[83.335,19.007],[83.329,18.988],[83.305,18.99],[83.313,18.967],[83.327,18.957],[83.326,18.95],[83.332,18.943],[83.331,18.938],[83.318,18.934],[83.329,18.917],[83.341,18.918],[83.346,18.957],[83.361,18.953],[83.364,18.938],[83.38,18.923],[83.371,18.917],[83.363,18.93],[83.349,18.934],[83.347,18.927],[83.361,18.901],[83.384,18.9],[83.372,18.89],[83.385,18.873],[83.411,18.859],[83.398,18.853],[83.396,18.831],[83.373,18.821],[83.359,18.832],[83.35,18.822],[83.36,18.807],[83.356,18.8],[83.339,18.803],[83.333,18.793],[83.323,18.798],[83.304,18.799],[83.28,18.79],[83.266,18.757],[83.219,18.766],[83.222,18.745],[83.205,18.716],[83.202,18.742],[83.185,18.744],[83.169,18.759],[83.151,18.759],[83.133,18.772],[83.112,18.758],[83.117,18.748],[83.071,18.697],[83.051,18.654],[83.01,18.637],[83.021,18.61],[83.008,18.588],[83.028,18.582],[83.041,18.597],[83.052,18.593],[83.054,18.586],[83.027,18.568],[83.034,18.558],[83.032,18.548],[83.051,18.535],[83.071,18.542],[83.089,18.538],[83.052,18.477],[83.015,18.444],[83.025,18.437],[83.037,18.435],[83.038,18.427],[83.033,18.423],[83.037,18.419],[83.06,18.429],[83.062,18.421],[83.056,18.404],[83.066,18.392],[83.053,18.375],[83.037,18.37],[83.017,18.385],[83.012,18.378],[82.992,18.375],[82.976,18.355],[82.96,18.357],[82.946,18.35],[82.933,18.351],[82.928,18.361],[82.903,18.356],[82.885,18.379],[82.891,18.392],[82.885,18.413],[82.879,18.415],[82.87,18.406],[82.849,18.415],[82.845,18.41],[82.818,18.439],[82.799,18.439],[82.776,18.42],[82.781,18.399],[82.793,18.395],[82.787,18.39],[82.788,18.378],[82.778,18.371],[82.784,18.354],[82.767,18.331],[82.751,18.328],[82.746,18.32],[82.733,18.318],[82.734,18.313],[82.711,18.313],[82.703,18.308],[82.698,18.296],[82.659,18.287],[82.645,18.257],[82.645,18.24],[82.627,18.229],[82.609,18.249],[82.589,18.257],[82.581,18.27],[82.588,18.275],[82.586,18.281],[82.591,18.292],[82.588,18.302],[82.58,18.301],[82.576,18.307],[82.59,18.319],[82.602,18.317],[82.597,18.341],[82.611,18.346],[82.599,18.354],[82.601,18.369],[82.571,18.384],[82.556,18.389],[82.549,18.384],[82.535,18.39],[82.533,18.397],[82.541,18.403],[82.536,18.408],[82.554,18.438],[82.538,18.443],[82.539,18.438],[82.53,18.434],[82.527,18.447],[82.521,18.447],[82.523,18.453],[82.516,18.456],[82.528,18.468],[82.521,18.472],[82.528,18.478],[82.52,18.483],[82.524,18.49],[82.523,18.504],[82.507,18.508],[82.499,18.502],[82.481,18.515],[82.476,18.529],[82.485,18.534],[82.482,18.538],[82.474,18.537],[82.437,18.497],[82.427,18.477],[82.361,18.41],[82.373,18.398],[82.384,18.369],[82.376,18.353],[82.36,18.344],[82.345,18.322],[82.334,18.317],[82.349,18.306],[82.365,18.316],[82.384,18.319],[82.393,18.306],[82.372,18.274],[82.344,18.272],[82.337,18.266],[82.331,18.233],[82.321,18.222],[82.333,18.216],[82.32,18.201],[82.306,18.196],[82.31,18.175],[82.333,18.163],[82.349,18.162],[82.365,18.14],[82.358,18.125],[82.333,18.142],[82.332,18.094],[82.341,18.087],[82.344,18.075],[82.336,18.047],[82.33,18.04],[82.322,18.05],[82.313,18.045],[82.317,18.036],[82.306,18.038],[82.306,18.045],[82.296,18.046],[82.293,18.054],[82.298,18.062],[82.267,18.048],[82.258,18.035],[82.271,18.011],[82.267,17.986],[82.242,17.98],[82.237,17.992],[82.218,17.994],[82.197,18.009],[82.177,18.011],[82.177,18.021],[82.16,18.044],[82.142,18.044],[82.132,18.036],[82.127,18.051],[82.113,18.058],[82.092,18.053],[82.072,18.066],[82.07,18.06],[82.059,18.058],[82.066,18.049],[82.06,18.045],[82.045,18.046],[82.025,18.058],[82.002,18.045],[82.002,18.024],[81.989,18.02],[81.952,17.992],[81.914,17.98],[81.899,17.969],[81.847,17.951],[81.833,17.951],[81.801,17.936],[81.782,17.91],[81.758,17.893],[81.793,17.853],[81.794,17.844],[81.782,17.832],[81.764,17.83],[81.753,17.818],[81.73,17.819],[81.704,17.8],[81.698,17.784],[81.685,17.771],[81.623,17.763],[81.609,17.744],[81.577,17.726],[81.571,17.688],[81.534,17.63],[81.512,17.61],[81.503,17.59],[81.524,17.57],[81.499,17.532],[81.493,17.449],[81.442,17.382],[81.42,17.372],[81.416,17.362],[81.385,17.355],[81.372,17.357],[81.35,17.369],[81.337,17.39],[81.325,17.391],[81.289,17.338],[81.267,17.32],[81.19,17.327],[81.182,17.322],[81.171,17.296],[81.171,17.267],[81.181,17.255],[81.163,17.233],[81.118,17.225],[81.062,17.204],[81.047,17.214],[81.044,17.205],[81.026,17.187],[80.991,17.18],[80.956,17.188],[80.931,17.205],[80.905,17.201],[80.908,17.178],[80.915,17.17],[80.913,17.146],[80.896,17.141],[80.87,17.146],[80.867,17.125],[80.855,17.111],[80.864,17.096],[80.856,17.069],[80.859,17.051],[80.845,17.033],[80.832,17.026],[80.823,17.038],[80.747,17.055],[80.726,17.065],[80.684,17.069],[80.676,17.061],[80.64,17.055],[80.634,17.059],[80.638,17.072],[80.657,17.088],[80.625,17.102],[80.63,17.11],[80.604,17.116],[80.573,17.135],[80.56,17.138],[80.549,17.124],[80.519,17.108],[80.496,17.108],[80.482,17.05],[80.472,17.038],[80.453,17.037],[80.446,17.017],[80.421,17.025],[80.414,17.042],[80.401,17.054],[80.395,17.078],[80.367,17.057],[80.378,17.034],[80.378,17.023],[80.389,17.014],[80.386,17.003],[80.371,16.996],[80.37,16.983],[80.358,16.971],[80.443,16.945],[80.488,16.917],[80.491,16.948],[80.521,16.936],[80.532,16.95],[80.569,16.927],[80.584,16.927],[80.59,16.912],[80.581,16.897],[80.587,16.874],[80.565,16.869],[80.564,16.843],[80.555,16.825],[80.556,16.818],[80.586,16.807],[80.604,16.788],[80.569,16.771],[80.563,16.763],[80.511,16.77],[80.49,16.776],[80.471,16.788],[80.456,16.79],[80.453,16.815],[80.423,16.829],[80.419,16.842],[80.4,16.85],[80.399,16.832],[80.373,16.811],[80.359,16.855],[80.335,16.856],[80.337,16.867],[80.319,16.871],[80.315,16.912],[80.308,16.924],[80.301,16.956],[80.262,17.011],[80.236,17.002],[80.218,17.02],[80.201,17.013],[80.196,17.018],[80.194,17.043],[80.182,17.045],[80.142,17.001],[80.134,16.985],[80.12,16.987],[80.106,16.981],[80.088,16.987],[80.084,16.963],[80.046,16.965],[80.037,16.936],[80.01,16.907],[79.992,16.863],[80.014,16.853],[80.033,16.852],[80.042,16.826],[80.07,16.814],[80.052,16.771],[80.048,16.745],[79.992,16.693],[79.958,16.642],[79.943,16.633],[79.924,16.631],[79.902,16.638],[79.891,16.65],[79.873,16.689],[79.862,16.698],[79.81,16.69],[79.775,16.73],[79.75,16.72],[79.734,16.698],[79.723,16.693],[79.683,16.69],[79.669,16.684],[79.648,16.662],[79.6,16.663],[79.554,16.635],[79.497,16.631],[79.451,16.609],[79.443,16.594],[79.427,16.583],[79.333,16.579],[79.266,16.561],[79.261,16.546],[79.23,16.519],[79.225,16.508],[79.224,16.492],[79.236,16.459],[79.226,16.453],[79.219,16.438],[79.213,16.394],[79.211,16.363],[79.228,16.337],[79.23,16.3],[79.225,16.25],[79.219,16.24],[79.177,16.217],[79.151,16.225],[79.133,16.236],[79.069,16.238],[79.031,16.246],[78.925,16.202],[78.908,16.191],[78.905,16.182],[78.906,16.165],[78.922,16.122],[78.91,16.105],[78.901,16.098],[78.889,16.099],[78.873,16.11],[78.863,16.153],[78.856,16.159],[78.838,16.157],[78.83,16.142],[78.84,16.103],[78.837,16.087],[78.808,16.046],[78.775,16.024],[78.739,16.021],[78.714,16.027],[78.675,16.049],[78.636,16.091],[78.617,16.099],[78.604,16.096],[78.559,16.056],[78.451,16.081],[78.406,16.081],[78.37,16.06],[78.34,16.053],[78.316,16.029],[78.292,16.028],[78.268,16.035],[78.257,16.031],[78.251,16.026],[78.26,15.995],[78.238,15.929],[78.205,15.917],[78.18,15.9],[78.181,15.888],[78.165,15.849],[78.126,15.849],[78.127,15.835],[78.11,15.827],[78.064,15.845],[78.049,15.871],[78.041,15.872],[78.036,15.902],[78.017,15.895],[78.002,15.859],[77.973,15.874],[77.928,15.877],[77.888,15.896],[77.867,15.892],[77.85,15.874],[77.834,15.876],[77.799,15.865],[77.716,15.887],[77.692,15.875],[77.659,15.877],[77.64,15.883],[77.606,15.912],[77.588,15.907],[77.509,15.921],[77.497,15.926],[77.467,15.928],[77.426,15.942],[77.376,15.933],[77.354,15.944],[77.315,15.945],[77.3,15.95],[77.282,15.947],[77.249,15.958],[77.227,15.952],[77.181,15.95],[77.143,15.941],[77.13,15.93],[77.105,15.925],[77.077,15.91],[77.033,15.853],[77.022,15.832],[77.042,15.822],[77.064,15.823],[77.062,15.798],[77.067,15.796],[77.062,15.778],[77.049,15.761],[77.053,15.759],[77.043,15.734],[77.047,15.725],[77.076,15.721],[77.076,15.71],[77.084,15.709],[77.076,15.691],[77.101,15.679],[77.125,15.659],[77.116,15.625],[77.081,15.653],[77.069,15.641],[77.029,15.634],[77.024,15.576],[77.027,15.5],[76.996,15.5],[76.972,15.506],[76.97,15.491],[76.996,15.467],[77.006,15.448],[77.027,15.435],[77.029,15.401],[77.044,15.384],[77.038,15.359],[77.063,15.338],[77.062,15.322],[77.11,15.327],[77.115,15.29],[77.148,15.286],[77.145,15.266],[77.164,15.259],[77.165,15.251],[77.14,15.252],[77.133,15.235],[77.123,15.233],[77.121,15.221],[77.141,15.218],[77.15,15.208],[77.162,15.182],[77.163,15.161],[77.158,15.149],[77.137,15.149],[77.132,15.143],[77.135,15.136],[77.153,15.132],[77.154,15.121],[77.148,15.107],[77.128,15.094],[77.126,15.068],[77.11,15.029],[77.091,15.028],[77.082,15.022],[77.079,15],[77.041,15.005],[77.047,15.029],[77.001,15.03],[76.984,15.02],[76.982,15.01],[76.967,15.013],[76.943,15.027],[76.896,15.032],[76.877,15.029],[76.861,15.057],[76.797,15.091],[76.774,15.071],[76.771,15.054],[76.785,15.017],[76.757,14.983],[76.764,14.97],[76.815,14.964],[76.828,14.951],[76.841,14.961],[76.864,14.964],[76.865,14.938],[76.86,14.891],[76.844,14.886],[76.854,14.861],[76.849,14.839],[76.84,14.83],[76.849,14.804],[76.837,14.804],[76.834,14.785],[76.78,14.779],[76.798,14.735],[76.771,14.674],[76.761,14.596],[76.773,14.587],[76.776,14.59],[76.786,14.553],[76.8,14.528],[76.82,14.52],[76.828,14.523],[76.854,14.499],[76.87,14.468],[76.907,14.484],[76.973,14.478],[76.964,14.452],[76.959,14.445],[76.944,14.445],[76.942,14.4],[76.913,14.414],[76.897,14.394],[76.883,14.39],[76.879,14.346],[76.899,14.319],[76.943,14.305],[76.95,14.294],[76.944,14.282],[76.925,14.272],[76.943,14.236],[76.982,14.238],[77.004,14.232],[77.033,14.24],[77.05,14.24],[77.075,14.209],[77.105,14.213],[77.116,14.257],[77.107,14.262],[77.112,14.288],[77.126,14.302],[77.132,14.331],[77.141,14.336],[77.146,14.332],[77.152,14.338],[77.196,14.314],[77.232,14.311],[77.245,14.315],[77.258,14.326],[77.281,14.331],[77.28,14.276],[77.359,14.269],[77.355,14.23],[77.382,14.21],[77.384,14.192],[77.391,14.191],[77.415,14.203],[77.416,14.212],[77.401,14.26],[77.384,14.266],[77.375,14.295],[77.374,14.305],[77.386,14.325],[77.395,14.329],[77.426,14.321],[77.428,14.305],[77.442,14.31],[77.444,14.278],[77.455,14.272],[77.479,14.285],[77.484,14.275],[77.496,14.272],[77.499,14.261],[77.49,14.228],[77.51,14.172],[77.5,14.151],[77.463,14.164],[77.41,14.17],[77.39,14.165],[77.39,14.154],[77.383,14.148],[77.377,14.13],[77.348,14.124],[77.345,14.096],[77.359,14.109],[77.39,14.119],[77.396,14.111],[77.395,14.103],[77.38,14.09],[77.372,14.072],[77.359,14.059],[77.35,14.053],[77.338,14.054],[77.326,14.023],[77.383,14.007],[77.373,13.982],[77.376,13.969],[77.421,13.977],[77.431,13.969],[77.429,13.943],[77.408,13.936],[77.41,13.915],[77.427,13.909],[77.426,13.902],[77.397,13.881],[77.392,13.88],[77.39,13.898],[77.348,13.897],[77.343,13.912],[77.363,13.942],[77.344,13.951],[77.354,13.982],[77.33,13.99],[77.313,14.025],[77.304,14.027],[77.279,14.007],[77.273,14.008],[77.272,14.028],[77.256,14.021],[77.243,14.006],[77.219,14.008],[77.195,14.003],[77.171,14.009],[77.162,14.006],[77.163,13.998],[77.154,13.991],[77.147,13.992],[77.134,13.998],[77.121,14.042],[77.076,14.038],[77.07,14.039],[77.069,14.047],[77.024,14.053],[77.02,14.061],[77.024,14.083],[77.008,14.098],[77.017,14.106],[77.02,14.122],[77.014,14.127],[77.02,14.173],[76.958,14.176],[76.942,14.189],[76.937,14.166],[76.917,14.158],[76.891,14.159],[76.884,14.131],[76.913,14.122],[76.927,14.127],[76.943,14.112],[76.946,14.085],[76.968,14.08],[76.975,14.065],[76.972,14.052],[76.938,14.048],[76.931,14.023],[76.941,14.021],[76.949,14.007],[76.975,13.997],[76.994,13.981],[76.989,13.957],[77.036,13.926],[77.041,13.897],[77.017,13.893],[77.006,13.85],[76.994,13.839],[76.986,13.839],[76.984,13.828],[76.968,13.814],[76.984,13.804],[76.986,13.793],[76.981,13.786],[76.994,13.742],[77.011,13.733],[77.02,13.77],[77.026,13.771],[77.035,13.769],[77.06,13.739],[77.081,13.737],[77.08,13.753],[77.095,13.761],[77.124,13.751],[77.138,13.756],[77.167,13.755],[77.171,13.772],[77.154,13.801],[77.162,13.821],[77.146,13.835],[77.125,13.843],[77.124,13.849],[77.139,13.859],[77.162,13.857],[77.165,13.866],[77.156,13.9],[77.16,13.908],[77.177,13.917],[77.182,13.901],[77.175,13.861],[77.179,13.86],[77.193,13.856],[77.197,13.86],[77.205,13.881],[77.209,13.878],[77.208,13.86],[77.212,13.861],[77.225,13.895],[77.234,13.895],[77.242,13.889],[77.241,13.866],[77.253,13.856],[77.25,13.839],[77.283,13.841],[77.29,13.85],[77.307,13.857],[77.32,13.826],[77.327,13.825],[77.359,13.846],[77.373,13.838],[77.373,13.831],[77.425,13.835],[77.426,13.83],[77.409,13.799],[77.419,13.8],[77.417,13.791],[77.429,13.788],[77.441,13.802],[77.457,13.797],[77.451,13.786],[77.463,13.744],[77.457,13.713],[77.445,13.696],[77.45,13.676],[77.476,13.678],[77.485,13.687],[77.48,13.703],[77.487,13.707],[77.503,13.704],[77.512,13.686],[77.522,13.688],[77.528,13.719],[77.515,13.737],[77.52,13.744],[77.54,13.744],[77.548,13.72],[77.556,13.716],[77.567,13.729],[77.574,13.727],[77.596,13.744],[77.604,13.743],[77.621,13.727],[77.637,13.735],[77.634,13.741],[77.613,13.747],[77.61,13.755],[77.649,13.776],[77.67,13.777],[77.664,13.752],[77.696,13.761],[77.702,13.731],[77.709,13.733],[77.713,13.746],[77.713,13.791],[77.728,13.802],[77.778,13.813],[77.776,13.836],[77.803,13.841],[77.811,13.852],[77.828,13.861],[77.819,13.866],[77.827,13.872],[77.825,13.88],[77.821,13.889],[77.811,13.895],[77.806,13.909],[77.808,13.923],[77.818,13.935],[77.83,13.927],[77.887,13.931],[77.89,13.911],[77.912,13.897],[77.92,13.899],[77.939,13.925],[77.951,13.928],[77.955,13.942],[77.966,13.951],[77.979,13.948],[77.973,13.92],[77.978,13.893],[77.942,13.88],[77.948,13.829],[77.945,13.82],[77.966,13.82],[77.985,13.862],[78.005,13.862],[78.016,13.854],[78.038,13.853],[78.043,13.864],[78.041,13.887],[78.071,13.872],[78.075,13.855],[78.106,13.854],[78.114,13.841],[78.117,13.822],[78.108,13.804],[78.118,13.777],[78.111,13.762],[78.095,13.75],[78.085,13.733],[78.109,13.71],[78.105,13.684],[78.085,13.681],[78.064,13.688],[78.064,13.675],[78.058,13.667],[78.08,13.65],[78.081,13.635],[78.091,13.633],[78.094,13.64],[78.107,13.647],[78.156,13.649],[78.161,13.623],[78.194,13.616],[78.194,13.595],[78.179,13.579],[78.183,13.556],[78.196,13.561],[78.208,13.582],[78.223,13.577],[78.228,13.587],[78.25,13.574],[78.312,13.584],[78.344,13.578],[78.38,13.581],[78.391,13.578],[78.398,13.566],[78.367,13.495],[78.363,13.452],[78.371,13.391],[78.355,13.355],[78.356,13.347],[78.375,13.346],[78.397,13.332],[78.395,13.323],[78.388,13.318],[78.371,13.332],[78.367,13.32],[78.379,13.317],[78.391,13.304],[78.424,13.319],[78.436,13.298],[78.466,13.31],[78.472,13.308],[78.473,13.291],[78.501,13.277],[78.512,13.26],[78.521,13.256],[78.529,13.276],[78.547,13.273],[78.551,13.276],[78.556,13.299],[78.567,13.272],[78.577,13.262],[78.559,13.227],[78.557,13.212],[78.569,13.204],[78.558,13.192],[78.541,13.187],[78.542,13.18],[78.563,13.177],[78.569,13.156],[78.539,13.152],[78.533,13.142],[78.535,13.131],[78.521,13.129],[78.509,13.12],[78.511,13.106],[78.528,13.097],[78.515,13.091],[78.514,13.085],[78.502,13.082],[78.499,13.07],[78.505,13.053],[78.471,13.044],[78.461,13.032],[78.452,13.032],[78.452,13.004],[78.461,12.979],[78.458,12.963],[78.423,12.969],[78.427,12.951],[78.42,12.947],[78.425,12.938],[78.421,12.924],[78.456,12.893],[78.454,12.853],[78.453,12.865],[78.438,12.88],[78.436,12.901],[78.426,12.902],[78.425,12.893],[78.417,12.889],[78.403,12.891],[78.388,12.906],[78.385,12.896],[78.378,12.895],[78.345,12.928],[78.327,12.889],[78.316,12.893],[78.313,12.889],[78.311,12.874],[78.327,12.874],[78.322,12.863],[78.304,12.866],[78.303,12.847],[78.276,12.849],[78.263,12.857],[78.241,12.847],[78.24,12.803],[78.229,12.762],[78.221,12.753],[78.227,12.715],[78.22,12.703],[78.196,12.697],[78.199,12.69],[78.19,12.681],[78.2,12.676],[78.228,12.674],[78.227,12.689],[78.233,12.694],[78.264,12.692],[78.29,12.653],[78.309,12.65],[78.322,12.637],[78.329,12.638],[78.368,12.612],[78.4,12.613],[78.418,12.621],[78.425,12.615],[78.447,12.617],[78.455,12.612],[78.463,12.635],[78.458,12.662],[78.474,12.659],[78.489,12.663],[78.497,12.676],[78.486,12.691],[78.493,12.694],[78.493,12.703],[78.504,12.693],[78.51,12.699],[78.509,12.705],[78.494,12.711],[78.484,12.723],[78.48,12.73],[78.484,12.735],[78.494,12.73],[78.504,12.713],[78.511,12.722],[78.512,12.708],[78.526,12.701],[78.526,12.695],[78.521,12.697],[78.519,12.692],[78.524,12.68],[78.548,12.686],[78.545,12.693],[78.552,12.697],[78.546,12.707],[78.554,12.726],[78.546,12.729],[78.55,12.739],[78.546,12.744],[78.567,12.752],[78.566,12.759],[78.582,12.771],[78.583,12.785],[78.59,12.792],[78.588,12.805],[78.598,12.811],[78.592,12.839],[78.604,12.857],[78.606,12.874],[78.626,12.919],[78.647,12.919],[78.629,12.953],[78.638,12.954],[78.614,12.979],[78.637,12.997],[78.651,13.018],[78.694,13.004],[78.702,13.056],[78.746,13.045],[78.778,13.053],[78.808,13.078],[78.832,13.07],[78.858,13.071],[78.865,13.085],[78.876,13.086],[78.884,13.082],[78.882,13.02],[78.916,13.023],[78.925,13.019],[78.929,13.021],[78.917,13.033],[78.893,13.035],[78.901,13.052],[78.909,13.05],[78.914,13.068],[78.93,13.066],[78.937,13.07],[78.946,13.064],[78.98,13.077],[79,13.058],[79.023,13.056],[79.026,13.05],[79.053,13.038],[79.054,13.028],[79.069,13.014],[79.083,13.012],[79.104,13.024],[79.119,13.023],[79.153,13.007],[79.173,13.019],[79.177,13.038],[79.169,13.053],[79.179,13.06],[79.189,13.085],[79.207,13.091],[79.218,13.104],[79.222,13.116],[79.215,13.128],[79.218,13.136],[79.237,13.127],[79.247,13.148],[79.256,13.137],[79.267,13.141],[79.274,13.121],[79.285,13.123],[79.299,13.115],[79.297,13.097],[79.308,13.097],[79.317,13.119],[79.331,13.121],[79.335,13.128],[79.344,13.124],[79.355,13.13],[79.347,13.135],[79.348,13.163],[79.361,13.156],[79.371,13.169],[79.369,13.176],[79.378,13.182],[79.424,13.187],[79.422,13.209],[79.446,13.217],[79.442,13.229],[79.436,13.23],[79.418,13.218],[79.417,13.212],[79.411,13.212],[79.409,13.247],[79.425,13.281],[79.422,13.287],[79.405,13.285],[79.375,13.303],[79.429,13.324],[79.479,13.321],[79.487,13.317],[79.523,13.316],[79.536,13.311],[79.541,13.279],[79.549,13.267],[79.565,13.249],[79.58,13.245],[79.585,13.247],[79.589,13.26],[79.601,13.268],[79.621,13.259],[79.63,13.261],[79.633,13.274],[79.638,13.276],[79.663,13.268],[79.669,13.282],[79.684,13.257],[79.674,13.247],[79.673,13.229],[79.681,13.228],[79.692,13.239],[79.696,13.234],[79.689,13.207],[79.7,13.203],[79.723,13.222],[79.744,13.195],[79.752,13.205],[79.774,13.218],[79.783,13.218],[79.785,13.223],[79.775,13.234],[79.722,13.266],[79.721,13.272],[79.746,13.28],[79.754,13.303],[79.78,13.282],[79.787,13.285],[79.8,13.304],[79.851,13.303],[79.859,13.314],[79.871,13.312],[79.892,13.325],[79.911,13.344],[79.926,13.336],[79.94,13.358],[79.94,13.369],[79.948,13.367],[79.954,13.374],[79.95,13.382],[79.936,13.385],[79.932,13.404],[79.936,13.41],[79.951,13.408],[79.963,13.418],[79.962,13.451],[79.987,13.462],[79.995,13.459],[80.006,13.488],[80.036,13.484],[80.037,13.499],[80.033,13.502],[80.014,13.504],[80.006,13.515],[79.99,13.51],[79.99,13.527],[80.008,13.532],[80.018,13.525],[80.045,13.522],[80.051,13.531],[80.069,13.538],[80.076,13.527],[80.079,13.529],[80.089,13.526],[80.096,13.51],[80.1,13.505],[80.121,13.502],[80.133,13.496],[80.135,13.492],[80.145,13.485],[80.151,13.48],[80.152,13.479],[80.157,13.479],[80.163,13.478],[80.194,13.476],[80.212,13.482],[80.241,13.47],[80.26,13.447],[80.268,13.414],[80.278,13.408],[80.276,13.389],[80.312,13.369],[80.316,13.376],[80.313,13.428],[80.303,13.425],[80.302,13.416],[80.3,13.427],[80.29,13.435],[80.278,13.436],[80.268,13.417],[80.275,13.438],[80.281,13.438],[80.276,13.44],[80.262,13.473],[80.247,13.473],[80.237,13.488],[80.237,13.484],[80.212,13.487],[80.18,13.495],[80.162,13.49],[80.128,13.517],[80.125,13.506],[80.118,13.506],[80.118,13.511],[80.115,13.508],[80.119,13.515],[80.1,13.529],[80.097,13.541],[80.073,13.558],[80.067,13.573],[80.051,13.588],[80.076,13.611],[80.071,13.615],[80.073,13.637],[80.095,13.647],[80.081,13.65],[80.079,13.656],[80.096,13.669],[80.089,13.654],[80.097,13.662],[80.098,13.653],[80.103,13.654],[80.101,13.687],[80.108,13.693],[80.1,13.702],[80.107,13.709],[80.112,13.693],[80.107,13.674],[80.111,13.672],[80.115,13.676],[80.121,13.671],[80.12,13.678],[80.124,13.678],[80.126,13.67],[80.12,13.663],[80.121,13.646],[80.112,13.642],[80.12,13.651],[80.115,13.655],[80.118,13.659],[80.11,13.658],[80.109,13.642],[80.126,13.612],[80.138,13.613],[80.148,13.66],[80.14,13.691],[80.143,13.702],[80.137,13.714],[80.131,13.713],[80.13,13.724],[80.147,13.724],[80.14,13.714],[80.136,13.719],[80.144,13.702],[80.154,13.703],[80.167,13.687],[80.171,13.69],[80.189,13.667],[80.19,13.643],[80.218,13.623],[80.227,13.608],[80.241,13.597],[80.25,13.572],[80.264,13.561],[80.27,13.528],[80.264,13.523],[80.272,13.523],[80.274,13.514],[80.275,13.525],[80.278,13.521],[80.288,13.459],[80.306,13.434],[80.315,13.434],[80.31,13.461],[80.301,13.473],[80.236,13.64],[80.234,13.697],[80.252,13.78],[80.245,13.82],[80.235,13.832],[80.22,13.877],[80.156,14.018],[80.173,13.96],[80.17,13.964],[80.152,14.03],[80.15,14.019],[80.13,14.122],[80.129,14.112],[80.126,14.119],[80.122,14.115],[80.126,14.134],[80.126,14.123],[80.13,14.124],[80.127,14.19],[80.139,14.272],[80.17,14.361],[80.183,14.53],[80.172,14.535],[80.184,14.537],[80.199,14.587],[80.192,14.601],[80.172,14.61],[80.136,14.719],[80.14,14.703],[80.13,14.692],[80.138,14.704],[80.137,14.711],[80.117,14.74],[80.115,14.731],[80.093,14.81],[80.082,14.808],[80.059,14.82],[80.068,14.82],[80.081,14.81],[80.089,14.812],[80.084,14.822],[80.088,14.822],[80.085,14.879],[80.069,14.927],[80.055,14.999],[80.048,15.077],[80.054,15.118],[80.081,15.186],[80.077,15.182],[80.061,15.19],[80.046,15.209],[80.078,15.189],[80.088,15.219],[80.083,15.267],[80.099,15.31],[80.08,15.316],[80.098,15.314],[80.099,15.325],[80.105,15.327],[80.111,15.349],[80.128,15.377],[80.201,15.465],[80.212,15.496],[80.2,15.498],[80.209,15.505],[80.213,15.503],[80.225,15.532],[80.237,15.601],[80.27,15.673],[80.34,15.747],[80.431,15.806],[80.532,15.848],[80.53,15.852],[80.537,15.855],[80.545,15.852],[80.6,15.869],[80.687,15.883],[80.734,15.876],[80.769,15.863],[80.774,15.866],[80.805,15.843],[80.812,15.833],[80.811,15.816],[80.793,15.815],[80.811,15.764],[80.813,15.74],[80.803,15.744],[80.792,15.76],[80.794,15.771],[80.789,15.773],[80.783,15.792],[80.781,15.78],[80.797,15.744],[80.822,15.713],[80.848,15.71],[80.932,15.724],[80.939,15.718],[80.967,15.732],[81.001,15.752],[81.006,15.767],[81.012,15.77],[80.994,15.81],[80.993,15.821],[81.004,15.84],[81.007,15.832],[81.019,15.856],[81.088,15.93],[81.128,15.963],[81.132,15.973],[81.146,15.974],[81.139,15.996],[81.141,16.018],[81.189,16.103],[81.202,16.143],[81.183,16.143],[81.202,16.145],[81.205,16.176],[81.231,16.235],[81.263,16.271],[81.265,16.281],[81.268,16.278],[81.328,16.318],[81.393,16.342],[81.38,16.36],[81.366,16.352],[81.371,16.346],[81.346,16.331],[81.365,16.36],[81.383,16.362],[81.393,16.347],[81.399,16.344],[81.402,16.352],[81.405,16.344],[81.465,16.353],[81.509,16.352],[81.519,16.358],[81.528,16.354],[81.541,16.359],[81.56,16.352],[81.561,16.345],[81.684,16.333],[81.721,16.318],[81.72,16.31],[81.854,16.375],[81.945,16.395],[82.021,16.432],[82.033,16.445],[82.11,16.481],[82.113,16.488],[82.12,16.486],[82.224,16.538],[82.31,16.568],[82.306,16.575],[82.307,16.569],[82.292,16.564],[82.273,16.56],[82.268,16.564],[82.279,16.572],[82.289,16.571],[82.3,16.592],[82.293,16.603],[82.267,16.596],[82.26,16.587],[82.266,16.598],[82.287,16.601],[82.292,16.609],[82.278,16.636],[82.257,16.643],[82.254,16.657],[82.262,16.668],[82.258,16.69],[82.247,16.691],[82.215,16.71],[82.194,16.708],[82.179,16.716],[82.175,16.725],[82.189,16.727],[82.218,16.752],[82.222,16.75],[82.22,16.745],[82.21,16.731],[82.22,16.718],[82.281,16.723],[82.294,16.743],[82.301,16.733],[82.3,16.714]]]]},"properties":{"ID_0":105,"ISO":"IND","NAME_0":"India","ID_1":2,"NAME_1":"Andhra Pradesh"}},
{"type":"Feature","geometry":{"type":"Polygon","coordinates":[[[95.238,26.686],[95.244,26.694],[95.251,26.692],[95.26,26.686],[95.262,26.674],[95.272,26.663],[95.303,26.656],[95.347,26.678],[95.366,26.678],[95.406,26.697],[95.429,26.7],[95.466,26.75],[95.483,26.755],[95.489,26.762],[95.515,26.813],[95.533,26.831],[95.555,26.84],[95.575,26.826],[95.612,26.821],[95.632,26.849],[95.637,26.879],[95.651,26.884],[95.663,26.905],[95.673,26.91],[95.703,26.887],[95.721,26.884],[95.731,26.887],[95.758,26.915],[95.753,26.93],[95.764,26.945],[95.761,26.964],[95.808,27.02],[95.838,27.015],[95.858,27.022],[95.877,27.02],[95.936,27.053],[95.957,27.068],[95.979,27.111],[96.017,27.155],[96.036,27.196],[96.086,27.217],[96.099,27.231],[96.115,27.233],[96.164,27.254],[96.182,27.254],[96.196,27.265],[96.218,27.27],[96.234,27.285],[96.267,27.278],[96.279,27.279],[96.29,27.294],[96.311,27.302],[96.348,27.288],[96.362,27.294],[96.364,27.3],[96.392,27.295],[96.416,27.3],[96.433,27.31],[96.471,27.312],[96.486,27.305],[96.505,27.308],[96.522,27.294],[96.562,27.325],[96.601,27.345],[96.598,27.356],[96.613,27.369],[96.67,27.372],[96.699,27.366],[96.713,27.381],[96.741,27.364],[96.773,27.365],[96.802,27.354],[96.825,27.32],[96.85,27.306],[96.862,27.273],[96.885,27.268],[96.893,27.248],[96.89,27.237],[96.863,27.219],[96.866,27.2],[96.876,27.194],[96.918,27.175],[96.985,27.167],[96.999,27.154],[97.03,27.142],[97.053,27.119],[97.072,27.109],[97.109,27.121],[97.131,27.104],[97.146,27.103],[97.156,27.126],[97.172,27.137],[97.167,27.155],[97.156,27.162],[97.15,27.178],[97.14,27.177],[97.127,27.185],[97.117,27.209],[97.095,27.221],[97.094,27.248],[97.063,27.272],[97.057,27.286],[97.044,27.29],[97.04,27.308],[97.003,27.33],[96.997,27.355],[96.972,27.379],[96.969,27.386],[96.976,27.396],[96.966,27.415],[96.941,27.427],[96.933,27.451],[96.912,27.463],[96.914,27.488],[96.938,27.53],[96.916,27.558],[96.914,27.588],[96.899,27.594],[96.898,27.621],[96.919,27.631],[96.929,27.656],[96.942,27.667],[96.959,27.674],[96.978,27.672],[97.016,27.741],[97.029,27.749],[97.048,27.749],[97.068,27.76],[97.096,27.75],[97.105,27.775],[97.098,27.789],[97.102,27.793],[97.124,27.799],[97.137,27.815],[97.16,27.823],[97.168,27.836],[97.187,27.846],[97.256,27.91],[97.309,27.93],[97.324,27.912],[97.321,27.89],[97.344,27.894],[97.365,27.885],[97.389,27.896],[97.379,27.918],[97.388,27.927],[97.376,27.944],[97.378,27.986],[97.391,28.012],[97.412,28.015],[97.415,28.024],[97.377,28.039],[97.368,28.052],[97.374,28.07],[97.332,28.065],[97.312,28.07],[97.308,28.077],[97.31,28.093],[97.339,28.12],[97.325,28.148],[97.331,28.163],[97.364,28.196],[97.372,28.2],[97.392,28.191],[97.4,28.194],[97.401,28.201],[97.375,28.226],[97.327,28.251],[97.313,28.252],[97.306,28.264],[97.282,28.276],[97.241,28.275],[97.224,28.3],[97.193,28.294],[97.174,28.299],[97.152,28.334],[97.126,28.356],[97.093,28.37],[97.052,28.358],[97.023,28.326],[96.996,28.316],[96.974,28.324],[96.953,28.34],[96.926,28.345],[96.92,28.363],[96.899,28.386],[96.862,28.378],[96.852,28.368],[96.774,28.374],[96.751,28.422],[96.706,28.437],[96.665,28.466],[96.58,28.463],[96.51,28.418],[96.48,28.425],[96.458,28.419],[96.432,28.392],[96.423,28.351],[96.399,28.344],[96.392,28.363],[96.38,28.364],[96.371,28.394],[96.32,28.386],[96.305,28.405],[96.264,28.413],[96.341,28.47],[96.367,28.48],[96.373,28.487],[96.367,28.505],[96.324,28.53],[96.326,28.534],[96.355,28.561],[96.407,28.564],[96.401,28.594],[96.423,28.585],[96.428,28.587],[96.444,28.606],[96.494,28.638],[96.473,28.688],[96.491,28.688],[96.522,28.709],[96.56,28.712],[96.586,28.722],[96.614,28.76],[96.616,28.779],[96.604,28.804],[96.576,28.83],[96.537,28.884],[96.539,28.921],[96.524,28.948],[96.519,28.971],[96.493,28.962],[96.488,28.965],[96.477,28.994],[96.525,29.079],[96.436,29.038],[96.347,29.032],[96.294,28.999],[96.256,28.959],[96.248,28.943],[96.175,28.904],[96.167,28.906],[96.163,28.922],[96.145,28.937],[96.155,28.956],[96.18,28.969],[96.185,28.988],[96.15,29.053],[96.115,29.078],[96.186,29.095],[96.2,29.106],[96.217,29.138],[96.228,29.146],[96.249,29.15],[96.26,29.16],[96.346,29.171],[96.358,29.182],[96.371,29.218],[96.388,29.234],[96.393,29.257],[96.375,29.284],[96.363,29.286],[96.345,29.267],[96.313,29.259],[96.293,29.236],[96.244,29.235],[96.21,29.275],[96.203,29.294],[96.183,29.309],[96.186,29.344],[96.175,29.365],[96.15,29.399],[96.113,29.428],[96.093,29.456],[96.081,29.463],[96.056,29.458],[96.002,29.412],[95.987,29.407],[95.957,29.383],[95.881,29.391],[95.848,29.359],[95.84,29.354],[95.827,29.356],[95.796,29.336],[95.791,29.338],[95.783,29.356],[95.778,29.356],[95.745,29.329],[95.743,29.316],[95.727,29.302],[95.702,29.3],[95.683,29.277],[95.638,29.25],[95.599,29.262],[95.588,29.242],[95.586,29.218],[95.538,29.214],[95.545,29.181],[95.547,29.129],[95.504,29.143],[95.496,29.14],[95.486,29.076],[95.454,29.037],[95.447,29.036],[95.429,29.041],[95.41,29.034],[95.385,29.038],[95.345,29.046],[95.303,29.063],[95.267,29.058],[95.25,29.069],[95.251,29.11],[95.197,29.108],[95.122,29.116],[95.098,29.144],[95.04,29.152],[94.997,29.173],[94.987,29.174],[95.018,29.143],[95.026,29.134],[95.023,29.131],[94.995,29.141],[94.968,29.16],[94.919,29.162],[94.872,29.184],[94.847,29.183],[94.798,29.165],[94.793,29.18],[94.798,29.21],[94.777,29.241],[94.711,29.304],[94.677,29.328],[94.641,29.347],[94.628,29.349],[94.624,29.346],[94.619,29.313],[94.605,29.297],[94.578,29.281],[94.572,29.251],[94.558,29.229],[94.533,29.219],[94.494,29.217],[94.431,29.227],[94.372,29.19],[94.368,29.166],[94.357,29.153],[94.288,29.148],[94.258,29.117],[94.215,29.084],[94.175,29.02],[94.173,28.992],[94.158,28.974],[94.155,28.955],[94.067,28.896],[94.03,28.853],[93.995,28.841],[94,28.82],[93.986,28.807],[93.985,28.798],[94.002,28.784],[94.001,28.776],[93.969,28.751],[93.966,28.723],[93.957,28.705],[93.926,28.672],[93.904,28.677],[93.865,28.704],[93.844,28.707],[93.775,28.669],[93.732,28.689],[93.62,28.658],[93.534,28.659],[93.524,28.661],[93.509,28.68],[93.491,28.684],[93.479,28.675],[93.474,28.654],[93.467,28.652],[93.446,28.676],[93.412,28.653],[93.351,28.639],[93.337,28.64],[93.328,28.608],[93.3,28.6],[93.305,28.566],[93.289,28.543],[93.276,28.505],[93.235,28.483],[93.208,28.452],[93.183,28.44],[93.181,28.433],[93.232,28.401],[93.222,28.378],[93.219,28.334],[93.194,28.318],[93.155,28.318],[93.125,28.327],[93.095,28.307],[93.072,28.309],[93.046,28.302],[93.024,28.303],[93.034,28.263],[93,28.231],[92.99,28.234],[92.986,28.251],[92.965,28.262],[92.913,28.235],[92.895,28.205],[92.826,28.172],[92.821,28.174],[92.816,28.202],[92.8,28.202],[92.783,28.184],[92.737,28.152],[92.687,28.126],[92.663,28.063],[92.681,28.059],[92.695,28.048],[92.739,27.989],[92.714,27.949],[92.669,27.9],[92.605,27.878],[92.554,27.818],[92.544,27.817],[92.515,27.84],[92.501,27.842],[92.455,27.803],[92.444,27.801],[92.414,27.823],[92.407,27.822],[92.383,27.816],[92.38,27.795],[92.307,27.779],[92.285,27.808],[92.264,27.858],[92.246,27.864],[92.21,27.859],[92.156,27.837],[92.055,27.759],[92.038,27.757],[91.984,27.77],[91.966,27.751],[91.956,27.751],[91.945,27.729],[91.919,27.715],[91.908,27.726],[91.879,27.722],[91.87,27.734],[91.861,27.737],[91.845,27.776],[91.833,27.78],[91.824,27.81],[91.815,27.803],[91.804,27.809],[91.758,27.801],[91.71,27.813],[91.694,27.822],[91.669,27.857],[91.662,27.858],[91.607,27.854],[91.594,27.862],[91.584,27.856],[91.577,27.862],[91.564,27.853],[91.559,27.852],[91.553,27.859],[91.544,27.856],[91.565,27.815],[91.573,27.813],[91.599,27.821],[91.628,27.801],[91.631,27.772],[91.64,27.765],[91.64,27.758],[91.63,27.747],[91.624,27.706],[91.61,27.693],[91.596,27.693],[91.598,27.687],[91.592,27.683],[91.59,27.672],[91.567,27.652],[91.558,27.633],[91.563,27.62],[91.576,27.608],[91.577,27.6],[91.562,27.584],[91.567,27.575],[91.581,27.562],[91.594,27.54],[91.609,27.542],[91.621,27.513],[91.644,27.499],[91.647,27.485],[91.653,27.483],[91.69,27.503],[91.711,27.491],[91.714,27.474],[91.72,27.47],[91.75,27.474],[91.774,27.465],[91.809,27.473],[91.828,27.469],[91.849,27.483],[91.863,27.482],[91.872,27.473],[91.891,27.473],[91.899,27.468],[91.923,27.471],[91.939,27.461],[91.965,27.467],[91.979,27.465],[91.997,27.477],[92.019,27.48],[92.019,27.448],[92.039,27.437],[92.042,27.413],[92.054,27.4],[92.046,27.368],[92.06,27.345],[92.059,27.327],[92.078,27.31],[92.103,27.301],[92.121,27.288],[92.119,27.276],[92.102,27.269],[92.07,27.277],[92.04,27.267],[92.04,27.262],[92.066,27.245],[92.07,27.224],[92.057,27.203],[92.056,27.19],[92.025,27.172],[92.023,27.162],[92.036,27.138],[92.022,27.115],[92.034,27.065],[92.045,27.052],[92.064,27.052],[92.077,27.04],[92.08,27.021],[92.103,27.008],[92.102,26.983],[92.113,26.976],[92.117,26.96],[92.112,26.949],[92.117,26.932],[92.108,26.894],[92.124,26.89],[92.195,26.891],[92.255,26.912],[92.276,26.902],[92.304,26.91],[92.303,26.924],[92.353,26.936],[92.4,26.926],[92.412,26.944],[92.426,26.943],[92.446,26.961],[92.46,26.963],[92.505,26.967],[92.554,26.959],[92.585,26.962],[92.645,26.987],[92.645,27.01],[92.639,27.019],[92.65,27.025],[92.659,27.039],[92.714,27.026],[92.769,27.033],[92.872,27.008],[92.917,26.985],[92.918,26.964],[93.019,26.917],[93.069,26.924],[93.092,26.916],[93.109,26.927],[93.222,26.949],[93.348,26.963],[93.448,26.954],[93.468,26.939],[93.487,26.943],[93.489,26.939],[93.526,26.949],[93.584,26.953],[93.624,26.964],[93.676,26.971],[93.719,27.019],[93.768,27.043],[93.772,27.062],[93.778,27.053],[93.783,27.067],[93.786,27.055],[93.791,27.055],[93.797,27.071],[93.805,27.061],[93.813,27.071],[93.819,27.065],[93.835,27.075],[93.825,27.119],[93.813,27.124],[93.814,27.132],[93.8,27.133],[93.798,27.137],[93.806,27.138],[93.807,27.15],[93.827,27.169],[93.84,27.173],[93.867,27.199],[93.901,27.242],[93.957,27.295],[94.001,27.33],[94,27.335],[94.061,27.364],[94.086,27.405],[94.16,27.466],[94.157,27.478],[94.191,27.496],[94.212,27.498],[94.222,27.507],[94.259,27.523],[94.263,27.527],[94.257,27.557],[94.226,27.576],[94.221,27.588],[94.225,27.599],[94.211,27.611],[94.217,27.609],[94.235,27.633],[94.252,27.641],[94.267,27.628],[94.254,27.614],[94.272,27.603],[94.276,27.593],[94.288,27.592],[94.298,27.604],[94.312,27.59],[94.367,27.577],[94.376,27.585],[94.388,27.589],[94.403,27.587],[94.421,27.601],[94.431,27.603],[94.436,27.584],[94.453,27.571],[94.46,27.558],[94.479,27.577],[94.5,27.577],[94.526,27.596],[94.574,27.607],[94.591,27.623],[94.634,27.629],[94.648,27.642],[94.669,27.65],[94.683,27.65],[94.687,27.653],[94.684,27.663],[94.689,27.667],[94.713,27.66],[94.721,27.67],[94.743,27.663],[94.756,27.667],[94.772,27.684],[94.791,27.689],[94.795,27.698],[94.821,27.696],[94.839,27.704],[94.849,27.711],[94.854,27.732],[94.866,27.736],[94.861,27.739],[94.884,27.742],[94.998,27.777],[95.031,27.775],[95.052,27.79],[95.317,27.871],[95.384,27.842],[95.516,27.882],[95.526,27.898],[95.544,27.902],[95.544,27.913],[95.565,27.923],[95.571,27.942],[95.589,27.942],[95.607,27.958],[95.826,27.977],[95.977,27.969],[95.952,27.942],[95.958,27.933],[95.938,27.903],[95.925,27.901],[95.927,27.887],[95.921,27.89],[95.914,27.875],[95.906,27.877],[95.907,27.869],[95.895,27.867],[95.892,27.857],[95.877,27.842],[95.852,27.834],[95.843,27.821],[95.823,27.809],[95.801,27.777],[95.781,27.758],[95.788,27.742],[95.758,27.731],[95.77,27.72],[95.775,27.697],[95.796,27.688],[95.78,27.679],[95.778,27.672],[95.779,27.661],[95.801,27.649],[95.797,27.636],[95.787,27.632],[95.787,27.623],[95.794,27.622],[95.798,27.608],[95.824,27.603],[95.821,27.582],[95.832,27.579],[95.84,27.567],[95.852,27.566],[95.862,27.553],[95.881,27.553],[95.878,27.52],[95.89,27.506],[95.879,27.499],[95.876,27.471],[95.861,27.466],[95.864,27.452],[95.853,27.445],[95.849,27.43],[95.867,27.417],[95.865,27.429],[95.889,27.444],[95.893,27.406],[95.917,27.443],[95.95,27.445],[95.953,27.433],[95.961,27.429],[95.967,27.437],[95.968,27.424],[95.973,27.437],[95.978,27.435],[95.98,27.422],[95.991,27.419],[96.002,27.393],[96.021,27.371],[96.018,27.368],[95.997,27.363],[95.994,27.351],[95.97,27.337],[95.984,27.334],[95.969,27.332],[95.963,27.317],[95.906,27.292],[95.894,27.263],[95.872,27.267],[95.861,27.28],[95.86,27.294],[95.81,27.281],[95.806,27.292],[95.785,27.279],[95.74,27.27],[95.721,27.258],[95.684,27.257],[95.637,27.237],[95.634,27.24],[95.59,27.23],[95.574,27.251],[95.556,27.254],[95.535,27.271],[95.52,27.264],[95.516,27.269],[95.506,27.255],[95.487,27.246],[95.469,27.218],[95.46,27.213],[95.469,27.191],[95.464,27.182],[95.468,27.172],[95.459,27.163],[95.466,27.155],[95.458,27.136],[95.451,27.139],[95.441,27.133],[95.42,27.131],[95.377,27.102],[95.366,27.113],[95.349,27.105],[95.313,27.087],[95.278,27.057],[95.278,27.05],[95.248,27.03],[95.231,27.046],[95.229,27.04],[95.223,27.041],[95.214,27.033],[95.204,27.043],[95.196,27.043],[95.2,27.006],[95.195,26.99],[95.21,26.983],[95.205,26.982],[95.215,26.97],[95.207,26.963],[95.213,26.959],[95.209,26.957],[95.214,26.937],[95.226,26.934],[95.234,26.921],[95.234,26.891],[95.23,26.886],[95.213,26.886],[95.185,26.865],[95.196,26.85],[95.209,26.851],[95.199,26.84],[95.215,26.798],[95.245,26.787],[95.22,26.76],[95.216,26.735],[95.236,26.712],[95.238,26.686]]]},"properties":{"ID_0":105,"ISO":"IND","NAME_0":"India","ID_1":3,"NAME_1":"Arunachal Pradesh"}},
{"type":"Feature","geometry":{"type":"MultiPolygon","coordinates":[[[[89.871,25.537],[89.865,25.54],[89.858,25.535],[89.864,25.51],[89.855,25.476],[89.864,25.473],[89.869,25.476],[89.88,25.489],[89.874,25.514],[89.87,25.521],[89.876,25.529],[89.871,25.537]]],[[[95.196,27.043],[95.204,27.043],[95.214,27.033],[95.223,27.041],[95.229,27.04],[95.231,27.046],[95.248,27.03],[95.278,27.05],[95.278,27.057],[95.313,27.087],[95.349,27.105],[95.366,27.113],[95.377,27.102],[95.42,27.131],[95.441,27.133],[95.451,27.139],[95.458,27.136],[95.466,27.155],[95.459,27.163],[95.468,27.172],[95.464,27.182],[95.469,27.191],[95.46,27.213],[95.469,27.218],[95.487,27.246],[95.506,27.255],[95.516,27.269],[95.52,27.264],[95.535,27.271],[95.556,27.254],[95.574,27.251],[95.59,27.23],[95.634,27.24],[95.637,27.237],[95.684,27.257],[95.721,27.258],[95.74,27.27],[95.785,27.279],[95.806,27.292],[95.81,27.281],[95.86,27.294],[95.861,27.28],[95.872,27.267],[95.894,27.263],[95.906,27.292],[95.963,27.317],[95.969,27.332],[95.984,27.334],[95.97,27.337],[95.994,27.351],[95.997,27.363],[96.018,27.368],[96.021,27.371],[96.002,27.393],[95.991,27.419],[95.98,27.422],[95.978,27.435],[95.973,27.437],[95.968,27.424],[95.967,27.437],[95.961,27.429],[95.953,27.433],[95.95,27.445],[95.917,27.443],[95.893,27.406],[95.889,27.444],[95.865,27.429],[95.867,27.417],[95.849,27.43],[95.853,27.445],[95.864,27.452],[95.861,27.466],[95.876,27.471],[95.879,27.499],[95.89,27.506],[95.878,27.52],[95.881,27.553],[95.862,27.553],[95.852,27.566],[95.84,27.567],[95.832,27.579],[95.821,27.582],[95.824,27.603],[95.798,27.608],[95.794,27.622],[95.787,27.623],[95.787,27.632],[95.797,27.636],[95.801,27.649],[95.779,27.661],[95.778,27.672],[95.78,27.679],[95.796,27.688],[95.775,27.697],[95.77,27.72],[95.758,27.731],[95.788,27.742],[95.781,27.758],[95.801,27.777],[95.823,27.809],[95.843,27.821],[95.852,27.834],[95.877,27.842],[95.892,27.857],[95.895,27.867],[95.907,27.869],[95.906,27.877],[95.914,27.875],[95.921,27.89],[95.927,27.887],[95.925,27.901],[95.938,27.903],[95.958,27.933],[95.952,27.942],[95.977,27.969],[95.826,27.977],[95.607,27.958],[95.589,27.942],[95.571,27.942],[95.565,27.923],[95.544,27.913],[95.544,27.902],[95.526,27.898],[95.516,27.882],[95.384,27.842],[95.317,27.871],[95.052,27.79],[95.031,27.775],[94.998,27.777],[94.884,27.742],[94.861,27.739],[94.866,27.736],[94.854,27.732],[94.849,27.711],[94.839,27.704],[94.821,27.696],[94.795,27.698],[94.791,27.689],[94.772,27.684],[94.756,27.667],[94.743,27.663],[94.721,27.67],[94.713,27.66],[94.689,27.667],[94.684,27.663],[94.687,27.653],[94.683,27.65],[94.669,27.65],[94.648,27.642],[94.634,27.629],[94.591,27.623],[94.574,27.607],[94.526,27.596],[94.5,27.577],[94.479,27.577],[94.46,27.558],[94.453,27.571],[94.436,27.584],[94.431,27.603],[94.421,27.601],[94.403,27.587],[94.388,27.589],[94.376,27.585],[94.367,27.577],[94.312,27.59],[94.298,27.604],[94.288,27.592],[94.276,27.593],[94.272,27.603],[94.254,27.614],[94.267,27.628],[94.252,27.641],[94.235,27.633],[94.217,27.609],[94.211,27.611],[94.225,27.599],[94.221,27.588],[94.226,27.576],[94.257,27.557],[94.263,27.527],[94.259,27.523],[94.222,27.507],[94.212,27.498],[94.191,27.496],[94.157,27.478],[94.16,27.466],[94.086,27.405],[94.061,27.364],[94,27.335],[94.001,27.33],[93.957,27.295],[93.901,27.242],[93.867,27.199],[93.84,27.173],[93.827,27.169],[93.807,27.15],[93.806,27.138],[93.798,27.137],[93.8,27.133],[93.814,27.132],[93.813,27.124],[93.825,27.119],[93.835,27.075],[93.819,27.065],[93.813,27.071],[93.805,27.061],[93.797,27.071],[93.791,27.055],[93.786,27.055],[93.783,27.067],[93.778,27.053],[93.772,27.062],[93.768,27.043],[93.719,27.019],[93.676,26.971],[93.624,26.964],[93.584,26.953],[93.526,26.949],[93.489,26.939],[93.487,26.943],[93.468,26.939],[93.448,26.954],[93.348,26.963],[93.222,26.949],[93.109,26.927],[93.092,26.916],[93.069,26.924],[93.019,26.917],[92.918,26.964],[92.917,26.985],[92.872,27.008],[92.769,27.033],[92.714,27.026],[92.659,27.039],[92.65,27.025],[92.639,27.019],[92.645,27.01],[92.645,26.987],[92.585,26.962],[92.554,26.959],[92.505,26.967],[92.46,26.963],[92.446,26.961],[92.426,26.943],[92.412,26.944],[92.4,26.926],[92.353,26.936],[92.303,26.924],[92.304,26.91],[92.276,26.902],[92.255,26.912],[92.195,26.891],[92.124,26.89],[92.108,26.894],[92.089,26.861],[92.046,26.848],[91.986,26.858],[91.954,26.888],[91.897,26.916],[91.858,26.914],[91.832,26.876],[91.802,26.852],[91.727,26.813],[91.697,26.812],[91.687,26.805],[91.624,26.821],[91.591,26.805],[91.493,26.79],[91.478,26.792],[91.408,26.836],[91.402,26.835],[91.38,26.801],[91.336,26.78],[91.295,26.785],[91.262,26.805],[91.18,26.811],[91.13,26.808],[91.097,26.82],[91.089,26.818],[91.054,26.779],[90.996,26.788],[90.897,26.779],[90.741,26.775],[90.723,26.768],[90.7,26.768],[90.679,26.78],[90.649,26.774],[90.63,26.792],[90.56,26.801],[90.422,26.898],[90.41,26.902],[90.364,26.898],[90.355,26.896],[90.346,26.876],[90.312,26.851],[90.29,26.848],[90.244,26.858],[90.215,26.854],[90.195,26.833],[90.184,26.81],[90.189,26.771],[90.055,26.729],[90.002,26.734],[89.985,26.727],[89.921,26.723],[89.889,26.724],[89.862,26.737],[89.857,26.704],[89.871,26.684],[89.868,26.657],[89.876,26.649],[89.857,26.632],[89.857,26.623],[89.862,26.615],[89.877,26.613],[89.872,26.595],[89.878,26.584],[89.862,26.578],[89.865,26.548],[89.854,26.517],[89.853,26.488],[89.862,26.466],[89.871,26.46],[89.869,26.448],[89.848,26.422],[89.85,26.414],[89.845,26.41],[89.833,26.412],[89.827,26.396],[89.831,26.39],[89.84,26.391],[89.847,26.403],[89.857,26.384],[89.845,26.384],[89.841,26.378],[89.828,26.381],[89.821,26.351],[89.811,26.358],[89.82,26.371],[89.781,26.352],[89.778,26.328],[89.762,26.317],[89.752,26.322],[89.751,26.306],[89.759,26.293],[89.757,26.289],[89.746,26.291],[89.742,26.295],[89.721,26.296],[89.723,26.308],[89.716,26.302],[89.721,26.288],[89.737,26.271],[89.734,26.266],[89.732,26.26],[89.717,26.259],[89.711,26.265],[89.712,26.27],[89.705,26.27],[89.701,26.261],[89.711,26.258],[89.716,26.255],[89.716,26.246],[89.729,26.238],[89.718,26.232],[89.712,26.228],[89.706,26.217],[89.7,26.219],[89.698,26.216],[89.715,26.215],[89.724,26.217],[89.732,26.212],[89.726,26.206],[89.714,26.206],[89.716,26.191],[89.711,26.189],[89.695,26.189],[89.703,26.177],[89.707,26.173],[89.717,26.177],[89.734,26.175],[89.733,26.173],[89.727,26.174],[89.719,26.166],[89.723,26.155],[89.751,26.156],[89.757,26.14],[89.771,26.127],[89.759,26.109],[89.787,26.105],[89.786,26.083],[89.798,26.086],[89.795,26.075],[89.8,26.074],[89.803,26.058],[89.788,26.054],[89.792,26.046],[89.778,26.037],[89.78,26.034],[89.79,26.04],[89.796,26.034],[89.798,26.04],[89.804,26.039],[89.792,26.018],[89.799,26.018],[89.813,26.042],[89.826,26.009],[89.818,25.992],[89.823,25.985],[89.84,25.981],[89.834,25.997],[89.84,26.01],[89.849,26.003],[89.853,25.988],[89.875,25.976],[89.872,25.969],[89.841,25.964],[89.851,25.946],[89.833,25.951],[89.828,25.944],[89.844,25.941],[89.846,25.936],[89.877,25.943],[89.89,25.94],[89.881,25.919],[89.838,25.87],[89.84,25.856],[89.831,25.853],[89.831,25.838],[89.815,25.817],[89.83,25.807],[89.844,25.768],[89.845,25.757],[89.83,25.735],[89.832,25.725],[89.838,25.712],[89.856,25.707],[89.853,25.687],[89.875,25.656],[89.885,25.63],[89.886,25.608],[89.87,25.544],[89.878,25.549],[89.886,25.558],[89.918,25.563],[89.936,25.563],[89.973,25.575],[89.979,25.591],[89.995,25.586],[90.002,25.584],[90.006,25.588],[90.018,25.608],[90.005,25.624],[89.999,25.622],[89.983,25.627],[89.98,25.638],[89.947,25.659],[89.942,25.678],[89.932,25.69],[89.921,25.694],[89.919,25.703],[89.913,25.707],[89.894,25.727],[89.893,25.735],[89.899,25.744],[89.916,25.739],[89.934,25.745],[89.934,25.753],[89.955,25.774],[89.953,25.783],[89.952,25.811],[89.946,25.816],[89.946,25.82],[89.945,25.824],[89.951,25.825],[89.968,25.826],[89.976,25.834],[90.002,25.842],[89.997,25.844],[90.012,25.85],[90.022,25.866],[90.019,25.871],[90.014,25.872],[90.01,25.876],[90.005,25.879],[90.015,25.889],[90.028,25.894],[90.042,25.891],[90.052,25.899],[90.059,25.91],[90.063,25.916],[90.072,25.919],[90.078,25.918],[90.081,25.925],[90.092,25.929],[90.088,25.936],[90.096,25.94],[90.101,25.942],[90.105,25.942],[90.119,25.961],[90.123,25.957],[90.14,25.958],[90.153,25.965],[90.158,25.958],[90.176,25.957],[90.183,25.944],[90.194,25.957],[90.208,25.962],[90.213,25.954],[90.287,25.964],[90.324,25.974],[90.339,25.997],[90.365,26.01],[90.396,26.014],[90.411,26.006],[90.417,25.992],[90.429,25.989],[90.458,26],[90.477,26.015],[90.506,25.996],[90.534,25.958],[90.534,25.936],[90.513,25.896],[90.525,25.901],[90.553,25.929],[90.571,25.939],[90.582,25.96],[90.629,25.937],[90.608,25.92],[90.607,25.912],[90.614,25.9],[90.625,25.899],[90.627,25.917],[90.676,25.936],[90.686,25.951],[90.718,25.955],[90.725,25.949],[90.747,25.957],[90.74,25.941],[90.744,25.933],[90.753,25.934],[90.741,25.915],[90.745,25.912],[90.759,25.922],[90.758,25.911],[90.778,25.908],[90.792,25.936],[90.81,25.952],[90.824,25.945],[90.836,25.947],[90.837,25.938],[90.843,25.945],[90.873,25.943],[90.883,25.952],[90.896,25.937],[90.895,25.932],[90.919,25.913],[90.916,25.943],[90.932,25.94],[90.943,25.948],[90.946,25.939],[90.961,25.928],[90.967,25.887],[90.985,25.89],[91.014,25.884],[91.029,25.888],[91.027,25.867],[91.013,25.857],[91.001,25.822],[91.021,25.823],[91.049,25.849],[91.066,25.846],[91.079,25.853],[91.073,25.838],[91.05,25.829],[91.063,25.82],[91.067,25.826],[91.081,25.829],[91.121,25.831],[91.132,25.842],[91.153,25.85],[91.179,25.843],[91.196,25.859],[91.203,25.841],[91.19,25.821],[91.18,25.776],[91.189,25.763],[91.192,25.73],[91.224,25.723],[91.255,25.748],[91.276,25.747],[91.334,25.839],[91.353,25.838],[91.419,25.855],[91.444,25.841],[91.469,25.859],[91.508,25.865],[91.525,25.873],[91.533,25.884],[91.53,25.89],[91.508,25.867],[91.494,25.866],[91.475,25.871],[91.483,25.891],[91.493,25.896],[91.503,25.892],[91.501,25.898],[91.509,25.91],[91.531,25.924],[91.536,25.934],[91.506,25.913],[91.502,25.921],[91.52,25.941],[91.519,25.958],[91.537,25.962],[91.537,25.968],[91.551,25.975],[91.576,26.033],[91.588,26.03],[91.597,26.017],[91.597,26.021],[91.62,26.027],[91.632,26.022],[91.633,26.005],[91.625,25.986],[91.638,25.965],[91.63,25.945],[91.611,25.945],[91.611,25.94],[91.651,25.908],[91.662,25.91],[91.669,25.905],[91.701,25.942],[91.72,25.954],[91.723,26.03],[91.726,26.047],[91.735,26.057],[91.731,26.059],[91.759,26.071],[91.779,26.091],[91.79,26.087],[91.802,26.105],[91.811,26.105],[91.819,26.119],[91.876,26.098],[91.87,26.052],[91.883,26.03],[91.917,26.021],[91.916,26.01],[91.922,26],[91.934,26.015],[91.978,26.026],[91.991,26.041],[92.035,26.04],[92.053,26.033],[92.093,26.049],[92.133,26.046],[92.155,26.068],[92.178,26.08],[92.18,26.069],[92.212,26.071],[92.241,26.063],[92.269,26.068],[92.274,26.065],[92.297,26.079],[92.302,26.076],[92.222,25.999],[92.167,25.968],[92.165,25.954],[92.156,25.945],[92.164,25.912],[92.181,25.909],[92.197,25.918],[92.201,25.908],[92.223,25.911],[92.225,25.907],[92.216,25.894],[92.203,25.89],[92.18,25.87],[92.181,25.851],[92.153,25.813],[92.151,25.784],[92.166,25.734],[92.15,25.715],[92.161,25.696],[92.165,25.678],[92.161,25.672],[92.171,25.667],[92.211,25.696],[92.229,25.716],[92.237,25.708],[92.271,25.711],[92.308,25.726],[92.334,25.725],[92.363,25.737],[92.385,25.754],[92.387,25.743],[92.411,25.743],[92.416,25.74],[92.412,25.737],[92.417,25.73],[92.433,25.731],[92.442,25.721],[92.427,25.71],[92.432,25.691],[92.465,25.682],[92.481,25.664],[92.502,25.623],[92.511,25.617],[92.54,25.618],[92.558,25.612],[92.561,25.574],[92.573,25.56],[92.581,25.56],[92.587,25.553],[92.603,25.557],[92.609,25.566],[92.629,25.569],[92.641,25.587],[92.653,25.592],[92.66,25.585],[92.661,25.57],[92.65,25.56],[92.645,25.537],[92.622,25.516],[92.576,25.49],[92.568,25.481],[92.567,25.467],[92.571,25.464],[92.582,25.473],[92.585,25.468],[92.598,25.472],[92.609,25.417],[92.629,25.425],[92.629,25.435],[92.642,25.42],[92.654,25.435],[92.66,25.41],[92.674,25.417],[92.718,25.375],[92.737,25.381],[92.74,25.365],[92.761,25.335],[92.772,25.34],[92.784,25.333],[92.788,25.318],[92.784,25.308],[92.792,25.285],[92.789,25.279],[92.77,25.269],[92.777,25.261],[92.765,25.249],[92.772,25.233],[92.786,25.231],[92.804,25.219],[92.78,25.203],[92.747,25.208],[92.705,25.191],[92.694,25.181],[92.679,25.183],[92.667,25.177],[92.66,25.159],[92.638,25.145],[92.622,25.118],[92.582,25.132],[92.558,25.13],[92.525,25.14],[92.525,25.126],[92.543,25.1],[92.527,25.106],[92.484,25.108],[92.475,25.071],[92.46,25.055],[92.463,25.037],[92.457,25.035],[92.447,25.042],[92.438,25.034],[92.426,25.032],[92.433,25.028],[92.424,24.996],[92.428,24.973],[92.435,24.966],[92.446,24.967],[92.461,24.976],[92.474,24.957],[92.465,24.955],[92.459,24.96],[92.452,24.953],[92.456,24.946],[92.469,24.942],[92.479,24.943],[92.489,24.954],[92.491,24.922],[92.505,24.904],[92.495,24.9],[92.5,24.882],[92.492,24.874],[92.476,24.875],[92.47,24.871],[92.449,24.877],[92.447,24.863],[92.433,24.86],[92.432,24.852],[92.416,24.863],[92.409,24.851],[92.395,24.855],[92.391,24.85],[92.385,24.867],[92.371,24.872],[92.365,24.882],[92.355,24.88],[92.348,24.894],[92.348,24.879],[92.343,24.877],[92.336,24.893],[92.32,24.895],[92.314,24.908],[92.298,24.92],[92.29,24.916],[92.288,24.906],[92.271,24.911],[92.268,24.906],[92.258,24.907],[92.255,24.914],[92.245,24.91],[92.241,24.899],[92.251,24.88],[92.25,24.875],[92.241,24.871],[92.244,24.849],[92.248,24.842],[92.257,24.841],[92.255,24.834],[92.28,24.828],[92.285,24.795],[92.293,24.789],[92.287,24.769],[92.294,24.763],[92.285,24.744],[92.298,24.737],[92.263,24.689],[92.251,24.657],[92.251,24.636],[92.236,24.58],[92.231,24.504],[92.239,24.49],[92.23,24.48],[92.231,24.46],[92.236,24.45],[92.257,24.436],[92.256,24.419],[92.273,24.388],[92.272,24.379],[92.213,24.249],[92.297,24.252],[92.314,24.253],[92.422,24.253],[92.419,24.194],[92.433,24.183],[92.434,24.174],[92.435,24.163],[92.437,24.151],[92.442,24.153],[92.463,24.136],[92.467,24.135],[92.473,24.142],[92.481,24.141],[92.479,24.149],[92.484,24.154],[92.483,24.157],[92.485,24.159],[92.488,24.162],[92.502,24.162],[92.505,24.167],[92.51,24.163],[92.513,24.163],[92.509,24.169],[92.514,24.174],[92.525,24.173],[92.533,24.181],[92.551,24.246],[92.565,24.25],[92.588,24.245],[92.612,24.253],[92.624,24.333],[92.638,24.336],[92.641,24.329],[92.649,24.329],[92.658,24.344],[92.675,24.35],[92.684,24.347],[92.691,24.355],[92.697,24.374],[92.704,24.376],[92.714,24.413],[92.754,24.507],[92.765,24.521],[92.803,24.427],[92.801,24.419],[92.809,24.419],[92.831,24.401],[92.825,24.39],[92.829,24.378],[92.844,24.38],[92.863,24.399],[92.874,24.397],[92.891,24.402],[92.894,24.395],[92.905,24.394],[92.912,24.413],[92.936,24.396],[92.951,24.405],[92.96,24.396],[92.98,24.41],[93,24.403],[93.006,24.412],[93.016,24.403],[93.039,24.411],[93.032,24.429],[93.038,24.461],[93.048,24.464],[93.049,24.475],[93.036,24.497],[93.044,24.506],[93.041,24.515],[93.053,24.52],[93.048,24.531],[93.053,24.545],[93.061,24.555],[93.066,24.547],[93.073,24.561],[93.061,24.575],[93.087,24.571],[93.097,24.583],[93.107,24.584],[93.099,24.591],[93.089,24.59],[93.075,24.596],[93.087,24.611],[93.079,24.621],[93.079,24.626],[93.089,24.628],[93.085,24.648],[93.096,24.653],[93.105,24.675],[93.102,24.68],[93.092,24.678],[93.093,24.688],[93.076,24.71],[93.079,24.714],[93.089,24.709],[93.093,24.724],[93.107,24.742],[93.103,24.747],[93.102,24.742],[93.099,24.744],[93.106,24.77],[93.101,24.778],[93.113,24.802],[93.11,24.81],[93.123,24.82],[93.121,24.809],[93.131,24.806],[93.137,24.811],[93.153,24.79],[93.174,24.804],[93.179,24.796],[93.182,24.805],[93.197,24.811],[93.192,24.823],[93.197,24.834],[93.193,24.836],[93.202,24.84],[93.194,24.844],[93.202,24.844],[93.197,24.856],[93.209,24.857],[93.229,24.877],[93.226,24.881],[93.235,24.89],[93.23,24.895],[93.243,24.904],[93.239,24.915],[93.253,24.919],[93.25,24.93],[93.243,24.931],[93.248,24.94],[93.24,24.939],[93.244,24.944],[93.254,24.943],[93.249,24.955],[93.262,24.951],[93.263,24.966],[93.253,24.973],[93.252,24.981],[93.256,25.002],[93.263,25.004],[93.247,25.004],[93.249,25.019],[93.258,25.022],[93.256,25.029],[93.268,25.05],[93.284,25.052],[93.292,25.047],[93.3,25.053],[93.305,25.048],[93.313,25.078],[93.324,25.092],[93.336,25.096],[93.349,25.125],[93.347,25.164],[93.353,25.182],[93.385,25.226],[93.389,25.246],[93.404,25.263],[93.421,25.266],[93.426,25.281],[93.445,25.292],[93.46,25.295],[93.474,25.309],[93.457,25.325],[93.462,25.337],[93.452,25.344],[93.478,25.38],[93.463,25.411],[93.462,25.435],[93.435,25.455],[93.417,25.453],[93.396,25.464],[93.39,25.469],[93.386,25.493],[93.372,25.501],[93.35,25.534],[93.352,25.538],[93.34,25.537],[93.332,25.547],[93.348,25.563],[93.364,25.561],[93.365,25.57],[93.373,25.569],[93.376,25.577],[93.385,25.578],[93.382,25.585],[93.391,25.589],[93.39,25.595],[93.407,25.596],[93.408,25.609],[93.428,25.631],[93.434,25.63],[93.447,25.639],[93.462,25.633],[93.457,25.641],[93.476,25.648],[93.483,25.646],[93.484,25.652],[93.5,25.657],[93.526,25.7],[93.531,25.693],[93.538,25.703],[93.544,25.702],[93.55,25.719],[93.547,25.734],[93.557,25.738],[93.556,25.742],[93.565,25.741],[93.573,25.761],[93.584,25.758],[93.588,25.768],[93.594,25.764],[93.603,25.771],[93.606,25.767],[93.608,25.777],[93.622,25.78],[93.629,25.804],[93.641,25.818],[93.648,25.824],[93.678,25.829],[93.691,25.848],[93.704,25.854],[93.705,25.849],[93.688,25.909],[93.705,25.921],[93.752,25.936],[93.749,25.942],[93.763,25.955],[93.77,25.954],[93.773,25.966],[93.789,25.953],[93.787,25.947],[93.793,25.937],[93.789,25.933],[93.798,25.91],[93.787,25.879],[93.792,25.87],[93.781,25.859],[93.78,25.846],[93.796,25.814],[93.808,25.816],[93.819,25.826],[93.824,25.847],[93.842,25.863],[93.852,25.863],[93.883,25.846],[93.916,25.888],[93.935,25.891],[93.94,25.901],[93.96,25.905],[93.979,25.92],[93.983,25.926],[93.971,25.945],[93.969,25.961],[93.956,25.974],[93.961,25.997],[93.955,26.007],[93.966,26.042],[93.973,26.045],[93.991,26.073],[93.986,26.088],[93.992,26.093],[93.994,26.106],[94.002,26.111],[93.991,26.118],[93.998,26.131],[93.991,26.134],[94.005,26.142],[94,26.158],[94.005,26.173],[94.013,26.186],[94.036,26.203],[94.038,26.23],[94.049,26.25],[94.065,26.262],[94.07,26.26],[94.077,26.285],[94.103,26.309],[94.108,26.326],[94.129,26.323],[94.119,26.334],[94.139,26.342],[94.147,26.335],[94.176,26.344],[94.18,26.354],[94.168,26.353],[94.164,26.36],[94.176,26.372],[94.179,26.389],[94.174,26.421],[94.187,26.461],[94.201,26.47],[94.211,26.49],[94.24,26.511],[94.277,26.559],[94.29,26.564],[94.285,26.54],[94.294,26.481],[94.303,26.467],[94.317,26.463],[94.324,26.471],[94.324,26.479],[94.352,26.496],[94.356,26.503],[94.351,26.509],[94.378,26.513],[94.378,26.525],[94.399,26.532],[94.408,26.55],[94.405,26.555],[94.412,26.558],[94.408,26.561],[94.415,26.583],[94.406,26.602],[94.408,26.614],[94.455,26.639],[94.463,26.635],[94.459,26.655],[94.468,26.67],[94.498,26.674],[94.516,26.687],[94.523,26.704],[94.528,26.701],[94.545,26.711],[94.563,26.707],[94.563,26.691],[94.575,26.691],[94.572,26.696],[94.583,26.706],[94.592,26.703],[94.596,26.718],[94.605,26.717],[94.603,26.724],[94.593,26.726],[94.604,26.739],[94.61,26.74],[94.621,26.721],[94.628,26.719],[94.687,26.733],[94.737,26.767],[94.746,26.782],[94.756,26.772],[94.773,26.795],[94.802,26.806],[94.805,26.812],[94.797,26.819],[94.813,26.825],[94.821,26.854],[94.852,26.881],[94.87,26.915],[94.886,26.932],[94.928,26.952],[94.934,26.939],[94.957,26.944],[94.986,26.918],[94.992,26.918],[94.993,26.926],[95.021,26.925],[95.038,26.938],[95.087,26.953],[95.11,26.967],[95.117,26.984],[95.149,27],[95.196,27.043]]]]},"properties":{"ID_0":105,"ISO":"IND","NAME_0":"India","ID_1":4,"NAME_1":"Assam"}},
{"type":"Feature","geometry":{"type":"MultiPolygon","coordinates":[[[[88.106,26.536],[88.105,26.539],[88.101,26.536],[88.106,26.536]]],[[[88.106,26.536],[88.106,26.518],[88.098,26.516],[88.099,26.511],[88.093,26.507],[88.101,26.505],[88.108,26.489],[88.103,26.479],[88.109,26.476],[88.1,26.472],[88.106,26.467],[88.094,26.463],[88.099,26.452],[88.097,26.437],[88.072,26.413],[88.074,26.408],[88.063,26.409],[88.058,26.4],[88.05,26.401],[88.037,26.392],[88.03,26.382],[88.033,26.365],[88.01,26.361],[88,26.365],[87.995,26.369],[87.994,26.392],[87.968,26.397],[87.929,26.418],[87.929,26.427],[87.919,26.431],[87.928,26.44],[87.927,26.446],[87.901,26.448],[87.912,26.457],[87.903,26.477],[87.891,26.486],[87.888,26.476],[87.861,26.463],[87.865,26.453],[87.854,26.445],[87.851,26.436],[87.831,26.44],[87.832,26.45],[87.792,26.469],[87.785,26.454],[87.776,26.45],[87.78,26.442],[87.775,26.436],[87.78,26.436],[87.778,26.427],[87.773,26.427],[87.779,26.422],[87.77,26.419],[87.769,26.412],[87.756,26.408],[87.75,26.419],[87.742,26.417],[87.736,26.408],[87.712,26.427],[87.701,26.428],[87.695,26.435],[87.68,26.435],[87.681,26.415],[87.653,26.406],[87.654,26.393],[87.615,26.39],[87.608,26.381],[87.59,26.382],[87.59,26.392],[87.555,26.405],[87.55,26.418],[87.519,26.431],[87.469,26.44],[87.43,26.422],[87.391,26.419],[87.379,26.407],[87.371,26.408],[87.359,26.388],[87.356,26.372],[87.361,26.361],[87.343,26.348],[87.315,26.371],[87.304,26.366],[87.292,26.373],[87.268,26.374],[87.269,26.405],[87.259,26.411],[87.231,26.413],[87.221,26.403],[87.214,26.413],[87.189,26.414],[87.191,26.405],[87.165,26.404],[87.142,26.415],[87.094,26.45],[87.075,26.542],[87.074,26.585],[87.047,26.587],[87.045,26.568],[87.018,26.532],[86.993,26.523],[86.982,26.525],[86.978,26.52],[86.964,26.523],[86.935,26.516],[86.932,26.489],[86.894,26.486],[86.896,26.462],[86.875,26.454],[86.863,26.457],[86.858,26.448],[86.848,26.448],[86.849,26.442],[86.836,26.439],[86.768,26.458],[86.767,26.451],[86.746,26.435],[86.749,26.428],[86.734,26.422],[86.723,26.435],[86.702,26.437],[86.696,26.451],[86.636,26.465],[86.629,26.469],[86.632,26.477],[86.623,26.484],[86.573,26.497],[86.544,26.538],[86.524,26.543],[86.518,26.539],[86.501,26.542],[86.458,26.568],[86.397,26.585],[86.397,26.595],[86.343,26.606],[86.347,26.616],[86.33,26.619],[86.31,26.62],[86.295,26.613],[86.255,26.617],[86.237,26.598],[86.237,26.59],[86.22,26.588],[86.208,26.596],[86.199,26.593],[86.195,26.614],[86.174,26.617],[86.138,26.606],[86.143,26.616],[86.141,26.629],[86.12,26.63],[86.076,26.65],[86.072,26.657],[86.031,26.666],[86.014,26.659],[86.013,26.654],[85.978,26.658],[85.963,26.651],[85.956,26.644],[85.958,26.629],[85.948,26.621],[85.95,26.613],[85.931,26.616],[85.929,26.61],[85.903,26.6],[85.903,26.595],[85.893,26.595],[85.889,26.582],[85.882,26.583],[85.861,26.569],[85.852,26.568],[85.851,26.577],[85.86,26.59],[85.853,26.61],[85.834,26.611],[85.833,26.601],[85.82,26.603],[85.806,26.615],[85.804,26.623],[85.749,26.64],[85.735,26.654],[85.739,26.664],[85.726,26.674],[85.726,26.699],[85.736,26.737],[85.731,26.75],[85.737,26.796],[85.723,26.82],[85.683,26.843],[85.645,26.853],[85.637,26.872],[85.626,26.873],[85.609,26.857],[85.588,26.847],[85.585,26.858],[85.578,26.861],[85.568,26.841],[85.56,26.844],[85.556,26.834],[85.545,26.838],[85.522,26.814],[85.5,26.812],[85.498,26.798],[85.482,26.802],[85.48,26.793],[85.456,26.782],[85.435,26.79],[85.427,26.786],[85.41,26.791],[85.399,26.778],[85.386,26.774],[85.377,26.761],[85.357,26.76],[85.336,26.741],[85.306,26.753],[85.263,26.755],[85.255,26.761],[85.234,26.763],[85.216,26.758],[85.2,26.769],[85.195,26.791],[85.183,26.795],[85.179,26.812],[85.193,26.83],[85.198,26.867],[85.113,26.872],[85.089,26.867],[85.09,26.853],[85.08,26.859],[85.066,26.849],[85.065,26.858],[85.06,26.849],[85.024,26.855],[85.031,26.859],[85.032,26.875],[85.044,26.875],[85.054,26.881],[85.051,26.885],[85.057,26.881],[85.062,26.887],[85.006,26.895],[84.995,26.902],[84.998,26.906],[85.004,26.903],[85.002,26.912],[84.97,26.916],[84.981,26.94],[84.964,26.96],[84.932,26.969],[84.894,26.97],[84.891,26.977],[84.858,26.986],[84.86,26.997],[84.853,26.999],[84.857,27.008],[84.832,27.019],[84.814,27.02],[84.81,27.008],[84.802,27],[84.799,27.004],[84.796,26.996],[84.789,26.998],[84.791,27.009],[84.775,27.018],[84.759,27.003],[84.645,27.047],[84.648,27.075],[84.673,27.091],[84.667,27.094],[84.676,27.095],[84.678,27.109],[84.672,27.11],[84.679,27.115],[84.68,27.133],[84.686,27.143],[84.683,27.152],[84.689,27.158],[84.679,27.162],[84.683,27.169],[84.678,27.17],[84.687,27.18],[84.683,27.2],[84.689,27.209],[84.687,27.213],[84.693,27.215],[84.645,27.306],[84.622,27.338],[84.611,27.336],[84.478,27.362],[84.472,27.355],[84.443,27.37],[84.394,27.368],[84.375,27.376],[84.349,27.375],[84.303,27.39],[84.293,27.385],[84.285,27.396],[84.279,27.395],[84.28,27.415],[84.256,27.452],[84.234,27.456],[84.222,27.44],[84.211,27.442],[84.208,27.469],[84.197,27.473],[84.193,27.469],[84.174,27.476],[84.166,27.484],[84.151,27.486],[84.148,27.496],[84.153,27.517],[84.141,27.518],[84.126,27.511],[84.111,27.522],[84.1,27.517],[84.098,27.489],[84.073,27.481],[84.054,27.443],[84.034,27.441],[84.025,27.433],[84.008,27.442],[84,27.44],[83.998,27.446],[83.98,27.439],[83.968,27.446],[83.948,27.441],[83.944,27.448],[83.933,27.449],[83.87,27.429],[83.878,27.406],[83.875,27.392],[83.907,27.39],[83.908,27.384],[83.89,27.358],[83.865,27.346],[83.859,27.351],[83.849,27.336],[83.829,27.327],[83.831,27.321],[83.843,27.321],[83.851,27.312],[83.859,27.312],[83.894,27.329],[83.908,27.33],[83.924,27.316],[83.922,27.296],[83.896,27.277],[83.902,27.252],[83.908,27.248],[83.948,27.238],[83.962,27.228],[83.963,27.221],[83.962,27.214],[83.977,27.203],[83.985,27.182],[83.984,27.179],[83.968,27.166],[83.951,27.141],[83.954,27.132],[83.951,27.126],[83.941,27.12],[83.94,27.102],[83.941,27.09],[83.948,27.086],[83.978,27.093],[84.005,27.104],[84.014,27.1],[84.019,27.093],[84.017,27.084],[84.006,27.072],[83.991,27.069],[83.995,27.061],[84.024,27.045],[84.036,27.047],[84.041,27.045],[84.04,27.035],[84.03,27.012],[84.043,27.003],[84.05,26.991],[84.036,26.984],[84.043,26.98],[84.041,26.968],[84.046,26.968],[84.047,26.962],[84.039,26.958],[84.035,26.949],[84.032,26.949],[84.025,26.943],[84.03,26.94],[84.036,26.941],[84.037,26.933],[84.045,26.93],[84.049,26.915],[84.042,26.909],[84.045,26.905],[84.051,26.902],[84.049,26.9],[84.052,26.892],[84.059,26.891],[84.076,26.879],[84.086,26.885],[84.088,26.882],[84.093,26.878],[84.1,26.888],[84.101,26.901],[84.13,26.885],[84.141,26.888],[84.141,26.884],[84.139,26.874],[84.132,26.871],[84.132,26.856],[84.151,26.839],[84.169,26.835],[84.175,26.836],[84.175,26.846],[84.176,26.853],[84.209,26.871],[84.222,26.87],[84.235,26.864],[84.246,26.859],[84.25,26.838],[84.251,26.831],[84.243,26.822],[84.249,26.821],[84.252,26.809],[84.248,26.793],[84.241,26.775],[84.225,26.757],[84.242,26.731],[84.254,26.734],[84.255,26.739],[84.267,26.742],[84.279,26.751],[84.298,26.753],[84.306,26.738],[84.319,26.716],[84.323,26.688],[84.337,26.681],[84.35,26.681],[84.367,26.679],[84.402,26.671],[84.405,26.643],[84.414,26.627],[84.379,26.622],[84.371,26.615],[84.351,26.62],[84.325,26.615],[84.303,26.617],[84.297,26.616],[84.295,26.607],[84.279,26.607],[84.272,26.599],[84.259,26.607],[84.231,26.61],[84.202,26.624],[84.149,26.628],[84.152,26.639],[84.106,26.637],[84.104,26.633],[84.082,26.643],[84.083,26.6],[84.049,26.562],[84.048,26.543],[84.001,26.525],[83.974,26.532],[83.963,26.509],[83.946,26.51],[83.946,26.518],[83.935,26.524],[83.902,26.518],[83.907,26.5],[83.902,26.45],[83.946,26.438],[83.982,26.435],[83.99,26.448],[84.002,26.444],[84.011,26.448],[84.031,26.413],[84.055,26.402],[84.062,26.39],[84.072,26.384],[84.092,26.39],[84.171,26.374],[84.167,26.338],[84.182,26.317],[84.169,26.293],[84.171,26.268],[84.155,26.258],[84.157,26.244],[84.145,26.262],[84.141,26.258],[84.113,26.262],[84.11,26.242],[84.092,26.24],[84.091,26.234],[84.08,26.232],[84.079,26.221],[84.049,26.226],[84.021,26.242],[84.006,26.234],[84.009,26.224],[84.024,26.22],[84.019,26.209],[84.024,26.201],[84.009,26.2],[84.002,26.19],[84.003,26.178],[84.014,26.167],[84.028,26.163],[84.027,26.153],[84.018,26.145],[84.042,26.132],[84.042,26.112],[84.049,26.1],[84.091,26.097],[84.116,26.075],[84.137,26.047],[84.167,26.025],[84.166,25.992],[84.172,25.999],[84.192,25.99],[84.202,26.001],[84.235,25.986],[84.296,25.947],[84.351,25.959],[84.386,25.938],[84.408,25.931],[84.423,25.892],[84.461,25.889],[84.467,25.884],[84.485,25.889],[84.507,25.872],[84.529,25.878],[84.541,25.862],[84.52,25.861],[84.526,25.855],[84.527,25.834],[84.544,25.83],[84.547,25.841],[84.557,25.838],[84.62,25.794],[84.621,25.772],[84.61,25.777],[84.603,25.772],[84.601,25.761],[84.622,25.747],[84.631,25.728],[84.596,25.739],[84.556,25.736],[84.559,25.701],[84.552,25.684],[84.531,25.693],[84.536,25.726],[84.528,25.715],[84.525,25.684],[84.516,25.678],[84.506,25.682],[84.488,25.678],[84.489,25.691],[84.467,25.686],[84.46,25.691],[84.463,25.699],[84.449,25.714],[84.424,25.712],[84.424,25.695],[84.402,25.7],[84.394,25.729],[84.381,25.734],[84.389,25.744],[84.38,25.749],[84.368,25.742],[84.37,25.736],[84.354,25.744],[84.331,25.745],[84.324,25.733],[84.319,25.672],[84.313,25.669],[84.284,25.677],[84.293,25.669],[84.286,25.662],[84.217,25.664],[84.203,25.67],[84.194,25.703],[84.148,25.731],[84.145,25.721],[84.136,25.717],[84.127,25.719],[84.137,25.724],[84.135,25.732],[84.123,25.724],[84.094,25.72],[84.07,25.696],[84.08,25.653],[84.077,25.638],[84.014,25.616],[83.944,25.567],[83.917,25.558],[83.896,25.528],[83.873,25.52],[83.867,25.493],[83.855,25.485],[83.851,25.474],[83.829,25.461],[83.815,25.468],[83.81,25.466],[83.806,25.454],[83.833,25.45],[83.838,25.437],[83.794,25.432],[83.805,25.425],[83.799,25.411],[83.782,25.399],[83.763,25.399],[83.762,25.388],[83.75,25.392],[83.758,25.401],[83.751,25.405],[83.738,25.401],[83.733,25.411],[83.727,25.399],[83.715,25.399],[83.704,25.386],[83.695,25.396],[83.689,25.386],[83.675,25.378],[83.689,25.371],[83.669,25.364],[83.66,25.371],[83.659,25.363],[83.65,25.368],[83.643,25.341],[83.63,25.343],[83.622,25.33],[83.607,25.332],[83.588,25.326],[83.564,25.308],[83.564,25.316],[83.539,25.318],[83.533,25.313],[83.545,25.31],[83.526,25.3],[83.518,25.302],[83.518,25.293],[83.511,25.288],[83.503,25.29],[83.498,25.283],[83.491,25.287],[83.486,25.28],[83.48,25.282],[83.46,25.252],[83.44,25.259],[83.431,25.245],[83.419,25.253],[83.419,25.246],[83.409,25.249],[83.388,25.207],[83.38,25.212],[83.372,25.201],[83.36,25.196],[83.35,25.199],[83.335,25.181],[83.348,25.179],[83.343,25.159],[83.352,25.152],[83.352,25.131],[83.357,25.124],[83.354,25.11],[83.34,25.112],[83.338,25.088],[83.328,25.061],[83.334,25.051],[83.322,25.056],[83.323,25.048],[83.316,25.038],[83.318,25.017],[83.344,25.01],[83.346,24.992],[83.338,24.964],[83.357,24.955],[83.358,24.914],[83.351,24.903],[83.36,24.892],[83.355,24.886],[83.364,24.879],[83.354,24.871],[83.368,24.863],[83.39,24.833],[83.396,24.811],[83.387,24.784],[83.419,24.77],[83.453,24.733],[83.48,24.738],[83.481,24.706],[83.492,24.705],[83.514,24.681],[83.499,24.668],[83.498,24.652],[83.516,24.643],[83.524,24.644],[83.521,24.63],[83.541,24.626],[83.517,24.603],[83.525,24.585],[83.525,24.567],[83.517,24.549],[83.493,24.542],[83.498,24.527],[83.542,24.526],[83.6,24.513],[83.682,24.516],[83.717,24.505],[83.749,24.511],[83.794,24.529],[83.858,24.538],[83.868,24.533],[83.933,24.552],[83.972,24.597],[83.992,24.638],[84.016,24.628],[84.024,24.629],[84.047,24.612],[84.053,24.588],[84.061,24.589],[84.06,24.577],[84.072,24.57],[84.078,24.545],[84.09,24.534],[84.089,24.504],[84.11,24.481],[84.123,24.487],[84.125,24.498],[84.14,24.505],[84.136,24.529],[84.146,24.54],[84.164,24.534],[84.154,24.518],[84.179,24.51],[84.186,24.522],[84.173,24.547],[84.187,24.549],[84.188,24.555],[84.2,24.557],[84.209,24.537],[84.217,24.535],[84.221,24.55],[84.235,24.553],[84.234,24.544],[84.248,24.539],[84.249,24.532],[84.257,24.531],[84.258,24.538],[84.28,24.552],[84.272,24.554],[84.269,24.564],[84.293,24.566],[84.326,24.503],[84.322,24.49],[84.294,24.481],[84.285,24.466],[84.293,24.451],[84.315,24.448],[84.33,24.431],[84.315,24.423],[84.328,24.422],[84.326,24.411],[84.338,24.401],[84.336,24.396],[84.361,24.387],[84.382,24.39],[84.385,24.379],[84.4,24.375],[84.395,24.368],[84.423,24.359],[84.417,24.331],[84.455,24.339],[84.465,24.308],[84.475,24.303],[84.487,24.305],[84.484,24.297],[84.494,24.287],[84.502,24.295],[84.503,24.315],[84.511,24.317],[84.517,24.334],[84.525,24.339],[84.519,24.346],[84.528,24.365],[84.522,24.376],[84.546,24.374],[84.566,24.384],[84.559,24.397],[84.572,24.412],[84.58,24.41],[84.582,24.401],[84.623,24.404],[84.658,24.394],[84.668,24.413],[84.666,24.431],[84.679,24.456],[84.707,24.472],[84.713,24.469],[84.725,24.473],[84.742,24.496],[84.78,24.505],[84.784,24.518],[84.795,24.529],[84.802,24.521],[84.819,24.525],[84.833,24.511],[84.827,24.47],[84.833,24.47],[84.834,24.453],[84.847,24.466],[84.86,24.457],[84.867,24.467],[84.88,24.463],[84.878,24.423],[84.898,24.394],[84.901,24.382],[84.894,24.375],[84.898,24.372],[84.925,24.378],[84.948,24.372],[84.969,24.376],[84.99,24.412],[85.032,24.425],[85.053,24.415],[85.076,24.44],[85.075,24.408],[85.065,24.387],[85.089,24.379],[85.115,24.409],[85.155,24.418],[85.169,24.429],[85.159,24.451],[85.15,24.456],[85.151,24.463],[85.199,24.467],[85.203,24.473],[85.224,24.471],[85.246,24.495],[85.282,24.497],[85.283,24.527],[85.37,24.53],[85.407,24.546],[85.433,24.536],[85.486,24.551],[85.498,24.549],[85.502,24.531],[85.518,24.525],[85.536,24.536],[85.54,24.55],[85.537,24.565],[85.555,24.556],[85.568,24.565],[85.563,24.591],[85.577,24.603],[85.598,24.598],[85.615,24.583],[85.644,24.578],[85.665,24.582],[85.673,24.593],[85.672,24.619],[85.661,24.647],[85.663,24.665],[85.66,24.675],[85.648,24.682],[85.65,24.687],[85.68,24.694],[85.697,24.713],[85.708,24.748],[85.705,24.769],[85.71,24.781],[85.721,24.787],[85.737,24.823],[85.765,24.813],[85.777,24.799],[85.811,24.794],[85.818,24.807],[85.827,24.81],[85.878,24.8],[85.89,24.792],[85.887,24.786],[85.911,24.754],[85.928,24.74],[85.95,24.732],[85.97,24.734],[85.977,24.748],[86,24.751],[86.01,24.768],[86.051,24.78],[86.053,24.762],[86.036,24.747],[86.039,24.741],[86.063,24.752],[86.087,24.746],[86.109,24.732],[86.124,24.705],[86.134,24.676],[86.126,24.671],[86.126,24.654],[86.118,24.642],[86.126,24.612],[86.133,24.604],[86.152,24.6],[86.166,24.584],[86.195,24.585],[86.216,24.591],[86.217,24.612],[86.264,24.576],[86.266,24.582],[86.277,24.574],[86.274,24.583],[86.293,24.586],[86.31,24.582],[86.312,24.586],[86.323,24.584],[86.304,24.558],[86.31,24.547],[86.301,24.532],[86.312,24.508],[86.294,24.476],[86.286,24.477],[86.279,24.462],[86.301,24.457],[86.304,24.445],[86.319,24.44],[86.351,24.444],[86.373,24.416],[86.399,24.4],[86.416,24.379],[86.452,24.369],[86.466,24.385],[86.466,24.422],[86.489,24.425],[86.491,24.454],[86.484,24.459],[86.506,24.518],[86.524,24.536],[86.547,24.535],[86.558,24.548],[86.555,24.559],[86.578,24.568],[86.584,24.585],[86.603,24.605],[86.609,24.607],[86.607,24.594],[86.619,24.595],[86.618,24.584],[86.641,24.576],[86.646,24.567],[86.668,24.561],[86.719,24.578],[86.732,24.576],[86.746,24.59],[86.751,24.618],[86.776,24.616],[86.777,24.62],[86.787,24.599],[86.794,24.597],[86.786,24.617],[86.806,24.595],[86.808,24.577],[86.8,24.565],[86.837,24.568],[86.839,24.554],[86.855,24.55],[86.862,24.56],[86.876,24.567],[86.884,24.554],[86.893,24.555],[86.911,24.539],[86.898,24.587],[86.918,24.611],[86.919,24.619],[86.934,24.627],[86.93,24.643],[86.949,24.643],[86.946,24.627],[86.971,24.63],[87.01,24.606],[87.024,24.621],[87.028,24.609],[87.037,24.613],[87.045,24.605],[87.05,24.607],[87.044,24.624],[87.055,24.671],[87.069,24.691],[87.071,24.707],[87.082,24.725],[87.081,24.736],[87.076,24.736],[87.074,24.743],[87.086,24.758],[87.083,24.779],[87.097,24.801],[87.077,24.808],[87.079,24.822],[87.095,24.826],[87.114,24.856],[87.151,24.858],[87.148,24.868],[87.158,24.886],[87.147,24.913],[87.155,24.932],[87.149,24.942],[87.154,24.991],[87.144,25.006],[87.147,25.024],[87.158,25.031],[87.177,25.064],[87.197,25.074],[87.211,25.09],[87.234,25.086],[87.24,25.099],[87.251,25.106],[87.27,25.094],[87.291,25.089],[87.298,25.135],[87.315,25.165],[87.311,25.17],[87.323,25.223],[87.37,25.205],[87.377,25.223],[87.392,25.228],[87.409,25.215],[87.472,25.195],[87.473,25.241],[87.488,25.262],[87.496,25.262],[87.494,25.275],[87.488,25.278],[87.482,25.295],[87.49,25.305],[87.499,25.292],[87.513,25.292],[87.529,25.28],[87.54,25.282],[87.547,25.331],[87.567,25.334],[87.58,25.348],[87.588,25.341],[87.581,25.328],[87.607,25.311],[87.614,25.316],[87.623,25.311],[87.626,25.319],[87.632,25.312],[87.652,25.307],[87.684,25.31],[87.681,25.304],[87.693,25.303],[87.689,25.285],[87.708,25.271],[87.708,25.256],[87.783,25.246],[87.788,25.22],[87.801,25.218],[87.837,25.199],[87.823,25.234],[87.836,25.25],[87.849,25.253],[87.857,25.278],[87.85,25.297],[87.831,25.302],[87.802,25.323],[87.791,25.322],[87.784,25.332],[87.789,25.372],[87.777,25.371],[87.766,25.378],[87.766,25.404],[87.759,25.405],[87.762,25.412],[87.771,25.412],[87.766,25.424],[87.777,25.429],[87.781,25.445],[87.787,25.449],[87.809,25.434],[87.826,25.445],[87.826,25.458],[87.834,25.459],[87.834,25.465],[87.851,25.468],[87.863,25.465],[87.861,25.486],[87.87,25.503],[87.881,25.506],[87.879,25.516],[87.885,25.517],[87.899,25.504],[87.905,25.507],[87.903,25.519],[87.926,25.536],[87.956,25.538],[87.972,25.523],[87.988,25.524],[87.981,25.516],[87.993,25.498],[88.004,25.494],[88.007,25.51],[88.012,25.508],[88.008,25.503],[88.028,25.486],[88.035,25.493],[88.046,25.483],[88.053,25.487],[88.066,25.481],[88.07,25.481],[88.068,25.49],[88.07,25.502],[88.073,25.504],[88.071,25.505],[88.066,25.505],[88.064,25.506],[88.069,25.513],[88.067,25.516],[88.057,25.526],[88.058,25.529],[88.056,25.53],[88.046,25.534],[88.039,25.533],[88.038,25.546],[88.027,25.553],[88.03,25.559],[88.035,25.56],[88.038,25.564],[88.025,25.569],[88.03,25.574],[88.021,25.587],[88.031,25.587],[88.039,25.595],[88.036,25.597],[88.03,25.6],[88.041,25.605],[88.039,25.608],[88.037,25.616],[88.039,25.627],[88.054,25.633],[88.043,25.632],[88.036,25.637],[88.044,25.643],[88.047,25.643],[88.049,25.644],[88.044,25.653],[88.049,25.658],[88.043,25.674],[88.049,25.681],[88.049,25.691],[88.04,25.698],[88.035,25.694],[88.03,25.699],[88.016,25.692],[88.017,25.705],[87.997,25.712],[87.988,25.724],[87.98,25.718],[87.961,25.725],[87.96,25.732],[87.939,25.749],[87.942,25.756],[87.932,25.771],[87.929,25.768],[87.919,25.774],[87.898,25.77],[87.898,25.799],[87.903,25.802],[87.895,25.805],[87.897,25.811],[87.903,25.814],[87.908,25.809],[87.911,25.815],[87.894,25.825],[87.896,25.829],[87.883,25.829],[87.897,25.835],[87.911,25.852],[87.885,25.865],[87.879,25.858],[87.865,25.868],[87.856,25.865],[87.823,25.871],[87.816,25.886],[87.82,25.894],[87.814,25.9],[87.816,25.913],[87.811,25.914],[87.808,25.909],[87.804,25.912],[87.807,25.93],[87.827,25.932],[87.828,25.941],[87.824,25.946],[87.827,25.954],[87.825,25.959],[87.831,25.962],[87.826,25.984],[87.827,25.992],[87.833,26.001],[87.842,26.032],[87.842,26.044],[87.863,26.056],[87.875,26.056],[87.876,26.066],[87.888,26.072],[87.893,26.08],[87.896,26.08],[87.913,26.091],[87.918,26.088],[87.917,26.08],[87.922,26.077],[87.931,26.069],[87.938,26.084],[87.96,26.084],[87.968,26.081],[87.972,26.085],[87.969,26.092],[87.954,26.103],[87.958,26.109],[87.969,26.109],[87.976,26.122],[87.967,26.125],[87.957,26.129],[87.968,26.132],[87.969,26.139],[87.969,26.148],[87.963,26.149],[87.982,26.159],[87.996,26.142],[88.007,26.143],[88.015,26.143],[88.012,26.155],[88.034,26.17],[88.037,26.178],[88.059,26.174],[88.07,26.176],[88.073,26.185],[88.087,26.194],[88.09,26.203],[88.094,26.207],[88.102,26.212],[88.106,26.216],[88.116,26.223],[88.112,26.226],[88.12,26.228],[88.126,26.227],[88.139,26.231],[88.137,26.244],[88.144,26.253],[88.159,26.257],[88.163,26.258],[88.177,26.262],[88.183,26.275],[88.204,26.28],[88.214,26.282],[88.221,26.288],[88.227,26.297],[88.232,26.31],[88.236,26.305],[88.248,26.327],[88.265,26.336],[88.27,26.333],[88.272,26.331],[88.28,26.336],[88.282,26.34],[88.279,26.346],[88.289,26.351],[88.29,26.357],[88.282,26.36],[88.27,26.379],[88.262,26.38],[88.255,26.374],[88.245,26.376],[88.238,26.375],[88.232,26.385],[88.23,26.394],[88.255,26.416],[88.268,26.418],[88.252,26.434],[88.243,26.449],[88.229,26.447],[88.215,26.466],[88.226,26.476],[88.213,26.478],[88.215,26.47],[88.194,26.472],[88.192,26.483],[88.179,26.491],[88.194,26.508],[88.206,26.51],[88.207,26.515],[88.233,26.532],[88.231,26.552],[88.215,26.557],[88.214,26.551],[88.221,26.546],[88.21,26.541],[88.215,26.536],[88.191,26.544],[88.182,26.543],[88.179,26.531],[88.168,26.537],[88.165,26.522],[88.148,26.517],[88.145,26.511],[88.132,26.513],[88.106,26.536]]]]},"properties":{"ID_0":105,"ISO":"IND","NAME_0":"India","ID_1":5,"NAME_1":"Bihar"}},
{"type":"Feature","geometry":{"type":"Polygon","coordinates":[[[76.811,30.685],[76.82,30.686],[76.818,30.691],[76.821,30.697],[76.836,30.714],[76.834,30.724],[76.825,30.731],[76.828,30.764],[76.793,30.767],[76.803,30.778],[76.802,30.782],[76.796,30.786],[76.781,30.774],[76.769,30.777],[76.773,30.783],[76.776,30.784],[76.768,30.795],[76.751,30.797],[76.746,30.795],[76.74,30.791],[76.738,30.79],[76.735,30.783],[76.729,30.776],[76.718,30.769],[76.708,30.77],[76.691,30.76],[76.693,30.757],[76.691,30.747],[76.701,30.745],[76.71,30.735],[76.716,30.729],[76.715,30.715],[76.715,30.713],[76.727,30.708],[76.725,30.704],[76.726,30.696],[76.733,30.697],[76.738,30.689],[76.745,30.69],[76.794,30.669],[76.806,30.68],[76.811,30.685]]]},"properties":{"ID_0":105,"ISO":"IND","NAME_0":"India","ID_1":6,"NAME_1":"Chandigarh"}},
{"type":"Feature","geometry":{"type":"Polygon","coordinates":[[[84.003,22.521],[84.005,22.53],[83.999,22.54],[84.005,22.57],[84.021,22.587],[84.048,22.594],[84.08,22.637],[84.094,22.633],[84.107,22.637],[84.15,22.634],[84.197,22.664],[84.21,22.663],[84.221,22.669],[84.232,22.689],[84.225,22.735],[84.254,22.763],[84.285,22.763],[84.29,22.787],[84.31,22.799],[84.318,22.817],[84.318,22.844],[84.329,22.86],[84.37,22.865],[84.378,22.888],[84.371,22.902],[84.386,22.917],[84.389,22.939],[84.379,22.949],[84.371,22.975],[84.344,22.974],[84.325,22.979],[84.307,22.968],[84.279,22.961],[84.269,22.979],[84.271,22.989],[84.251,22.971],[84.242,22.973],[84.237,22.98],[84.217,22.976],[84.197,23.004],[84.198,23.019],[84.19,23.024],[84.177,23.021],[84.168,22.971],[84.148,22.964],[84.144,22.988],[84.124,23.037],[84.132,23.067],[84.129,23.082],[84.112,23.087],[84.105,23.099],[84.088,23.109],[84.061,23.11],[84.053,23.124],[84.034,23.138],[84.031,23.161],[84.058,23.204],[84.05,23.241],[84.064,23.292],[84.06,23.308],[84.07,23.33],[84.05,23.352],[84.043,23.374],[84.021,23.375],[84.007,23.353],[83.975,23.365],[83.966,23.381],[83.979,23.427],[83.97,23.455],[83.979,23.461],[83.997,23.493],[84.009,23.5],[84.023,23.544],[84.024,23.588],[84.022,23.597],[84.002,23.62],[84.007,23.632],[83.938,23.622],[83.93,23.594],[83.935,23.563],[83.89,23.576],[83.883,23.573],[83.811,23.589],[83.806,23.582],[83.8,23.583],[83.786,23.598],[83.775,23.6],[83.765,23.621],[83.748,23.627],[83.743,23.64],[83.751,23.653],[83.715,23.683],[83.715,23.69],[83.732,23.705],[83.735,23.714],[83.729,23.755],[83.712,23.772],[83.711,23.79],[83.696,23.808],[83.695,23.821],[83.682,23.826],[83.672,23.82],[83.658,23.828],[83.656,23.844],[83.65,23.848],[83.63,23.847],[83.581,23.862],[83.561,23.863],[83.558,23.87],[83.573,23.877],[83.576,23.884],[83.543,23.898],[83.537,23.915],[83.539,23.934],[83.508,23.979],[83.508,24.001],[83.517,24.011],[83.507,24.028],[83.479,24.039],[83.448,24.042],[83.431,24.058],[83.425,24.084],[83.403,24.081],[83.383,24.1],[83.357,24.102],[83.346,24.097],[83.324,24.101],[83.315,24.107],[83.311,24.093],[83.289,24.073],[83.277,24.05],[83.276,24.023],[83.259,24.012],[83.242,24.014],[83.235,24.007],[83.237,24.001],[83.216,23.989],[83.208,23.973],[83.211,23.96],[83.202,23.941],[83.191,23.933],[83.19,23.921],[83.145,23.91],[83.127,23.89],[83.087,23.878],[83.061,23.875],[83.036,23.883],[82.954,23.873],[82.939,23.876],[82.923,23.893],[82.881,23.91],[82.863,23.926],[82.849,23.947],[82.821,23.965],[82.808,23.963],[82.797,23.961],[82.775,23.939],[82.754,23.936],[82.748,23.922],[82.702,23.925],[82.677,23.91],[82.657,23.908],[82.646,23.889],[82.66,23.875],[82.652,23.857],[82.644,23.86],[82.63,23.839],[82.606,23.836],[82.586,23.823],[82.527,23.824],[82.541,23.81],[82.545,23.794],[82.516,23.784],[82.485,23.788],[82.483,23.798],[82.46,23.811],[82.446,23.811],[82.436,23.805],[82.388,23.801],[82.368,23.811],[82.347,23.804],[82.328,23.804],[82.311,23.811],[82.295,23.809],[82.255,23.822],[82.226,23.807],[82.216,23.821],[82.199,23.832],[82.207,23.841],[82.204,23.853],[82.174,23.839],[82.17,23.825],[82.162,23.82],[82.134,23.818],[82.117,23.823],[82.078,23.817],[82.045,23.821],[82.032,23.829],[82.033,23.845],[82.012,23.852],[82.001,23.863],[81.951,23.853],[81.916,23.873],[81.894,23.844],[81.862,23.835],[81.853,23.824],[81.832,23.821],[81.812,23.809],[81.793,23.814],[81.783,23.812],[81.731,23.839],[81.719,23.84],[81.723,23.859],[81.703,23.863],[81.697,23.886],[81.687,23.885],[81.682,23.89],[81.679,23.908],[81.662,23.926],[81.629,23.908],[81.611,23.907],[81.597,23.889],[81.615,23.873],[81.606,23.864],[81.598,23.864],[81.598,23.854],[81.607,23.836],[81.626,23.836],[81.631,23.831],[81.644,23.799],[81.64,23.771],[81.674,23.754],[81.678,23.749],[81.672,23.74],[81.687,23.721],[81.673,23.693],[81.649,23.683],[81.643,23.66],[81.613,23.661],[81.601,23.614],[81.603,23.6],[81.595,23.595],[81.58,23.597],[81.57,23.589],[81.577,23.555],[81.606,23.55],[81.607,23.507],[81.628,23.49],[81.648,23.502],[81.655,23.532],[81.693,23.523],[81.706,23.534],[81.719,23.556],[81.736,23.567],[81.748,23.565],[81.756,23.553],[81.805,23.546],[81.813,23.518],[81.827,23.511],[81.851,23.516],[81.87,23.515],[81.9,23.534],[81.916,23.532],[81.934,23.506],[81.949,23.497],[81.948,23.472],[81.971,23.447],[81.975,23.432],[81.971,23.424],[81.976,23.413],[81.987,23.42],[82,23.413],[82.016,23.424],[82.023,23.41],[82.017,23.408],[82.015,23.388],[82.023,23.384],[82.029,23.388],[82.046,23.378],[82.057,23.394],[82.098,23.398],[82.105,23.383],[82.104,23.363],[82.111,23.356],[82.138,23.362],[82.158,23.333],[82.186,23.325],[82.19,23.312],[82.186,23.278],[82.17,23.27],[82.142,23.228],[82.147,23.209],[82.138,23.188],[82.142,23.175],[82.137,23.165],[82.154,23.158],[82.151,23.142],[82.133,23.132],[82.128,23.112],[82.116,23.104],[82.067,23.117],[82.024,23.08],[82.002,23.078],[81.982,23.086],[81.969,23.079],[81.938,23.078],[81.938,23.07],[81.926,23.062],[81.918,23.041],[81.937,23.009],[81.94,22.957],[81.914,22.948],[81.875,22.913],[81.86,22.915],[81.861,22.894],[81.856,22.891],[81.769,22.874],[81.769,22.851],[81.761,22.834],[81.784,22.767],[81.764,22.747],[81.762,22.735],[81.749,22.733],[81.747,22.726],[81.766,22.676],[81.763,22.664],[81.749,22.646],[81.741,22.648],[81.737,22.669],[81.723,22.676],[81.707,22.65],[81.699,22.646],[81.679,22.649],[81.663,22.633],[81.657,22.632],[81.655,22.622],[81.648,22.62],[81.641,22.608],[81.64,22.587],[81.649,22.576],[81.649,22.569],[81.638,22.562],[81.624,22.564],[81.619,22.559],[81.622,22.544],[81.616,22.539],[81.6,22.536],[81.563,22.551],[81.557,22.547],[81.557,22.538],[81.563,22.534],[81.557,22.532],[81.542,22.53],[81.528,22.54],[81.519,22.54],[81.512,22.524],[81.507,22.522],[81.503,22.527],[81.493,22.52],[81.48,22.493],[81.438,22.494],[81.444,22.487],[81.439,22.479],[81.444,22.479],[81.443,22.472],[81.45,22.473],[81.448,22.467],[81.436,22.469],[81.432,22.48],[81.424,22.479],[81.418,22.474],[81.419,22.454],[81.397,22.441],[81.386,22.451],[81.379,22.505],[81.367,22.514],[81.348,22.514],[81.323,22.524],[81.315,22.516],[81.316,22.49],[81.304,22.482],[81.275,22.499],[81.26,22.494],[81.256,22.472],[81.24,22.459],[81.218,22.452],[81.194,22.462],[81.193,22.482],[81.18,22.49],[81.164,22.482],[81.148,22.456],[81.11,22.441],[81.105,22.433],[81.101,22.383],[81.116,22.344],[81.109,22.33],[81.114,22.294],[81.097,22.277],[81.085,22.247],[81.073,22.242],[81.069,22.246],[81.049,22.244],[81.019,22.229],[81.016,22.214],[81.026,22.198],[81.025,22.189],[81.012,22.184],[81.019,22.165],[81.016,22.133],[80.987,22.131],[80.972,22.121],[80.972,22.112],[80.987,22.111],[81.004,22.097],[80.997,22.081],[81.004,22.07],[80.988,22.048],[80.979,22.048],[80.963,22.058],[80.966,22.082],[80.951,22.113],[80.925,22.121],[80.906,22.114],[80.898,22.101],[80.891,22.066],[80.877,22.057],[80.869,22.034],[80.869,22.011],[80.859,22],[80.846,21.961],[80.818,21.957],[80.823,21.947],[80.833,21.947],[80.837,21.936],[80.825,21.908],[80.824,21.889],[80.84,21.875],[80.837,21.862],[80.841,21.856],[80.832,21.846],[80.838,21.83],[80.832,21.805],[80.812,21.764],[80.811,21.747],[80.783,21.74],[80.762,21.758],[80.743,21.758],[80.726,21.731],[80.719,21.712],[80.725,21.704],[80.724,21.694],[80.707,21.672],[80.712,21.646],[80.72,21.641],[80.722,21.617],[80.709,21.604],[80.709,21.587],[80.72,21.572],[80.714,21.556],[80.731,21.539],[80.722,21.496],[80.73,21.472],[80.721,21.449],[80.698,21.427],[80.699,21.414],[80.692,21.388],[80.657,21.331],[80.673,21.311],[80.673,21.298],[80.655,21.29],[80.635,21.25],[80.603,21.227],[80.572,21.217],[80.558,21.204],[80.542,21.199],[80.521,21.204],[80.508,21.182],[80.495,21.183],[80.475,21.171],[80.457,21.173],[80.439,21.121],[80.449,21.112],[80.44,21.112],[80.433,21.097],[80.442,21.081],[80.447,21.037],[80.424,21.01],[80.438,20.992],[80.441,20.965],[80.456,20.932],[80.474,20.927],[80.542,20.934],[80.538,20.926],[80.55,20.889],[80.556,20.82],[80.543,20.792],[80.546,20.765],[80.555,20.747],[80.56,20.712],[80.575,20.698],[80.58,20.684],[80.573,20.674],[80.553,20.673],[80.508,20.655],[80.485,20.635],[80.482,20.617],[80.5,20.587],[80.512,20.585],[80.551,20.599],[80.559,20.61],[80.567,20.612],[80.586,20.614],[80.622,20.604],[80.613,20.591],[80.62,20.567],[80.61,20.556],[80.613,20.542],[80.603,20.462],[80.595,20.446],[80.603,20.433],[80.59,20.413],[80.586,20.396],[80.59,20.384],[80.602,20.376],[80.601,20.369],[80.618,20.334],[80.617,20.326],[80.607,20.325],[80.605,20.32],[80.584,20.319],[80.542,20.307],[80.511,20.27],[80.494,20.275],[80.465,20.272],[80.423,20.253],[80.383,20.242],[80.398,20.213],[80.412,20.202],[80.414,20.19],[80.395,20.182],[80.386,20.163],[80.394,20.144],[80.44,20.129],[80.451,20.145],[80.498,20.139],[80.504,20.129],[80.524,20.124],[80.54,20.11],[80.535,20.085],[80.546,20.066],[80.533,20.004],[80.546,19.987],[80.532,19.967],[80.534,19.953],[80.526,19.949],[80.52,19.931],[80.502,19.925],[80.48,19.928],[80.47,19.934],[80.465,19.946],[80.453,19.945],[80.444,19.953],[80.425,19.937],[80.406,19.933],[80.403,19.91],[80.408,19.906],[80.444,19.894],[80.461,19.903],[80.483,19.899],[80.492,19.891],[80.498,19.869],[80.475,19.857],[80.46,19.828],[80.432,19.81],[80.417,19.809],[80.398,19.816],[80.395,19.795],[80.452,19.793],[80.478,19.772],[80.483,19.781],[80.48,19.795],[80.46,19.811],[80.469,19.825],[80.508,19.83],[80.542,19.819],[80.54,19.775],[80.571,19.755],[80.582,19.738],[80.634,19.718],[80.666,19.692],[80.657,19.612],[80.721,19.608],[80.764,19.585],[80.766,19.568],[80.785,19.56],[80.828,19.563],[80.845,19.529],[80.879,19.519],[80.89,19.499],[80.892,19.466],[80.867,19.443],[80.835,19.442],[80.788,19.427],[80.813,19.383],[80.845,19.361],[80.803,19.332],[80.799,19.325],[80.778,19.319],[80.749,19.287],[80.689,19.283],[80.682,19.296],[80.684,19.32],[80.672,19.326],[80.658,19.324],[80.625,19.307],[80.61,19.307],[80.589,19.344],[80.584,19.377],[80.568,19.401],[80.532,19.374],[80.514,19.348],[80.476,19.335],[80.437,19.261],[80.383,19.239],[80.377,19.217],[80.387,19.189],[80.373,19.175],[80.345,19.163],[80.336,19.148],[80.325,19.142],[80.321,19.124],[80.332,19.101],[80.32,19.088],[80.322,19.075],[80.316,19.065],[80.289,19.046],[80.293,19.022],[80.268,18.987],[80.264,18.941],[80.268,18.929],[80.326,18.87],[80.349,18.824],[80.346,18.811],[80.319,18.796],[80.294,18.791],[80.277,18.765],[80.249,18.765],[80.242,18.76],[80.241,18.749],[80.268,18.718],[80.296,18.686],[80.319,18.622],[80.339,18.588],[80.353,18.591],[80.367,18.605],[80.382,18.594],[80.402,18.607],[80.416,18.609],[80.45,18.626],[80.463,18.623],[80.488,18.627],[80.498,18.618],[80.514,18.613],[80.532,18.586],[80.596,18.549],[80.614,18.526],[80.633,18.519],[80.635,18.499],[80.651,18.472],[80.699,18.436],[80.691,18.419],[80.713,18.406],[80.727,18.409],[80.729,18.404],[80.716,18.383],[80.724,18.372],[80.726,18.35],[80.743,18.322],[80.745,18.302],[80.788,18.25],[80.784,18.243],[80.733,18.219],[80.735,18.172],[80.745,18.165],[80.762,18.163],[80.798,18.166],[80.818,18.187],[80.817,18.225],[80.819,18.231],[80.83,18.234],[80.859,18.226],[80.867,18.207],[80.861,18.199],[80.848,18.198],[80.856,18.143],[80.862,18.133],[80.901,18.135],[80.932,18.149],[80.954,18.167],[80.974,18.168],[80.973,18.144],[80.949,18.123],[80.95,18.098],[80.944,18.081],[80.966,18.043],[80.962,18.032],[80.985,17.923],[80.994,17.914],[81.004,17.838],[81.013,17.817],[81.032,17.79],[81.056,17.783],[81.074,17.786],[81.089,17.811],[81.16,17.853],[81.192,17.847],[81.254,17.812],[81.326,17.812],[81.385,17.807],[81.384,17.826],[81.398,17.847],[81.39,17.862],[81.394,17.885],[81.404,17.889],[81.43,17.875],[81.437,17.876],[81.448,17.903],[81.445,17.926],[81.455,17.947],[81.477,17.97],[81.473,17.983],[81.479,18.004],[81.474,18.029],[81.481,18.05],[81.495,18.058],[81.495,18.069],[81.509,18.092],[81.512,18.129],[81.523,18.157],[81.505,18.184],[81.526,18.237],[81.528,18.259],[81.548,18.262],[81.568,18.273],[81.593,18.301],[81.616,18.301],[81.659,18.311],[81.66,18.316],[81.649,18.331],[81.658,18.339],[81.745,18.345],[81.762,18.411],[81.844,18.482],[81.858,18.513],[81.883,18.529],[81.897,18.528],[81.901,18.557],[81.909,18.564],[81.92,18.557],[81.944,18.555],[81.947,18.559],[81.946,18.575],[81.955,18.587],[81.93,18.596],[81.913,18.613],[81.888,18.621],[81.89,18.643],[81.885,18.65],[81.893,18.654],[81.916,18.636],[81.947,18.629],[81.947,18.656],[81.961,18.668],[81.955,18.68],[81.968,18.691],[82.034,18.719],[82.049,18.718],[82.052,18.712],[82.061,18.718],[82.079,18.712],[82.087,18.747],[82.081,18.756],[82.114,18.761],[82.129,18.758],[82.131,18.77],[82.145,18.773],[82.161,18.791],[82.154,18.796],[82.162,18.805],[82.158,18.811],[82.165,18.83],[82.158,18.852],[82.163,18.866],[82.158,18.869],[82.17,18.878],[82.173,18.895],[82.214,18.912],[82.231,18.905],[82.24,18.91],[82.225,19.015],[82.194,19.06],[82.212,19.091],[82.199,19.094],[82.2,19.117],[82.191,19.116],[82.176,19.125],[82.17,19.113],[82.16,19.126],[82.168,19.134],[82.166,19.143],[82.175,19.145],[82.164,19.155],[82.175,19.153],[82.179,19.159],[82.171,19.168],[82.175,19.17],[82.169,19.177],[82.173,19.184],[82.156,19.197],[82.161,19.208],[82.152,19.224],[82.152,19.265],[82.169,19.291],[82.174,19.316],[82.183,19.32],[82.18,19.332],[82.142,19.348],[82.141,19.362],[82.145,19.37],[82.166,19.366],[82.174,19.377],[82.183,19.418],[82.167,19.43],[82.119,19.424],[82.107,19.443],[82.107,19.453],[82.097,19.461],[82.102,19.474],[82.099,19.49],[82.091,19.494],[82.092,19.51],[82.071,19.516],[82.06,19.504],[82.022,19.502],[82.046,19.539],[82.04,19.552],[82.044,19.565],[82.034,19.591],[82.045,19.602],[82.051,19.624],[82.038,19.704],[82.044,19.714],[82.044,19.738],[82.057,19.753],[82.06,19.783],[82.052,19.791],[82.048,19.788],[82.003,19.799],[81.987,19.792],[81.98,19.796],[81.957,19.836],[81.96,19.855],[81.898,19.879],[81.85,19.908],[81.846,19.915],[81.849,19.939],[81.837,19.95],[81.867,20.036],[81.874,20.046],[81.889,20.043],[81.922,20.087],[81.941,20.102],[81.974,20.076],[81.987,20.052],[82.01,20.045],[82.015,20.02],[82.024,20.01],[82.058,20.05],[82.076,20.044],[82.083,20.033],[82.093,20.033],[82.098,20.023],[82.116,20.01],[82.132,20.013],[82.166,19.998],[82.178,19.978],[82.204,19.98],[82.214,19.993],[82.231,19.998],[82.262,19.972],[82.298,19.883],[82.318,19.859],[82.327,19.838],[82.339,19.83],[82.356,19.847],[82.356,19.855],[82.368,19.854],[82.389,19.882],[82.414,19.897],[82.442,19.903],[82.458,19.895],[82.476,19.901],[82.494,19.897],[82.498,19.885],[82.512,19.884],[82.523,19.873],[82.53,19.882],[82.544,19.869],[82.551,19.875],[82.555,19.87],[82.567,19.872],[82.578,19.863],[82.593,19.865],[82.597,19.86],[82.571,19.822],[82.572,19.802],[82.579,19.797],[82.578,19.776],[82.585,19.771],[82.598,19.775],[82.603,19.784],[82.623,19.789],[82.646,19.825],[82.683,19.824],[82.703,19.831],[82.718,19.871],[82.709,19.87],[82.701,19.893],[82.712,19.944],[82.707,19.99],[82.632,20],[82.614,19.987],[82.598,19.986],[82.544,20.012],[82.502,20.014],[82.471,20.032],[82.396,20.049],[82.391,20.06],[82.393,20.108],[82.379,20.145],[82.387,20.149],[82.383,20.16],[82.406,20.179],[82.414,20.202],[82.404,20.24],[82.414,20.242],[82.405,20.264],[82.429,20.283],[82.422,20.31],[82.4,20.325],[82.394,20.336],[82.398,20.356],[82.41,20.377],[82.41,20.403],[82.424,20.41],[82.423,20.418],[82.429,20.426],[82.426,20.436],[82.418,20.438],[82.419,20.457],[82.41,20.473],[82.397,20.452],[82.388,20.453],[82.38,20.51],[82.349,20.523],[82.342,20.538],[82.324,20.554],[82.341,20.57],[82.339,20.594],[82.356,20.603],[82.358,20.615],[82.368,20.624],[82.362,20.65],[82.365,20.664],[82.351,20.678],[82.343,20.699],[82.347,20.714],[82.339,20.726],[82.346,20.729],[82.335,20.759],[82.339,20.79],[82.334,20.841],[82.347,20.884],[82.359,20.883],[82.359,20.867],[82.368,20.864],[82.383,20.87],[82.401,20.862],[82.406,20.837],[82.416,20.826],[82.437,20.83],[82.441,20.824],[82.459,20.824],[82.46,20.836],[82.478,20.847],[82.482,20.855],[82.486,20.904],[82.553,20.941],[82.567,20.967],[82.604,21.006],[82.622,21.037],[82.609,21.071],[82.626,21.077],[82.645,21.102],[82.637,21.112],[82.648,21.125],[82.634,21.136],[82.636,21.149],[82.685,21.158],[82.694,21.153],[82.752,21.16],[82.789,21.139],[82.796,21.151],[82.812,21.159],[82.84,21.163],[82.864,21.155],[82.869,21.16],[82.879,21.149],[82.902,21.163],[82.922,21.158],[82.937,21.161],[82.956,21.175],[82.965,21.156],[82.98,21.157],[82.983,21.148],[82.993,21.154],[83.03,21.131],[83.029,21.126],[83.041,21.119],[83.06,21.116],[83.071,21.108],[83.095,21.104],[83.108,21.108],[83.12,21.101],[83.134,21.105],[83.161,21.131],[83.19,21.136],[83.2,21.174],[83.211,21.191],[83.208,21.201],[83.219,21.224],[83.214,21.251],[83.218,21.26],[83.242,21.276],[83.257,21.276],[83.268,21.269],[83.275,21.286],[83.273,21.296],[83.259,21.302],[83.254,21.312],[83.261,21.327],[83.255,21.332],[83.271,21.359],[83.27,21.375],[83.281,21.375],[83.375,21.34],[83.377,21.343],[83.388,21.339],[83.403,21.348],[83.404,21.355],[83.393,21.365],[83.394,21.399],[83.381,21.41],[83.37,21.436],[83.35,21.444],[83.342,21.485],[83.335,21.496],[83.366,21.55],[83.362,21.573],[83.368,21.597],[83.381,21.613],[83.409,21.634],[83.441,21.649],[83.448,21.645],[83.441,21.618],[83.45,21.617],[83.453,21.605],[83.463,21.606],[83.47,21.627],[83.485,21.626],[83.483,21.64],[83.441,21.655],[83.42,21.675],[83.421,21.687],[83.428,21.692],[83.456,21.694],[83.484,21.742],[83.474,21.75],[83.478,21.765],[83.467,21.783],[83.484,21.794],[83.491,21.815],[83.506,21.8],[83.537,21.794],[83.536,21.818],[83.528,21.823],[83.531,21.832],[83.549,21.835],[83.574,21.83],[83.584,21.844],[83.572,21.872],[83.583,21.891],[83.582,21.897],[83.593,21.901],[83.6,21.911],[83.588,21.926],[83.553,21.932],[83.558,21.944],[83.535,21.964],[83.535,21.98],[83.549,22.007],[83.534,22.022],[83.538,22.055],[83.543,22.059],[83.584,22.055],[83.6,22.066],[83.559,22.095],[83.559,22.104],[83.602,22.152],[83.619,22.196],[83.646,22.225],[83.657,22.225],[83.693,22.246],[83.753,22.243],[83.757,22.25],[83.771,22.257],[83.779,22.275],[83.794,22.288],[83.819,22.292],[83.825,22.32],[83.843,22.326],[83.861,22.344],[83.872,22.339],[83.897,22.34],[83.916,22.36],[83.967,22.358],[83.993,22.369],[84.004,22.368],[84.002,22.38],[84.022,22.41],[84.024,22.422],[84.04,22.433],[84.042,22.464],[84.039,22.469],[84.022,22.472],[84.013,22.485],[83.976,22.502],[83.974,22.514],[83.98,22.522],[83.994,22.529],[84.003,22.521]]]},"properties":{"ID_0":105,"ISO":"IND","NAME_0":"India","ID_1":7,"NAME_1":"Chhattisgarh"}},
{"type":"Feature","geometry":{"type":"Polygon","coordinates":[[[72.99,20.292],[72.988,20.275],[72.98,20.271],[72.97,20.275],[72.951,20.292],[72.938,20.288],[72.925,20.279],[72.922,20.274],[72.944,20.245],[72.965,20.237],[72.974,20.226],[72.974,20.215],[72.97,20.212],[72.976,20.18],[72.986,20.177],[72.987,20.171],[72.986,20.158],[72.973,20.131],[72.985,20.113],[73.004,20.118],[73.008,20.129],[73.008,20.132],[73.009,20.137],[73.011,20.14],[73.017,20.135],[73.017,20.13],[73.01,20.11],[73.045,20.072],[73.059,20.068],[73.058,20.097],[73.088,20.094],[73.105,20.087],[73.11,20.085],[73.112,20.083],[73.123,20.078],[73.128,20.078],[73.137,20.085],[73.144,20.078],[73.163,20.073],[73.17,20.066],[73.175,20.058],[73.184,20.052],[73.186,20.053],[73.199,20.062],[73.198,20.078],[73.214,20.091],[73.218,20.106],[73.216,20.122],[73.211,20.124],[73.201,20.13],[73.196,20.14],[73.195,20.151],[73.199,20.162],[73.227,20.176],[73.229,20.184],[73.21,20.197],[73.204,20.198],[73.189,20.201],[73.181,20.202],[73.18,20.209],[73.169,20.2],[73.154,20.202],[73.153,20.203],[73.15,20.206],[73.142,20.204],[73.146,20.187],[73.148,20.185],[73.15,20.173],[73.136,20.172],[73.125,20.157],[73.117,20.159],[73.109,20.159],[73.103,20.161],[73.099,20.173],[73.098,20.173],[73.09,20.17],[73.086,20.157],[73.076,20.16],[73.07,20.197],[73.067,20.198],[73.064,20.203],[73.077,20.23],[73.088,20.234],[73.102,20.229],[73.11,20.232],[73.109,20.239],[73.113,20.244],[73.125,20.257],[73.137,20.26],[73.143,20.269],[73.146,20.281],[73.147,20.281],[73.154,20.277],[73.155,20.285],[73.158,20.29],[73.161,20.292],[73.167,20.283],[73.176,20.284],[73.18,20.29],[73.177,20.308],[73.178,20.311],[73.177,20.312],[73.147,20.317],[73.142,20.317],[73.139,20.31],[73.116,20.304],[73.122,20.333],[73.118,20.343],[73.114,20.353],[73.111,20.356],[73.105,20.361],[73.102,20.358],[73.097,20.335],[73.086,20.326],[73.075,20.33],[73.067,20.326],[73.055,20.325],[73.048,20.317],[73.044,20.291],[73.037,20.291],[73.027,20.294],[73.02,20.317],[73.02,20.291],[72.99,20.292]]]},"properties":{"ID_0":105,"ISO":"IND","NAME_0":"India","ID_1":8,"NAME_1":"Dadra and Nagar Haveli"}},
{"type":"Feature","geometry":{"type":"MultiPolygon","coordinates":[[[[72.866,20.468],[72.86,20.471],[72.859,20.465],[72.845,20.46],[72.833,20.446],[72.828,20.388],[72.822,20.371],[72.831,20.369],[72.843,20.399],[72.845,20.407],[72.851,20.408],[72.87,20.391],[72.876,20.381],[72.874,20.393],[72.869,20.404],[72.869,20.406],[72.851,20.412],[72.844,20.416],[72.841,20.418],[72.839,20.438],[72.851,20.455],[72.866,20.468]]],[[[70.889,20.709],[70.884,20.714],[70.874,20.71],[70.889,20.709]]],[[[70.949,20.734],[70.939,20.736],[70.93,20.732],[70.905,20.727],[70.892,20.708],[70.899,20.699],[70.914,20.699],[70.916,20.708],[70.925,20.712],[70.952,20.704],[70.97,20.707],[70.977,20.702],[70.997,20.713],[70.968,20.728],[70.963,20.722],[70.963,20.729],[70.949,20.734]]],[[[70.768,20.962],[70.756,20.974],[70.742,20.99],[70.734,20.988],[70.741,20.974],[70.731,20.96],[70.719,20.937],[70.718,20.912],[70.694,20.883],[70.679,20.844],[70.676,20.819],[70.682,20.801],[70.683,20.784],[70.675,20.77],[70.677,20.769],[70.675,20.757],[70.703,20.738],[70.744,20.72],[70.766,20.721],[70.793,20.712],[70.804,20.701],[70.811,20.704],[70.806,20.71],[70.817,20.719],[70.815,20.715],[70.828,20.711],[70.828,20.698],[70.807,20.7],[70.822,20.691],[70.838,20.69],[70.834,20.699],[70.845,20.707],[70.874,20.705],[70.869,20.707],[70.87,20.719],[70.865,20.727],[70.847,20.723],[70.84,20.728],[70.855,20.752],[70.854,20.753],[70.844,20.76],[70.845,20.764],[70.867,20.765],[70.863,20.782],[70.867,20.795],[70.876,20.789],[70.894,20.795],[70.896,20.825],[70.883,20.835],[70.842,20.832],[70.836,20.848],[70.817,20.851],[70.82,20.858],[70.841,20.858],[70.875,20.869],[70.9,20.886],[70.902,20.903],[70.89,20.936],[70.88,20.955],[70.862,20.961],[70.851,20.963],[70.846,20.971],[70.833,20.969],[70.825,20.96],[70.808,20.964],[70.794,20.959],[70.779,20.967],[70.773,20.961],[70.768,20.962]]]]},"properties":{"ID_0":105,"ISO":"IND","NAME_0":"India","ID_1":9,"NAME_1":"Daman and Diu"}},
{"type":"Feature","geometry":{"type":"Polygon","coordinates":[[[77.194,28.802],[77.195,28.815],[77.214,28.813],[77.217,28.835],[77.208,28.86],[77.193,28.865],[77.187,28.867],[77.184,28.862],[77.165,28.861],[77.151,28.848],[77.139,28.842],[77.134,28.845],[77.136,28.853],[77.129,28.865],[77.11,28.866],[77.099,28.872],[77.083,28.875],[77.076,28.885],[77.07,28.88],[77.066,28.873],[77.05,28.873],[77.038,28.853],[77.032,28.837],[76.983,28.839],[76.98,28.837],[76.974,28.826],[76.958,28.83],[76.956,28.82],[76.948,28.818],[76.942,28.821],[76.937,28.809],[76.947,28.774],[76.938,28.76],[76.95,28.747],[76.941,28.717],[76.955,28.705],[76.95,28.694],[76.947,28.677],[76.943,28.675],[76.923,28.669],[76.918,28.653],[76.934,28.638],[76.926,28.629],[76.924,28.629],[76.91,28.638],[76.894,28.633],[76.878,28.638],[76.855,28.592],[76.835,28.591],[76.833,28.583],[76.838,28.557],[76.857,28.548],[76.859,28.542],[76.879,28.524],[76.874,28.514],[76.879,28.509],[76.894,28.516],[76.908,28.515],[76.923,28.519],[76.933,28.516],[76.945,28.514],[76.968,28.528],[76.977,28.524],[77.006,28.514],[77.011,28.524],[76.998,28.532],[77,28.542],[77.006,28.543],[77.016,28.533],[77.02,28.533],[77.049,28.515],[77.072,28.52],[77.09,28.505],[77.108,28.494],[77.103,28.483],[77.103,28.47],[77.113,28.45],[77.118,28.442],[77.131,28.439],[77.152,28.428],[77.166,28.408],[77.195,28.413],[77.215,28.416],[77.241,28.429],[77.243,28.447],[77.226,28.464],[77.232,28.476],[77.243,28.485],[77.254,28.486],[77.278,28.498],[77.301,28.49],[77.315,28.495],[77.329,28.508],[77.338,28.509],[77.337,28.516],[77.331,28.524],[77.315,28.541],[77.303,28.55],[77.295,28.561],[77.294,28.58],[77.295,28.582],[77.31,28.599],[77.328,28.605],[77.336,28.609],[77.337,28.622],[77.311,28.645],[77.318,28.672],[77.318,28.679],[77.327,28.685],[77.322,28.712],[77.323,28.716],[77.317,28.717],[77.296,28.713],[77.293,28.71],[77.285,28.712],[77.284,28.719],[77.271,28.738],[77.266,28.739],[77.256,28.74],[77.253,28.753],[77.246,28.757],[77.238,28.759],[77.229,28.772],[77.221,28.778],[77.217,28.782],[77.225,28.788],[77.213,28.786],[77.208,28.787],[77.197,28.795],[77.194,28.802]]]},"properties":{"ID_0":105,"ISO":"IND","NAME_0":"India","ID_1":10,"NAME_1":"Delhi"}},
{"type":"Feature","geometry":{"type":"MultiPolygon","coordinates":[[[[73.782,15.356],[73.761,15.352],[73.782,15.348],[73.782,15.356]]],[[[73.797,15.379],[73.793,15.377],[73.796,15.372],[73.797,15.379]]],[[[74.126,15.65],[74.081,15.626],[74.039,15.621],[74.036,15.609],[74.028,15.605],[73.999,15.611],[73.976,15.629],[73.969,15.644],[73.976,15.66],[73.971,15.687],[73.966,15.695],[73.957,15.697],[73.959,15.711],[73.945,15.742],[73.915,15.745],[73.909,15.742],[73.882,15.749],[73.887,15.77],[73.875,15.783],[73.876,15.793],[73.865,15.798],[73.857,15.778],[73.852,15.778],[73.845,15.763],[73.839,15.761],[73.833,15.738],[73.82,15.74],[73.793,15.724],[73.758,15.733],[73.749,15.731],[73.737,15.717],[73.719,15.722],[73.707,15.722],[73.692,15.727],[73.68,15.724],[73.68,15.721],[73.69,15.718],[73.723,15.63],[73.736,15.614],[73.746,15.627],[73.755,15.617],[73.745,15.605],[73.731,15.608],[73.731,15.59],[73.741,15.563],[73.751,15.557],[73.766,15.507],[73.765,15.495],[73.775,15.49],[73.787,15.493],[73.789,15.5],[73.805,15.495],[73.805,15.465],[73.8,15.46],[73.79,15.465],[73.788,15.462],[73.803,15.45],[73.812,15.456],[73.841,15.448],[73.849,15.452],[73.859,15.442],[73.862,15.428],[73.884,15.433],[73.897,15.415],[73.895,15.407],[73.888,15.408],[73.877,15.397],[73.865,15.403],[73.859,15.398],[73.845,15.4],[73.84,15.411],[73.828,15.403],[73.817,15.411],[73.817,15.404],[73.809,15.401],[73.792,15.419],[73.783,15.41],[73.791,15.394],[73.806,15.393],[73.808,15.377],[73.832,15.371],[73.841,15.36],[73.873,15.37],[73.895,15.332],[73.948,15.146],[73.935,15.132],[73.941,15.122],[73.936,15.113],[73.917,15.108],[73.925,15.104],[73.926,15.097],[73.912,15.084],[73.926,15.086],[73.932,15.078],[73.967,15.066],[73.971,15.052],[73.98,15.052],[73.985,15.046],[73.989,15.02],[74.007,15.018],[74.014,15.007],[74.018,15.014],[74.038,14.986],[74.05,14.988],[74.034,14.984],[74.042,14.979],[74.049,14.958],[74.053,14.958],[74.043,14.949],[74.043,14.918],[74.067,14.907],[74.08,14.91],[74.085,14.9],[74.097,14.896],[74.104,14.904],[74.113,14.911],[74.133,14.916],[74.139,14.92],[74.146,14.917],[74.175,14.909],[74.175,14.916],[74.166,14.937],[74.17,14.942],[74.17,14.947],[74.187,14.953],[74.197,14.943],[74.204,14.938],[74.203,14.927],[74.212,14.921],[74.219,14.931],[74.225,14.941],[74.242,14.946],[74.244,14.957],[74.251,14.961],[74.262,14.958],[74.267,14.967],[74.274,14.975],[74.262,14.991],[74.272,14.998],[74.271,14.999],[74.282,15.016],[74.29,15.022],[74.289,15.03],[74.302,15.04],[74.295,15.063],[74.287,15.069],[74.284,15.094],[74.278,15.096],[74.288,15.106],[74.293,15.12],[74.29,15.143],[74.301,15.15],[74.322,15.184],[74.307,15.223],[74.264,15.242],[74.258,15.258],[74.268,15.258],[74.283,15.281],[74.289,15.279],[74.302,15.286],[74.334,15.283],[74.342,15.293],[74.323,15.33],[74.328,15.343],[74.323,15.357],[74.328,15.367],[74.306,15.381],[74.286,15.383],[74.283,15.389],[74.285,15.402],[74.276,15.424],[74.283,15.433],[74.283,15.443],[74.256,15.49],[74.261,15.501],[74.282,15.513],[74.287,15.526],[74.27,15.561],[74.254,15.566],[74.256,15.583],[74.265,15.59],[74.267,15.617],[74.259,15.624],[74.253,15.624],[74.257,15.634],[74.255,15.654],[74.245,15.666],[74.237,15.662],[74.232,15.667],[74.224,15.659],[74.229,15.653],[74.213,15.649],[74.212,15.661],[74.196,15.665],[74.198,15.679],[74.19,15.681],[74.175,15.67],[74.173,15.652],[74.143,15.647],[74.126,15.65]]]]},"properties":{"ID_0":105,"ISO":"IND","NAME_0":"India","ID_1":11,"NAME_1":"Goa"}},
{"type":"Feature","geometry":{"type":"MultiPolygon","coordinates":[[[[70.87,20.719],[70.873,20.724],[70.857,20.743],[70.862,20.752],[70.855,20.752],[70.84,20.728],[70.847,20.723],[70.865,20.727],[70.87,20.719]]],[[[72.846,20.763],[72.847,20.754],[72.857,20.752],[72.855,20.76],[72.846,20.763]]],[[[71.516,20.914],[71.507,20.903],[71.53,20.903],[71.52,20.906],[71.516,20.914]]],[[[71.687,20.997],[71.674,20.993],[71.674,20.985],[71.687,20.992],[71.687,20.997]]],[[[71.704,21],[71.695,20.997],[71.704,20.995],[71.704,21]]],[[[71.71,21],[71.706,20.997],[71.714,20.998],[71.71,21]]],[[[72.648,21.076],[72.648,21.068],[72.657,21.065],[72.655,21.074],[72.648,21.076]]],[[[72.672,21.115],[72.669,21.105],[72.676,21.097],[72.672,21.115]]],[[[72.677,21.156],[72.665,21.149],[72.665,21.142],[72.676,21.105],[72.689,21.09],[72.699,21.108],[72.697,21.119],[72.71,21.141],[72.677,21.156]]],[[[72.6,21.387],[72.588,21.367],[72.6,21.378],[72.6,21.387]]],[[[72.676,21.447],[72.664,21.44],[72.673,21.44],[72.676,21.447]]],[[[69.728,21.612],[69.725,21.609],[69.74,21.592],[69.735,21.61],[69.728,21.612]]],[[[72.353,21.613],[72.345,21.602],[72.359,21.58],[72.365,21.598],[72.353,21.613]]],[[[72.596,21.639],[72.588,21.63],[72.59,21.621],[72.599,21.617],[72.612,21.636],[72.596,21.63],[72.596,21.639]]],[[[72.602,21.641],[72.596,21.641],[72.6,21.637],[72.602,21.641]]],[[[72.723,21.666],[72.71,21.659],[72.717,21.645],[72.738,21.644],[72.751,21.653],[72.723,21.666]]],[[[72.274,21.75],[72.268,21.737],[72.288,21.707],[72.274,21.75]]],[[[72.355,21.943],[72.348,21.929],[72.36,21.925],[72.355,21.943]]],[[[72.371,22.235],[72.363,22.214],[72.377,22.204],[72.368,22.224],[72.371,22.235]]],[[[69.453,22.358],[69.437,22.354],[69.458,22.352],[69.453,22.358]]],[[[69.195,22.375],[69.19,22.369],[69.195,22.368],[69.195,22.375]]],[[[69.335,22.389],[69.323,22.382],[69.332,22.373],[69.34,22.381],[69.335,22.389]]],[[[69.483,22.399],[69.48,22.39],[69.485,22.388],[69.489,22.393],[69.483,22.399]]],[[[69.628,22.46],[69.593,22.445],[69.588,22.437],[69.596,22.425],[69.637,22.407],[69.657,22.428],[69.645,22.434],[69.648,22.438],[69.643,22.451],[69.628,22.46]]],[[[69.302,22.474],[69.293,22.459],[69.301,22.453],[69.322,22.452],[69.328,22.46],[69.325,22.47],[69.304,22.47],[69.302,22.474]]],[[[69.137,22.478],[69.093,22.462],[69.096,22.441],[69.085,22.433],[69.085,22.421],[69.108,22.437],[69.111,22.464],[69.123,22.468],[69.147,22.463],[69.148,22.474],[69.137,22.478]]],[[[69.324,22.528],[69.316,22.52],[69.335,22.507],[69.35,22.504],[69.364,22.512],[69.351,22.527],[69.324,22.528]]],[[[69.96,22.544],[69.954,22.536],[69.963,22.542],[69.96,22.544]]],[[[69.952,22.551],[69.942,22.55],[69.939,22.538],[69.953,22.537],[69.958,22.545],[69.952,22.551]]],[[[69.919,22.553],[69.9,22.546],[69.901,22.528],[69.895,22.523],[69.866,22.531],[69.862,22.527],[69.897,22.512],[69.916,22.512],[69.931,22.52],[69.942,22.518],[69.942,22.529],[69.937,22.532],[69.935,22.525],[69.936,22.533],[69.93,22.531],[69.934,22.534],[69.932,22.545],[69.919,22.553]]],[[[70.024,22.553],[70.012,22.55],[70.02,22.548],[70.024,22.553]]],[[[70.023,22.558],[70.013,22.554],[70.025,22.555],[70.023,22.558]]],[[[70.009,22.593],[69.965,22.578],[69.957,22.561],[69.958,22.55],[69.964,22.545],[69.993,22.548],[70.027,22.568],[70.025,22.586],[70.009,22.593]]],[[[69.948,22.606],[69.953,22.595],[69.964,22.599],[69.948,22.606]]],[[[69.643,22.765],[69.631,22.761],[69.667,22.751],[69.643,22.765]]],[[[70.455,22.996],[70.433,22.979],[70.451,22.986],[70.455,22.996]]],[[[70.442,23.05],[70.429,23.047],[70.415,23.023],[70.442,23.05]]],[[[70.448,23.052],[70.415,23.019],[70.41,23],[70.414,22.99],[70.434,23.014],[70.448,23.052]]],[[[70.459,23.058],[70.45,23.053],[70.457,23.055],[70.45,23.043],[70.459,23.058]]],[[[70.482,23.065],[70.463,23.055],[70.46,23.047],[70.458,23.05],[70.446,23.025],[70.482,23.065]]],[[[68.609,23.231],[68.603,23.226],[68.613,23.221],[68.609,23.231]]],[[[68.705,23.312],[68.7,23.309],[68.708,23.307],[68.705,23.312]]],[[[68.558,23.314],[68.553,23.297],[68.568,23.281],[68.565,23.284],[68.556,23.274],[68.546,23.278],[68.543,23.286],[68.538,23.271],[68.574,23.245],[68.573,23.251],[68.584,23.254],[68.572,23.257],[68.572,23.261],[68.598,23.268],[68.6,23.273],[68.602,23.268],[68.606,23.273],[68.615,23.272],[68.612,23.292],[68.607,23.295],[68.612,23.297],[68.596,23.3],[68.582,23.31],[68.588,23.295],[68.572,23.304],[68.574,23.294],[68.564,23.301],[68.558,23.314]]],[[[68.643,23.314],[68.634,23.314],[68.633,23.308],[68.646,23.307],[68.643,23.314]]],[[[68.588,23.319],[68.583,23.315],[68.598,23.302],[68.619,23.299],[68.609,23.317],[68.605,23.315],[68.608,23.31],[68.588,23.319]]],[[[68.506,23.342],[68.502,23.324],[68.519,23.317],[68.538,23.318],[68.526,23.329],[68.528,23.337],[68.506,23.342]]],[[[68.525,23.344],[68.521,23.343],[68.532,23.339],[68.525,23.344]]],[[[68.632,23.352],[68.628,23.349],[68.634,23.342],[68.632,23.352]]],[[[68.573,23.36],[68.57,23.359],[68.576,23.352],[68.573,23.36]]],[[[68.589,23.374],[68.588,23.368],[68.586,23.373],[68.568,23.372],[68.579,23.36],[68.578,23.352],[68.584,23.353],[68.591,23.342],[68.607,23.332],[68.6,23.346],[68.611,23.333],[68.617,23.334],[68.617,23.328],[68.618,23.354],[68.609,23.364],[68.611,23.352],[68.595,23.359],[68.598,23.364],[68.589,23.374]]],[[[68.536,23.385],[68.535,23.381],[68.542,23.379],[68.536,23.385]]],[[[68.535,23.388],[68.53,23.383],[68.534,23.371],[68.535,23.388]]],[[[68.537,23.405],[68.539,23.401],[68.528,23.391],[68.533,23.39],[68.541,23.401],[68.544,23.388],[68.546,23.397],[68.554,23.377],[68.561,23.375],[68.555,23.369],[68.55,23.371],[68.556,23.36],[68.567,23.376],[68.556,23.379],[68.554,23.383],[68.559,23.383],[68.551,23.402],[68.537,23.405]]],[[[68.523,23.405],[68.52,23.394],[68.527,23.386],[68.523,23.405]]],[[[68.415,23.41],[68.413,23.404],[68.423,23.401],[68.415,23.41]]],[[[68.507,23.457],[68.503,23.429],[68.512,23.43],[68.51,23.439],[68.516,23.433],[68.517,23.442],[68.521,23.437],[68.513,23.448],[68.527,23.438],[68.507,23.457]]],[[[68.499,23.476],[68.495,23.474],[68.5,23.455],[68.499,23.476]]],[[[68.473,23.48],[68.457,23.479],[68.46,23.468],[68.445,23.468],[68.445,23.462],[68.453,23.461],[68.433,23.45],[68.435,23.44],[68.429,23.44],[68.425,23.448],[68.412,23.443],[68.413,23.432],[68.42,23.429],[68.422,23.42],[68.429,23.432],[68.42,23.433],[68.418,23.44],[68.428,23.437],[68.43,23.431],[68.438,23.435],[68.44,23.445],[68.468,23.459],[68.47,23.454],[68.475,23.46],[68.471,23.453],[68.462,23.453],[68.46,23.444],[68.468,23.442],[68.459,23.434],[68.465,23.421],[68.458,23.418],[68.467,23.412],[68.463,23.407],[68.484,23.403],[68.495,23.456],[68.487,23.467],[68.487,23.473],[68.485,23.475],[68.473,23.48]]],[[[68.498,23.489],[68.487,23.485],[68.482,23.478],[68.485,23.477],[68.487,23.473],[68.497,23.478],[68.498,23.489]]],[[[68.467,23.498],[68.465,23.489],[68.459,23.487],[68.46,23.48],[68.471,23.48],[68.473,23.491],[68.467,23.498]]],[[[68.481,23.501],[68.482,23.492],[68.473,23.494],[68.475,23.487],[68.484,23.491],[68.485,23.485],[68.476,23.486],[68.474,23.482],[68.48,23.478],[68.487,23.486],[68.481,23.501]]],[[[68.468,23.524],[68.464,23.515],[68.47,23.519],[68.468,23.524]]],[[[68.475,23.529],[68.469,23.525],[68.472,23.521],[68.475,23.529]]],[[[68.479,23.555],[68.457,23.543],[68.453,23.537],[68.462,23.534],[68.453,23.529],[68.476,23.539],[68.479,23.555]]],[[[68.255,23.59],[68.245,23.587],[68.253,23.582],[68.258,23.585],[68.255,23.59]]],[[[68.482,23.597],[68.48,23.59],[68.468,23.592],[68.462,23.582],[68.465,23.579],[68.47,23.583],[68.473,23.578],[68.456,23.572],[68.453,23.561],[68.448,23.566],[68.435,23.557],[68.435,23.547],[68.43,23.543],[68.43,23.508],[68.433,23.523],[68.438,23.524],[68.446,23.54],[68.462,23.554],[68.468,23.553],[68.473,23.563],[68.481,23.561],[68.485,23.575],[68.482,23.597]]],[[[68.458,23.6],[68.452,23.595],[68.457,23.588],[68.453,23.578],[68.444,23.578],[68.451,23.573],[68.462,23.577],[68.462,23.583],[68.468,23.592],[68.466,23.598],[68.458,23.6]]],[[[68.482,23.607],[68.479,23.604],[68.48,23.598],[68.487,23.603],[68.482,23.607]]],[[[68.456,23.625],[68.435,23.616],[68.441,23.603],[68.44,23.587],[68.452,23.603],[68.467,23.601],[68.466,23.622],[68.456,23.625]]],[[[68.485,23.628],[68.47,23.616],[68.468,23.593],[68.48,23.591],[68.479,23.607],[68.483,23.607],[68.491,23.604],[68.49,23.624],[68.483,23.622],[68.485,23.628]]],[[[68.478,23.722],[68.473,23.715],[68.482,23.72],[68.478,23.722]]],[[[68.467,23.74],[68.457,23.734],[68.459,23.725],[68.488,23.729],[68.467,23.74]]],[[[68.217,23.779],[68.218,23.756],[68.224,23.764],[68.217,23.779]]],[[[68.349,23.8],[68.34,23.777],[68.347,23.78],[68.349,23.8]]],[[[68.358,23.805],[68.35,23.801],[68.349,23.782],[68.335,23.759],[68.338,23.752],[68.343,23.752],[68.341,23.745],[68.352,23.743],[68.347,23.741],[68.35,23.732],[68.339,23.743],[68.338,23.73],[68.33,23.722],[68.334,23.711],[68.33,23.724],[68.318,23.718],[68.297,23.684],[68.306,23.681],[68.282,23.671],[68.28,23.663],[68.274,23.66],[68.27,23.65],[68.238,23.648],[68.231,23.643],[68.259,23.646],[68.28,23.652],[68.29,23.648],[68.312,23.65],[68.258,23.645],[68.26,23.64],[68.256,23.645],[68.234,23.641],[68.223,23.647],[68.21,23.64],[68.205,23.648],[68.186,23.624],[68.187,23.611],[68.198,23.597],[68.203,23.595],[68.205,23.602],[68.215,23.601],[68.217,23.606],[68.226,23.607],[68.221,23.59],[68.233,23.587],[68.237,23.596],[68.25,23.591],[68.256,23.596],[68.249,23.594],[68.24,23.6],[68.242,23.606],[68.256,23.6],[68.264,23.602],[68.27,23.61],[68.267,23.62],[68.277,23.633],[68.307,23.631],[68.314,23.622],[68.305,23.63],[68.287,23.627],[68.278,23.631],[68.273,23.618],[68.293,23.6],[68.283,23.601],[68.28,23.589],[68.279,23.597],[68.274,23.592],[68.281,23.582],[68.295,23.579],[68.308,23.584],[68.3,23.588],[68.304,23.597],[68.308,23.583],[68.315,23.583],[68.315,23.59],[68.33,23.589],[68.347,23.598],[68.351,23.605],[68.348,23.616],[68.375,23.639],[68.376,23.651],[68.39,23.686],[68.375,23.643],[68.382,23.645],[68.39,23.654],[68.418,23.724],[68.417,23.76],[68.399,23.751],[68.418,23.763],[68.426,23.795],[68.414,23.795],[68.398,23.785],[68.377,23.792],[68.358,23.805]]],[[[68.605,23.81],[68.593,23.803],[68.597,23.796],[68.607,23.803],[68.605,23.81]]],[[[68.308,23.824],[68.29,23.817],[68.298,23.804],[68.275,23.795],[68.268,23.772],[68.266,23.73],[68.257,23.716],[68.274,23.701],[68.272,23.708],[68.283,23.71],[68.295,23.723],[68.285,23.732],[68.285,23.736],[68.293,23.74],[68.286,23.755],[68.295,23.741],[68.286,23.734],[68.291,23.728],[68.324,23.734],[68.314,23.787],[68.322,23.805],[68.308,23.824]]],[[[68.497,23.831],[68.458,23.818],[68.455,23.807],[68.448,23.807],[68.457,23.774],[68.437,23.739],[68.459,23.743],[68.477,23.741],[68.478,23.748],[68.471,23.752],[68.464,23.766],[68.465,23.775],[68.472,23.755],[68.488,23.748],[68.488,23.737],[68.495,23.737],[68.507,23.748],[68.49,23.76],[68.51,23.751],[68.517,23.755],[68.522,23.775],[68.498,23.795],[68.512,23.789],[68.523,23.802],[68.52,23.818],[68.497,23.831]]],[[[68.707,23.851],[68.703,23.85],[68.71,23.849],[68.707,23.851]]],[[[68.533,23.874],[68.524,23.858],[68.535,23.865],[68.533,23.874]]],[[[68.396,23.878],[68.378,23.874],[68.377,23.858],[68.344,23.839],[68.347,23.82],[68.325,23.798],[68.33,23.787],[68.338,23.801],[68.355,23.811],[68.37,23.81],[68.379,23.795],[68.402,23.79],[68.39,23.81],[68.389,23.83],[68.38,23.838],[68.39,23.832],[68.392,23.809],[68.405,23.793],[68.416,23.802],[68.407,23.812],[68.412,23.821],[68.41,23.809],[68.418,23.805],[68.427,23.81],[68.439,23.839],[68.429,23.846],[68.421,23.868],[68.396,23.878]]],[[[68.248,23.88],[68.216,23.867],[68.216,23.848],[68.234,23.843],[68.252,23.862],[68.255,23.875],[68.248,23.88]]],[[[68.449,23.938],[68.427,23.933],[68.42,23.921],[68.405,23.912],[68.353,23.901],[68.353,23.884],[68.356,23.885],[68.354,23.888],[68.358,23.894],[68.368,23.891],[68.358,23.893],[68.356,23.89],[68.357,23.863],[68.35,23.846],[68.372,23.86],[68.377,23.877],[68.393,23.88],[68.417,23.872],[68.408,23.885],[68.422,23.895],[68.429,23.896],[68.411,23.885],[68.421,23.877],[68.42,23.871],[68.426,23.865],[68.442,23.87],[68.444,23.878],[68.452,23.882],[68.447,23.899],[68.45,23.905],[68.443,23.908],[68.45,23.905],[68.452,23.913],[68.444,23.913],[68.452,23.916],[68.444,23.919],[68.459,23.931],[68.449,23.938]]],[[[68.535,23.946],[68.525,23.94],[68.538,23.918],[68.532,23.923],[68.529,23.915],[68.514,23.905],[68.526,23.893],[68.512,23.903],[68.486,23.89],[68.491,23.866],[68.502,23.875],[68.5,23.867],[68.517,23.857],[68.522,23.856],[68.533,23.876],[68.537,23.867],[68.547,23.873],[68.567,23.903],[68.589,23.917],[68.588,23.922],[68.583,23.923],[68.558,23.923],[68.558,23.931],[68.542,23.934],[68.535,23.946]]],[[[68.526,23.95],[68.515,23.949],[68.523,23.945],[68.526,23.95]]],[[[68.482,23.993],[68.462,23.992],[68.448,23.981],[68.443,23.964],[68.449,23.96],[68.442,23.963],[68.428,23.938],[68.449,23.94],[68.463,23.932],[68.451,23.92],[68.454,23.912],[68.458,23.915],[68.45,23.893],[68.453,23.88],[68.44,23.867],[68.428,23.862],[68.432,23.852],[68.443,23.848],[68.473,23.863],[68.48,23.889],[68.468,23.895],[68.48,23.89],[68.488,23.902],[68.505,23.909],[68.51,23.923],[68.513,23.92],[68.518,23.924],[68.518,23.936],[68.506,23.942],[68.519,23.941],[68.503,23.946],[68.497,23.956],[68.502,23.978],[68.482,23.993]]],[[[68.43,23.995],[68.396,23.965],[68.385,23.966],[68.376,23.984],[68.36,23.978],[68.346,23.96],[68.346,23.933],[68.335,23.918],[68.322,23.915],[68.289,23.922],[68.277,23.915],[68.278,23.902],[68.261,23.887],[68.259,23.875],[68.279,23.87],[68.293,23.875],[68.304,23.867],[68.31,23.879],[68.318,23.879],[68.311,23.878],[68.305,23.866],[68.293,23.873],[68.28,23.868],[68.259,23.872],[68.249,23.854],[68.25,23.849],[68.258,23.845],[68.261,23.839],[68.277,23.836],[68.283,23.842],[68.287,23.839],[68.277,23.834],[68.261,23.837],[68.26,23.825],[68.257,23.845],[68.25,23.847],[68.245,23.854],[68.235,23.836],[68.213,23.835],[68.209,23.811],[68.218,23.781],[68.224,23.773],[68.231,23.776],[68.233,23.782],[68.234,23.775],[68.225,23.772],[68.226,23.763],[68.22,23.755],[68.214,23.755],[68.212,23.763],[68.193,23.731],[68.208,23.707],[68.22,23.7],[68.229,23.703],[68.227,23.69],[68.238,23.681],[68.256,23.68],[68.267,23.692],[68.254,23.719],[68.262,23.727],[68.266,23.746],[68.262,23.76],[68.27,23.782],[68.266,23.793],[68.27,23.786],[68.274,23.797],[68.296,23.804],[68.289,23.817],[68.304,23.825],[68.315,23.824],[68.321,23.807],[68.338,23.819],[68.336,23.839],[68.349,23.865],[68.342,23.89],[68.345,23.901],[68.357,23.912],[68.377,23.915],[68.376,23.92],[68.377,23.915],[68.387,23.914],[68.413,23.927],[68.434,23.964],[68.437,23.988],[68.43,23.995]]],[[[74.323,23.063],[74.31,23.08],[74.283,23.095],[74.288,23.119],[74.267,23.166],[74.25,23.178],[74.246,23.188],[74.237,23.183],[74.208,23.192],[74.19,23.172],[74.189,23.158],[74.183,23.152],[74.155,23.158],[74.146,23.175],[74.127,23.179],[74.125,23.207],[74.139,23.227],[74.134,23.269],[74.114,23.277],[74.102,23.296],[74.044,23.296],[74.05,23.307],[74.048,23.311],[74.038,23.306],[74.03,23.32],[74.033,23.332],[73.991,23.338],[73.971,23.377],[73.962,23.381],[73.947,23.374],[73.939,23.341],[73.894,23.337],[73.895,23.353],[73.836,23.431],[73.832,23.447],[73.783,23.435],[73.765,23.459],[73.726,23.413],[73.717,23.419],[73.704,23.456],[73.682,23.457],[73.653,23.44],[73.633,23.452],[73.644,23.497],[73.658,23.504],[73.657,23.516],[73.637,23.531],[73.637,23.548],[73.638,23.563],[73.651,23.581],[73.65,23.608],[73.661,23.623],[73.642,23.631],[73.619,23.651],[73.577,23.655],[73.532,23.614],[73.527,23.611],[73.513,23.617],[73.501,23.634],[73.512,23.645],[73.501,23.651],[73.511,23.673],[73.509,23.703],[73.479,23.709],[73.477,23.721],[73.455,23.74],[73.451,23.753],[73.432,23.762],[73.42,23.779],[73.4,23.784],[73.39,23.769],[73.376,23.767],[73.363,23.787],[73.373,23.822],[73.36,23.855],[73.362,23.862],[73.396,23.917],[73.408,23.916],[73.425,23.931],[73.42,23.936],[73.42,23.983],[73.405,23.991],[73.411,23.998],[73.414,24.051],[73.397,24.073],[73.37,24.088],[73.373,24.128],[73.361,24.114],[73.335,24.115],[73.332,24.074],[73.327,24.063],[73.307,24.051],[73.291,24.027],[73.275,24.028],[73.246,24.011],[73.229,24.028],[73.201,24.045],[73.199,24.051],[73.224,24.098],[73.198,24.111],[73.194,24.105],[73.172,24.111],[73.123,24.14],[73.114,24.139],[73.117,24.153],[73.083,24.185],[73.092,24.221],[73.111,24.231],[73.101,24.238],[73.116,24.263],[73.139,24.28],[73.145,24.308],[73.151,24.311],[73.181,24.301],[73.193,24.344],[73.201,24.334],[73.211,24.334],[73.216,24.35],[73.231,24.365],[73.211,24.375],[73.19,24.356],[73.17,24.351],[73.127,24.369],[73.111,24.387],[73.098,24.386],[73.085,24.394],[73.093,24.413],[73.108,24.426],[73.107,24.457],[73.094,24.495],[73.051,24.465],[73.022,24.465],[73.013,24.482],[73,24.471],[72.981,24.451],[72.991,24.421],[72.964,24.392],[72.963,24.384],[72.981,24.38],[72.991,24.364],[72.934,24.336],[72.924,24.326],[72.901,24.351],[72.868,24.366],[72.829,24.365],[72.815,24.358],[72.733,24.361],[72.707,24.391],[72.693,24.419],[72.697,24.457],[72.659,24.456],[72.589,24.473],[72.574,24.488],[72.545,24.507],[72.514,24.465],[72.512,24.447],[72.501,24.45],[72.51,24.418],[72.508,24.41],[72.465,24.407],[72.456,24.438],[72.437,24.461],[72.439,24.479],[72.448,24.493],[72.442,24.504],[72.421,24.508],[72.386,24.501],[72.371,24.529],[72.374,24.537],[72.365,24.539],[72.358,24.553],[72.335,24.559],[72.337,24.544],[72.295,24.538],[72.29,24.558],[72.272,24.55],[72.251,24.58],[72.279,24.6],[72.3,24.6],[72.314,24.585],[72.326,24.587],[72.342,24.594],[72.354,24.618],[72.34,24.623],[72.331,24.612],[72.315,24.609],[72.275,24.622],[72.249,24.621],[72.23,24.633],[72.208,24.617],[72.211,24.613],[72.201,24.616],[72.186,24.609],[72.165,24.615],[72.151,24.634],[72.121,24.632],[72.085,24.653],[72.082,24.668],[72.092,24.675],[72.085,24.697],[72.052,24.706],[72.041,24.695],[72.001,24.683],[71.99,24.667],[71.993,24.653],[71.944,24.627],[71.935,24.627],[71.919,24.646],[71.917,24.651],[71.926,24.659],[71.92,24.667],[71.894,24.666],[71.876,24.675],[71.863,24.655],[71.869,24.623],[71.858,24.604],[71.847,24.615],[71.812,24.622],[71.815,24.655],[71.809,24.666],[71.799,24.671],[71.746,24.654],[71.716,24.654],[71.662,24.633],[71.65,24.64],[71.645,24.653],[71.617,24.671],[71.598,24.664],[71.583,24.677],[71.551,24.671],[71.537,24.679],[71.488,24.674],[71.383,24.622],[71.368,24.627],[71.357,24.654],[71.351,24.653],[71.322,24.64],[71.298,24.608],[71.261,24.621],[71.242,24.627],[71.207,24.64],[71.172,24.649],[71.119,24.669],[71.107,24.681],[71.061,24.646],[71.02,24.631],[71.001,24.599],[71.003,24.566],[70.998,24.541],[71.015,24.523],[71.008,24.442],[71.029,24.433],[71.093,24.436],[71.119,24.431],[71.134,24.414],[71.132,24.402],[71.122,24.391],[71.088,24.381],[71.066,24.356],[71.047,24.347],[71.013,24.347],[70.998,24.361],[70.96,24.346],[70.885,24.291],[70.889,24.269],[70.901,24.263],[70.894,24.257],[70.854,24.247],[70.837,24.235],[70.806,24.223],[70.655,24.225],[70.614,24.239],[70.594,24.24],[70.574,24.252],[70.572,24.265],[70.588,24.285],[70.572,24.294],[70.587,24.31],[70.572,24.345],[70.592,24.359],[70.612,24.401],[70.575,24.42],[70.46,24.387],[70.37,24.353],[70.326,24.347],[70.237,24.317],[70.119,24.291],[70.11,24.285],[70.088,24.235],[70.059,24.193],[70.024,24.169],[70.001,24.166],[69.87,24.165],[69.725,24.175],[69.681,24.205],[69.601,24.278],[69.501,24.255],[69.432,24.274],[69.362,24.266],[69.31,24.277],[69.275,24.269],[69.2,24.235],[69.093,24.269],[69.001,24.226],[68.986,24.226],[68.971,24.238],[68.947,24.277],[68.922,24.259],[68.904,24.209],[68.898,24.199],[68.888,24.196],[68.872,24.201],[68.87,24.209],[68.864,24.205],[68.848,24.208],[68.836,24.25],[68.832,24.299],[68.826,24.308],[68.773,24.294],[68.764,24.284],[68.76,24.036],[68.751,24],[68.749,23.962],[68.547,23.963],[68.537,23.947],[68.544,23.935],[68.559,23.932],[68.559,23.924],[68.58,23.924],[68.588,23.922],[68.587,23.941],[68.596,23.942],[68.609,23.934],[68.614,23.923],[68.622,23.927],[68.62,23.907],[68.638,23.903],[68.66,23.922],[68.663,23.917],[68.636,23.898],[68.638,23.895],[68.613,23.903],[68.573,23.881],[68.547,23.836],[68.534,23.828],[68.515,23.825],[68.523,23.817],[68.526,23.802],[68.531,23.802],[68.537,23.815],[68.531,23.8],[68.518,23.795],[68.515,23.785],[68.526,23.773],[68.525,23.759],[68.535,23.757],[68.565,23.798],[68.575,23.821],[68.588,23.837],[68.6,23.84],[68.599,23.847],[68.604,23.85],[68.6,23.845],[68.605,23.838],[68.637,23.836],[68.647,23.84],[68.645,23.846],[68.65,23.844],[68.648,23.848],[68.655,23.846],[68.666,23.852],[68.66,23.858],[68.684,23.862],[68.716,23.857],[68.761,23.875],[68.746,23.866],[68.747,23.86],[68.729,23.855],[68.726,23.846],[68.737,23.843],[68.722,23.832],[68.728,23.831],[68.743,23.844],[68.743,23.837],[68.718,23.826],[68.687,23.822],[68.677,23.814],[68.678,23.808],[68.666,23.808],[68.651,23.794],[68.633,23.758],[68.603,23.749],[68.595,23.73],[68.58,23.728],[68.578,23.72],[68.571,23.725],[68.558,23.719],[68.546,23.697],[68.536,23.689],[68.525,23.691],[68.527,23.677],[68.517,23.663],[68.52,23.655],[68.524,23.653],[68.53,23.662],[68.539,23.662],[68.529,23.66],[68.523,23.651],[68.52,23.653],[68.517,23.661],[68.501,23.657],[68.499,23.644],[68.489,23.635],[68.495,23.608],[68.487,23.596],[68.487,23.578],[68.492,23.574],[68.497,23.547],[68.484,23.548],[68.499,23.515],[68.492,23.501],[68.5,23.498],[68.504,23.506],[68.499,23.494],[68.519,23.49],[68.513,23.485],[68.502,23.492],[68.5,23.476],[68.505,23.472],[68.512,23.474],[68.512,23.466],[68.502,23.465],[68.523,23.447],[68.525,23.455],[68.521,23.459],[68.518,23.455],[68.517,23.468],[68.512,23.468],[68.516,23.475],[68.541,23.426],[68.533,23.433],[68.536,23.421],[68.55,23.423],[68.544,23.42],[68.552,23.415],[68.56,23.419],[68.565,23.4],[68.563,23.391],[68.558,23.395],[68.558,23.387],[68.571,23.375],[68.58,23.376],[68.568,23.388],[68.573,23.392],[68.578,23.386],[68.581,23.39],[68.602,23.359],[68.606,23.363],[68.596,23.382],[68.606,23.381],[68.603,23.377],[68.609,23.371],[68.62,23.365],[68.613,23.365],[68.615,23.359],[68.622,23.357],[68.623,23.35],[68.626,23.354],[68.633,23.352],[68.637,23.347],[68.635,23.339],[68.626,23.346],[68.625,23.339],[68.634,23.334],[68.633,23.329],[68.638,23.331],[68.633,23.324],[68.636,23.317],[68.645,23.323],[68.652,23.303],[68.659,23.309],[68.659,23.323],[68.669,23.325],[68.661,23.32],[68.659,23.303],[68.708,23.315],[68.718,23.305],[68.713,23.304],[68.714,23.3],[68.724,23.297],[68.734,23.309],[68.739,23.309],[68.747,23.306],[68.758,23.33],[68.748,23.304],[68.736,23.309],[68.732,23.306],[68.73,23.299],[68.725,23.296],[68.713,23.297],[68.696,23.307],[68.657,23.295],[68.63,23.296],[68.641,23.267],[68.656,23.272],[68.672,23.27],[68.648,23.258],[68.646,23.251],[68.639,23.25],[68.64,23.245],[68.604,23.243],[68.619,23.22],[68.624,23.226],[68.624,23.221],[68.629,23.225],[68.64,23.222],[68.629,23.218],[68.631,23.213],[68.609,23.221],[68.601,23.218],[68.599,23.24],[68.585,23.233],[68.591,23.214],[68.627,23.186],[68.639,23.182],[68.656,23.155],[68.682,23.142],[68.656,23.153],[68.631,23.177],[68.653,23.155],[68.713,23.118],[68.759,23.08],[68.808,23.061],[68.815,23.067],[68.814,23.059],[68.823,23.055],[68.817,23.057],[68.819,23.055],[68.904,23.005],[68.901,23.011],[68.941,22.981],[69.045,22.93],[69.129,22.874],[69.197,22.838],[69.223,22.836],[69.228,22.842],[69.231,22.835],[69.267,22.824],[69.314,22.833],[69.348,22.82],[69.356,22.829],[69.352,22.818],[69.361,22.823],[69.391,22.814],[69.447,22.78],[69.47,22.774],[69.494,22.782],[69.485,22.788],[69.516,22.791],[69.545,22.786],[69.555,22.792],[69.553,22.786],[69.563,22.774],[69.601,22.759],[69.608,22.762],[69.609,22.767],[69.641,22.767],[69.635,22.777],[69.634,22.795],[69.643,22.766],[69.659,22.757],[69.667,22.777],[69.662,22.757],[69.673,22.757],[69.693,22.743],[69.706,22.74],[69.705,22.728],[69.71,22.73],[69.708,22.739],[69.716,22.741],[69.714,22.752],[69.72,22.762],[69.747,22.794],[69.745,22.803],[69.752,22.82],[69.798,22.851],[69.817,22.852],[69.854,22.868],[69.862,22.858],[69.857,22.87],[69.867,22.873],[69.906,22.866],[69.934,22.885],[69.937,22.893],[69.996,22.903],[70.024,22.902],[70.033,22.895],[70.055,22.904],[70.106,22.909],[70.132,22.925],[70.139,22.941],[70.111,22.95],[70.1,22.938],[70.091,22.953],[70.101,22.942],[70.111,22.953],[70.127,22.947],[70.111,22.96],[70.112,22.973],[70.153,23.03],[70.129,22.992],[70.134,22.985],[70.12,22.968],[70.123,22.961],[70.132,22.961],[70.162,22.943],[70.173,22.951],[70.198,22.95],[70.219,22.956],[70.224,22.963],[70.201,22.982],[70.198,22.994],[70.187,22.991],[70.189,22.998],[70.198,22.998],[70.206,22.981],[70.227,22.966],[70.229,22.977],[70.238,22.98],[70.279,22.949],[70.291,22.945],[70.307,22.951],[70.31,22.942],[70.348,22.93],[70.387,22.948],[70.393,22.963],[70.395,22.995],[70.383,22.998],[70.394,23.002],[70.401,23.031],[70.438,23.063],[70.476,23.07],[70.485,23.077],[70.493,23.075],[70.472,23.012],[70.454,22.985],[70.438,22.975],[70.443,22.975],[70.43,22.958],[70.423,22.933],[70.413,22.918],[70.41,22.921],[70.385,22.91],[70.354,22.871],[70.339,22.843],[70.337,22.825],[70.324,22.81],[70.324,22.803],[70.322,22.808],[70.318,22.805],[70.32,22.797],[70.309,22.796],[70.313,22.786],[70.3,22.778],[70.307,22.78],[70.3,22.771],[70.305,22.767],[70.303,22.758],[70.293,22.749],[70.283,22.749],[70.289,22.746],[70.276,22.731],[70.265,22.738],[70.261,22.731],[70.253,22.733],[70.256,22.729],[70.251,22.725],[70.259,22.727],[70.253,22.72],[70.255,22.707],[70.249,22.705],[70.247,22.712],[70.238,22.702],[70.239,22.696],[70.253,22.693],[70.245,22.679],[70.239,22.678],[70.247,22.672],[70.241,22.668],[70.243,22.663],[70.234,22.655],[70.229,22.657],[70.235,22.65],[70.226,22.64],[70.219,22.637],[70.216,22.642],[70.214,22.634],[70.22,22.635],[70.22,22.63],[70.212,22.63],[70.212,22.623],[70.208,22.625],[70.197,22.617],[70.195,22.611],[70.203,22.605],[70.194,22.604],[70.194,22.583],[70.188,22.585],[70.163,22.552],[70.086,22.545],[70.073,22.55],[70.065,22.547],[70.039,22.563],[70.023,22.54],[70.027,22.551],[70.02,22.547],[70.01,22.549],[70.004,22.544],[69.999,22.547],[69.976,22.543],[69.986,22.542],[69.983,22.535],[69.984,22.542],[69.973,22.541],[69.946,22.528],[69.945,22.515],[69.959,22.509],[69.957,22.495],[69.955,22.504],[69.935,22.513],[69.913,22.489],[69.91,22.467],[69.914,22.456],[69.9,22.468],[69.87,22.447],[69.836,22.454],[69.843,22.495],[69.834,22.501],[69.842,22.493],[69.836,22.458],[69.834,22.475],[69.833,22.451],[69.828,22.458],[69.821,22.452],[69.805,22.459],[69.797,22.457],[69.806,22.457],[69.829,22.445],[69.811,22.408],[69.798,22.4],[69.779,22.413],[69.76,22.442],[69.756,22.426],[69.745,22.431],[69.743,22.439],[69.735,22.444],[69.74,22.459],[69.728,22.474],[69.722,22.469],[69.725,22.465],[69.71,22.457],[69.703,22.447],[69.701,22.457],[69.688,22.444],[69.675,22.442],[69.672,22.451],[69.672,22.439],[69.698,22.443],[69.702,22.434],[69.692,22.42],[69.699,22.396],[69.664,22.394],[69.655,22.359],[69.643,22.356],[69.618,22.368],[69.617,22.346],[69.607,22.326],[69.612,22.34],[69.609,22.349],[69.607,22.338],[69.605,22.351],[69.602,22.347],[69.594,22.352],[69.582,22.346],[69.58,22.338],[69.573,22.333],[69.576,22.319],[69.572,22.334],[69.579,22.338],[69.58,22.347],[69.591,22.354],[69.591,22.361],[69.576,22.368],[69.562,22.356],[69.56,22.367],[69.55,22.372],[69.557,22.375],[69.556,22.388],[69.549,22.394],[69.553,22.399],[69.551,22.405],[69.536,22.41],[69.523,22.427],[69.507,22.424],[69.498,22.436],[69.503,22.425],[69.515,22.417],[69.516,22.395],[69.524,22.386],[69.49,22.356],[69.488,22.338],[69.467,22.33],[69.454,22.336],[69.419,22.316],[69.383,22.322],[69.365,22.317],[69.367,22.322],[69.334,22.33],[69.331,22.324],[69.338,22.312],[69.333,22.304],[69.324,22.303],[69.32,22.291],[69.298,22.288],[69.296,22.283],[69.292,22.286],[69.295,22.28],[69.284,22.272],[69.249,22.267],[69.25,22.261],[69.242,22.265],[69.233,22.258],[69.203,22.267],[69.17,22.294],[69.158,22.313],[69.168,22.327],[69.168,22.345],[69.176,22.348],[69.173,22.363],[69.183,22.373],[69.179,22.378],[69.198,22.388],[69.198,22.398],[69.204,22.402],[69.193,22.409],[69.194,22.424],[69.176,22.424],[69.17,22.414],[69.156,22.412],[69.148,22.403],[69.131,22.403],[69.129,22.398],[69.103,22.41],[69.092,22.395],[69.069,22.396],[69.044,22.433],[69.073,22.452],[69.085,22.472],[69.079,22.479],[69.067,22.48],[69.06,22.467],[69.008,22.44],[68.985,22.414],[68.957,22.367],[68.955,22.335],[68.943,22.333],[68.936,22.31],[68.958,22.258],[68.953,22.251],[68.957,22.238],[68.969,22.232],[68.981,22.212],[69.055,22.128],[69.088,22.1],[69.177,22],[69.193,21.984],[69.202,21.985],[69.197,21.981],[69.232,21.943],[69.324,21.861],[69.374,21.828],[69.432,21.767],[69.471,21.741],[69.56,21.655],[69.591,21.635],[69.588,21.621],[69.593,21.629],[69.593,21.635],[69.59,21.637],[69.602,21.637],[69.688,21.55],[69.706,21.538],[69.72,21.543],[69.715,21.554],[69.724,21.571],[69.707,21.588],[69.686,21.596],[69.667,21.62],[69.65,21.627],[69.633,21.643],[69.661,21.625],[69.669,21.626],[69.692,21.614],[69.701,21.603],[69.693,21.602],[69.697,21.593],[69.702,21.602],[69.716,21.599],[69.717,21.603],[69.692,21.63],[69.676,21.639],[69.686,21.637],[69.705,21.647],[69.713,21.632],[69.717,21.633],[69.715,21.64],[69.725,21.632],[69.731,21.637],[69.727,21.642],[69.738,21.65],[69.737,21.64],[69.752,21.618],[69.756,21.594],[69.764,21.596],[69.764,21.579],[69.748,21.575],[69.749,21.561],[69.736,21.562],[69.727,21.557],[69.73,21.542],[69.711,21.532],[69.713,21.528],[69.775,21.46],[69.778,21.463],[69.785,21.454],[69.796,21.453],[69.805,21.464],[69.8,21.452],[69.788,21.452],[69.778,21.458],[69.998,21.207],[70.028,21.179],[70.038,21.183],[70.032,21.174],[70.1,21.105],[70.105,21.106],[70.132,21.08],[70.136,21.086],[70.146,21.081],[70.138,21.078],[70.143,21.068],[70.226,20.999],[70.24,21],[70.238,20.994],[70.248,21],[70.24,20.993],[70.252,20.979],[70.321,20.927],[70.345,20.916],[70.351,20.921],[70.347,20.916],[70.351,20.91],[70.374,20.895],[70.371,20.903],[70.394,20.894],[70.407,20.883],[70.417,20.883],[70.417,20.887],[70.42,20.882],[70.411,20.878],[70.439,20.853],[70.469,20.838],[70.477,20.84],[70.489,20.828],[70.509,20.822],[70.542,20.802],[70.553,20.803],[70.562,20.793],[70.607,20.777],[70.615,20.77],[70.657,20.765],[70.666,20.752],[70.663,20.762],[70.672,20.761],[70.677,20.769],[70.675,20.77],[70.683,20.784],[70.682,20.801],[70.676,20.819],[70.679,20.844],[70.694,20.883],[70.718,20.912],[70.719,20.937],[70.731,20.96],[70.741,20.974],[70.734,20.988],[70.742,20.99],[70.756,20.974],[70.768,20.962],[70.773,20.961],[70.779,20.967],[70.794,20.959],[70.808,20.964],[70.825,20.96],[70.833,20.969],[70.846,20.971],[70.851,20.963],[70.862,20.961],[70.88,20.955],[70.89,20.936],[70.902,20.903],[70.9,20.886],[70.875,20.869],[70.841,20.858],[70.82,20.858],[70.817,20.851],[70.836,20.848],[70.842,20.832],[70.883,20.835],[70.896,20.825],[70.894,20.795],[70.876,20.789],[70.867,20.795],[70.863,20.782],[70.867,20.765],[70.845,20.764],[70.844,20.76],[70.854,20.753],[70.863,20.755],[70.863,20.74],[70.875,20.727],[70.92,20.743],[70.914,20.738],[70.918,20.735],[70.882,20.729],[70.874,20.719],[70.874,20.71],[70.884,20.714],[70.889,20.709],[70.892,20.708],[70.905,20.727],[70.93,20.732],[70.939,20.736],[70.949,20.734],[70.963,20.729],[70.962,20.735],[70.955,20.735],[70.961,20.741],[70.972,20.738],[70.987,20.746],[70.999,20.742],[70.984,20.726],[70.987,20.722],[70.994,20.732],[71.011,20.74],[71.035,20.739],[71.046,20.731],[71.078,20.737],[71.082,20.738],[71.075,20.745],[71.078,20.75],[71.09,20.757],[71.115,20.761],[71.12,20.754],[71.149,20.757],[71.157,20.761],[71.148,20.765],[71.156,20.778],[71.202,20.788],[71.209,20.802],[71.233,20.804],[71.239,20.812],[71.292,20.829],[71.296,20.835],[71.323,20.846],[71.385,20.857],[71.388,20.86],[71.382,20.86],[71.378,20.874],[71.386,20.876],[71.389,20.866],[71.396,20.865],[71.44,20.869],[71.448,20.882],[71.463,20.881],[71.477,20.89],[71.482,20.906],[71.495,20.908],[71.485,20.911],[71.488,20.915],[71.508,20.916],[71.516,20.922],[71.507,20.932],[71.515,20.948],[71.534,20.943],[71.546,20.951],[71.58,20.954],[71.597,20.967],[71.612,20.967],[71.613,20.976],[71.621,20.968],[71.637,20.973],[71.638,20.99],[71.652,20.997],[71.68,20.997],[71.682,21.004],[71.719,21.022],[71.727,21.021],[71.729,21.013],[71.736,21.021],[71.739,21.017],[71.753,21.023],[71.764,21.021],[71.765,21.026],[71.786,21.032],[71.778,21.04],[71.807,21.038],[71.797,21.058],[71.82,21.072],[71.827,21.069],[71.87,21.09],[71.879,21.09],[71.899,21.109],[71.926,21.111],[71.96,21.125],[71.977,21.121],[71.974,21.129],[71.986,21.133],[71.978,21.135],[71.992,21.143],[71.986,21.157],[71.995,21.161],[71.993,21.17],[71.997,21.165],[72.004,21.169],[72.004,21.181],[72.011,21.186],[72.018,21.188],[72.024,21.18],[71.997,21.147],[72.008,21.133],[72.01,21.146],[72.018,21.154],[72.042,21.163],[72.047,21.159],[72.056,21.174],[72.063,21.173],[72.087,21.19],[72.114,21.197],[72.115,21.202],[72.11,21.205],[72.114,21.212],[72.105,21.215],[72.112,21.223],[72.091,21.227],[72.082,21.246],[72.082,21.252],[72.085,21.249],[72.098,21.264],[72.097,21.277],[72.088,21.278],[72.083,21.292],[72.075,21.289],[72.081,21.293],[72.076,21.302],[72.083,21.295],[72.086,21.304],[72.09,21.289],[72.102,21.278],[72.109,21.283],[72.109,21.302],[72.122,21.325],[72.167,21.377],[72.177,21.397],[72.201,21.413],[72.223,21.439],[72.254,21.502],[72.269,21.574],[72.306,21.628],[72.303,21.644],[72.285,21.665],[72.283,21.684],[72.247,21.751],[72.241,21.787],[72.215,21.802],[72.205,21.822],[72.195,21.827],[72.186,21.827],[72.183,21.824],[72.185,21.827],[72.189,21.828],[72.197,21.827],[72.203,21.825],[72.209,21.821],[72.219,21.802],[72.247,21.791],[72.253,21.761],[72.265,21.74],[72.271,21.752],[72.26,21.784],[72.255,21.857],[72.258,21.882],[72.253,21.897],[72.22,21.948],[72.19,21.937],[72.167,21.955],[72.147,21.955],[72.161,21.962],[72.147,21.983],[72.164,21.96],[72.174,21.959],[72.191,21.942],[72.209,21.954],[72.221,21.956],[72.231,22.008],[72.214,21.999],[72.2,22.004],[72.197,22.017],[72.18,22.019],[72.181,22.033],[72.172,22.042],[72.182,22.035],[72.186,22.02],[72.196,22.023],[72.21,22.01],[72.223,22.021],[72.233,22.018],[72.233,22.054],[72.278,22.08],[72.275,22.097],[72.265,22.105],[72.277,22.098],[72.277,22.091],[72.3,22.109],[72.303,22.089],[72.295,22.081],[72.304,22.072],[72.298,22.063],[72.287,22.074],[72.242,22.05],[72.245,22.033],[72.261,22.019],[72.252,21.987],[72.262,21.981],[72.263,21.947],[72.269,21.935],[72.278,21.932],[72.279,21.955],[72.271,21.968],[72.28,21.964],[72.315,22.1],[72.311,22.112],[72.323,22.123],[72.324,22.13],[72.31,22.145],[72.313,22.181],[72.3,22.186],[72.294,22.202],[72.318,22.181],[72.316,22.147],[72.34,22.139],[72.343,22.125],[72.35,22.127],[72.35,22.147],[72.357,22.15],[72.354,22.161],[72.344,22.168],[72.353,22.165],[72.352,22.182],[72.36,22.186],[72.358,22.193],[72.364,22.189],[72.359,22.173],[72.372,22.172],[72.376,22.15],[72.377,22.158],[72.384,22.156],[72.387,22.16],[72.387,22.172],[72.392,22.168],[72.387,22.189],[72.362,22.205],[72.36,22.225],[72.371,22.245],[72.357,22.263],[72.356,22.271],[72.38,22.257],[72.383,22.246],[72.376,22.236],[72.377,22.226],[72.393,22.213],[72.4,22.199],[72.405,22.214],[72.411,22.216],[72.412,22.227],[72.417,22.227],[72.414,22.298],[72.383,22.3],[72.373,22.314],[72.379,22.336],[72.404,22.352],[72.382,22.375],[72.361,22.372],[72.382,22.385],[72.394,22.383],[72.399,22.369],[72.413,22.356],[72.404,22.331],[72.389,22.31],[72.435,22.301],[72.471,22.239],[72.493,22.248],[72.492,22.239],[72.478,22.235],[72.493,22.237],[72.491,22.23],[72.479,22.228],[72.485,22.223],[72.474,22.201],[72.486,22.197],[72.506,22.229],[72.524,22.245],[72.526,22.269],[72.543,22.281],[72.554,22.278],[72.537,22.274],[72.535,22.26],[72.541,22.257],[72.533,22.253],[72.538,22.25],[72.533,22.246],[72.542,22.249],[72.541,22.243],[72.557,22.259],[72.562,22.258],[72.56,22.246],[72.596,22.273],[72.635,22.285],[72.656,22.279],[72.659,22.269],[72.688,22.238],[72.752,22.231],[72.763,22.233],[72.844,22.282],[72.853,22.282],[72.867,22.243],[72.896,22.247],[72.909,22.259],[72.915,22.278],[72.92,22.27],[72.918,22.256],[72.903,22.235],[72.878,22.224],[72.863,22.226],[72.817,22.248],[72.809,22.246],[72.793,22.229],[72.762,22.178],[72.754,22.173],[72.715,22.185],[72.7,22.184],[72.647,22.217],[72.615,22.218],[72.583,22.202],[72.569,22.188],[72.547,22.15],[72.526,22.077],[72.502,21.955],[72.505,21.91],[72.508,21.898],[72.517,21.889],[72.518,21.857],[72.525,21.858],[72.523,21.85],[72.535,21.847],[72.57,21.824],[72.552,21.792],[72.54,21.736],[72.522,21.716],[72.522,21.707],[72.518,21.715],[72.519,21.702],[72.507,21.701],[72.52,21.7],[72.522,21.692],[72.508,21.69],[72.522,21.69],[72.538,21.664],[72.547,21.658],[72.562,21.658],[72.565,21.665],[72.6,21.682],[72.656,21.677],[72.67,21.683],[72.711,21.678],[72.736,21.69],[72.745,21.687],[72.762,21.669],[72.78,21.663],[72.798,21.662],[72.832,21.673],[72.835,21.668],[72.787,21.645],[72.752,21.65],[72.747,21.642],[72.723,21.639],[72.701,21.652],[72.675,21.629],[72.658,21.628],[72.648,21.617],[72.635,21.62],[72.628,21.617],[72.621,21.596],[72.606,21.579],[72.609,21.552],[72.603,21.56],[72.597,21.552],[72.601,21.554],[72.598,21.544],[72.603,21.55],[72.605,21.537],[72.61,21.542],[72.608,21.529],[72.621,21.53],[72.612,21.524],[72.621,21.507],[72.627,21.505],[72.626,21.492],[72.637,21.496],[72.655,21.525],[72.683,21.543],[72.691,21.535],[72.706,21.532],[72.737,21.54],[72.74,21.55],[72.733,21.553],[72.736,21.557],[72.743,21.546],[72.741,21.542],[72.733,21.537],[72.706,21.528],[72.687,21.528],[72.674,21.52],[72.671,21.515],[72.682,21.516],[72.671,21.511],[72.665,21.479],[72.652,21.465],[72.656,21.465],[72.643,21.441],[72.645,21.434],[72.669,21.447],[72.682,21.449],[72.69,21.463],[72.697,21.465],[72.68,21.434],[72.665,21.427],[72.625,21.382],[72.623,21.365],[72.631,21.365],[72.64,21.376],[72.647,21.376],[72.649,21.367],[72.643,21.358],[72.648,21.372],[72.638,21.373],[72.635,21.362],[72.623,21.355],[72.609,21.326],[72.596,21.316],[72.588,21.291],[72.589,21.285],[72.598,21.28],[72.589,21.282],[72.587,21.276],[72.605,21.277],[72.597,21.272],[72.597,21.25],[72.61,21.23],[72.622,21.233],[72.647,21.22],[72.653,21.227],[72.647,21.217],[72.63,21.224],[72.618,21.223],[72.624,21.212],[72.618,21.206],[72.618,21.163],[72.625,21.14],[72.623,21.12],[72.627,21.12],[72.623,21.113],[72.625,21.092],[72.634,21.082],[72.627,21.076],[72.64,21.081],[72.652,21.077],[72.659,21.088],[72.66,21.139],[72.667,21.155],[72.683,21.158],[72.721,21.143],[72.708,21.13],[72.705,21.107],[72.7,21.101],[72.704,21.075],[72.751,21.062],[72.77,21.067],[72.761,21.052],[72.736,21.047],[72.727,21.053],[72.723,21.049],[72.752,20.947],[72.768,20.919],[72.777,20.915],[72.771,20.922],[72.772,20.936],[72.794,20.945],[72.788,20.939],[72.794,20.932],[72.788,20.932],[72.785,20.923],[72.792,20.897],[72.826,20.814],[72.835,20.805],[72.851,20.799],[72.839,20.799],[72.835,20.782],[72.847,20.769],[72.859,20.764],[72.867,20.748],[72.884,20.742],[72.89,20.748],[72.89,20.739],[72.87,20.733],[72.851,20.743],[72.875,20.653],[72.892,20.633],[72.886,20.631],[72.898,20.587],[72.896,20.568],[72.885,20.546],[72.892,20.531],[72.886,20.53],[72.885,20.5],[72.872,20.494],[72.863,20.481],[72.86,20.471],[72.866,20.468],[72.851,20.455],[72.839,20.438],[72.841,20.418],[72.844,20.416],[72.851,20.412],[72.869,20.406],[72.869,20.404],[72.874,20.393],[72.876,20.381],[72.87,20.391],[72.851,20.408],[72.845,20.407],[72.843,20.399],[72.831,20.369],[72.822,20.371],[72.808,20.353],[72.787,20.347],[72.776,20.333],[72.775,20.304],[72.762,20.3],[72.756,20.292],[72.753,20.265],[72.74,20.243],[72.748,20.202],[72.738,20.137],[72.802,20.125],[72.802,20.148],[72.816,20.153],[72.835,20.145],[72.829,20.157],[72.836,20.188],[72.85,20.189],[72.844,20.198],[72.85,20.208],[72.872,20.208],[72.875,20.226],[72.9,20.222],[72.911,20.226],[72.97,20.212],[72.974,20.215],[72.974,20.226],[72.965,20.237],[72.944,20.245],[72.922,20.274],[72.925,20.279],[72.938,20.288],[72.951,20.292],[72.97,20.275],[72.98,20.271],[72.988,20.275],[72.99,20.292],[73.02,20.291],[73.02,20.317],[73.027,20.294],[73.037,20.291],[73.044,20.291],[73.048,20.317],[73.055,20.325],[73.067,20.326],[73.075,20.33],[73.086,20.326],[73.097,20.335],[73.102,20.358],[73.105,20.361],[73.111,20.356],[73.114,20.353],[73.118,20.343],[73.122,20.333],[73.116,20.304],[73.139,20.31],[73.142,20.317],[73.147,20.317],[73.177,20.312],[73.178,20.311],[73.177,20.308],[73.18,20.29],[73.176,20.284],[73.167,20.283],[73.161,20.292],[73.158,20.29],[73.155,20.285],[73.154,20.277],[73.147,20.281],[73.146,20.281],[73.143,20.269],[73.137,20.26],[73.125,20.257],[73.113,20.244],[73.109,20.239],[73.11,20.232],[73.102,20.229],[73.088,20.234],[73.077,20.23],[73.064,20.203],[73.067,20.198],[73.07,20.197],[73.076,20.16],[73.086,20.157],[73.09,20.17],[73.098,20.173],[73.099,20.173],[73.103,20.161],[73.109,20.159],[73.117,20.159],[73.125,20.157],[73.136,20.172],[73.15,20.173],[73.148,20.185],[73.146,20.187],[73.142,20.204],[73.15,20.206],[73.153,20.203],[73.154,20.202],[73.169,20.2],[73.18,20.209],[73.181,20.202],[73.189,20.201],[73.204,20.198],[73.21,20.197],[73.229,20.184],[73.227,20.176],[73.199,20.162],[73.195,20.151],[73.196,20.14],[73.201,20.13],[73.211,20.124],[73.216,20.122],[73.227,20.123],[73.235,20.141],[73.238,20.128],[73.259,20.125],[73.268,20.139],[73.289,20.15],[73.294,20.154],[73.291,20.177],[73.295,20.196],[73.311,20.207],[73.353,20.198],[73.368,20.213],[73.365,20.201],[73.374,20.193],[73.376,20.205],[73.384,20.202],[73.395,20.209],[73.398,20.196],[73.403,20.195],[73.43,20.206],[73.42,20.257],[73.425,20.277],[73.437,20.282],[73.426,20.316],[73.423,20.352],[73.415,20.382],[73.408,20.384],[73.392,20.373],[73.391,20.39],[73.396,20.398],[73.408,20.396],[73.416,20.411],[73.43,20.414],[73.431,20.429],[73.449,20.467],[73.476,20.495],[73.472,20.514],[73.501,20.54],[73.482,20.543],[73.486,20.564],[73.481,20.584],[73.455,20.595],[73.44,20.595],[73.431,20.621],[73.416,20.626],[73.415,20.636],[73.403,20.643],[73.404,20.652],[73.44,20.665],[73.444,20.678],[73.455,20.686],[73.457,20.693],[73.447,20.701],[73.454,20.71],[73.475,20.722],[73.483,20.717],[73.497,20.686],[73.497,20.681],[73.487,20.676],[73.498,20.653],[73.518,20.67],[73.525,20.667],[73.538,20.674],[73.563,20.647],[73.574,20.651],[73.607,20.636],[73.626,20.621],[73.637,20.579],[73.651,20.576],[73.671,20.562],[73.701,20.578],[73.738,20.574],[73.748,20.567],[73.787,20.602],[73.802,20.606],[73.806,20.602],[73.825,20.614],[73.838,20.616],[73.846,20.624],[73.845,20.667],[73.842,20.675],[73.825,20.674],[73.823,20.694],[73.843,20.702],[73.864,20.694],[73.886,20.73],[73.904,20.731],[73.921,20.724],[73.95,20.742],[73.947,20.761],[73.938,20.761],[73.94,20.809],[73.948,20.825],[73.945,20.84],[73.931,20.848],[73.927,20.899],[73.895,20.94],[73.902,20.962],[73.915,20.965],[73.906,20.983],[73.879,20.986],[73.85,21.001],[73.847,20.994],[73.816,20.996],[73.808,21.023],[73.785,21.02],[73.775,21.01],[73.769,21.015],[73.776,21.028],[73.766,21.04],[73.748,21.04],[73.742,21.056],[73.744,21.082],[73.739,21.095],[73.753,21.114],[73.739,21.101],[73.715,21.107],[73.709,21.112],[73.711,21.119],[73.693,21.101],[73.679,21.109],[73.66,21.108],[73.658,21.121],[73.629,21.12],[73.624,21.138],[73.629,21.142],[73.614,21.147],[73.611,21.154],[73.589,21.154],[73.588,21.168],[73.607,21.178],[73.613,21.176],[73.62,21.158],[73.637,21.153],[73.636,21.133],[73.681,21.152],[73.713,21.15],[73.717,21.142],[73.737,21.138],[73.748,21.152],[73.742,21.167],[73.784,21.165],[73.796,21.182],[73.812,21.172],[73.823,21.172],[73.836,21.195],[73.821,21.195],[73.819,21.204],[73.82,21.222],[73.836,21.242],[73.832,21.267],[73.858,21.27],[73.892,21.262],[73.948,21.298],[73.957,21.344],[73.953,21.402],[73.969,21.392],[74.016,21.418],[74.049,21.419],[74.067,21.482],[74.076,21.472],[74.078,21.458],[74.104,21.454],[74.111,21.448],[74.122,21.451],[74.123,21.462],[74.129,21.464],[74.156,21.453],[74.169,21.463],[74.178,21.461],[74.186,21.467],[74.201,21.46],[74.223,21.459],[74.223,21.476],[74.231,21.48],[74.239,21.478],[74.246,21.464],[74.258,21.464],[74.268,21.475],[74.308,21.48],[74.313,21.49],[74.328,21.496],[74.336,21.54],[74.316,21.543],[74.31,21.567],[74.304,21.56],[74.285,21.555],[74.27,21.536],[74.255,21.536],[74.239,21.55],[74.228,21.538],[74.205,21.529],[74.2,21.531],[74.182,21.562],[74.163,21.56],[74.147,21.55],[74.135,21.557],[74.074,21.56],[74.047,21.55],[74.026,21.553],[74.005,21.541],[73.984,21.542],[73.986,21.521],[73.974,21.524],[73.966,21.539],[73.957,21.516],[73.939,21.51],[73.934,21.524],[73.91,21.52],[73.904,21.509],[73.887,21.505],[73.883,21.51],[73.877,21.501],[73.861,21.496],[73.845,21.522],[73.823,21.601],[73.807,21.602],[73.788,21.625],[73.8,21.635],[73.829,21.64],[73.845,21.633],[73.86,21.642],[73.87,21.639],[73.886,21.645],[73.898,21.667],[73.896,21.7],[73.89,21.711],[73.846,21.742],[73.831,21.763],[73.841,21.769],[73.838,21.784],[73.845,21.791],[73.836,21.793],[73.839,21.8],[73.832,21.811],[73.814,21.81],[73.811,21.823],[73.842,21.839],[73.88,21.839],[73.9,21.854],[73.936,21.863],[74.023,21.906],[74.047,21.923],[74.146,21.954],[74.149,21.961],[74.144,21.972],[74.153,21.976],[74.154,21.986],[74.105,21.999],[74.098,22.015],[74.117,22.025],[74.125,22.036],[74.145,22.044],[74.138,22.054],[74.163,22.061],[74.168,22.082],[74.181,22.087],[74.17,22.101],[74.155,22.106],[74.13,22.098],[74.131,22.124],[74.127,22.132],[74.135,22.162],[74.125,22.172],[74.123,22.213],[74.108,22.221],[74.076,22.222],[74.075,22.235],[74.092,22.244],[74.081,22.25],[74.078,22.268],[74.065,22.276],[74.059,22.286],[74.059,22.305],[74.066,22.305],[74.068,22.331],[74.076,22.341],[74.072,22.36],[74.095,22.362],[74.1,22.373],[74.112,22.372],[74.117,22.358],[74.124,22.358],[74.129,22.353],[74.134,22.332],[74.191,22.322],[74.196,22.325],[74.195,22.349],[74.202,22.343],[74.207,22.368],[74.217,22.358],[74.227,22.359],[74.225,22.378],[74.246,22.378],[74.246,22.383],[74.256,22.386],[74.258,22.4],[74.274,22.393],[74.294,22.394],[74.271,22.405],[74.264,22.425],[74.254,22.433],[74.219,22.443],[74.216,22.434],[74.205,22.437],[74.204,22.467],[74.191,22.478],[74.183,22.465],[74.187,22.444],[74.173,22.442],[74.171,22.434],[74.161,22.432],[74.156,22.457],[74.144,22.457],[74.131,22.436],[74.13,22.422],[74.123,22.421],[74.105,22.433],[74.101,22.445],[74.106,22.456],[74.103,22.468],[74.078,22.466],[74.08,22.486],[74.09,22.483],[74.085,22.509],[74.059,22.511],[74.043,22.491],[74.037,22.492],[74.035,22.508],[74.044,22.517],[74.045,22.542],[74.067,22.551],[74.084,22.55],[74.106,22.538],[74.119,22.54],[74.133,22.519],[74.153,22.517],[74.159,22.534],[74.195,22.557],[74.19,22.567],[74.214,22.567],[74.237,22.614],[74.258,22.624],[74.256,22.636],[74.265,22.645],[74.274,22.641],[74.278,22.648],[74.317,22.636],[74.328,22.644],[74.364,22.637],[74.381,22.639],[74.384,22.644],[74.385,22.67],[74.397,22.692],[74.403,22.731],[74.439,22.786],[74.439,22.809],[74.465,22.815],[74.479,22.859],[74.463,22.913],[74.451,22.924],[74.439,22.918],[74.432,22.923],[74.419,22.918],[74.4,22.899],[74.382,22.91],[74.362,22.933],[74.342,22.965],[74.357,22.977],[74.371,22.98],[74.355,23.003],[74.349,23.03],[74.328,23.043],[74.323,23.063]]]]},"properties":{"ID_0":105,"ISO":"IND","NAME_0":"India","ID_1":12,"NAME_1":"Gujarat"}},
{"type":"Feature","geometry":{"type":"Polygon","coordinates":[[[77.575,30.385],[77.543,30.397],[77.526,30.417],[77.51,30.449],[77.493,30.433],[77.487,30.413],[77.483,30.415],[77.461,30.405],[77.435,30.404],[77.416,30.408],[77.416,30.413],[77.44,30.424],[77.453,30.44],[77.456,30.458],[77.451,30.465],[77.446,30.466],[77.401,30.419],[77.395,30.421],[77.394,30.434],[77.382,30.439],[77.38,30.446],[77.357,30.442],[77.346,30.462],[77.326,30.463],[77.311,30.454],[77.264,30.467],[77.252,30.484],[77.227,30.489],[77.203,30.48],[77.2,30.507],[77.185,30.526],[77.131,30.542],[77.111,30.567],[77.157,30.6],[77.162,30.639],[77.153,30.654],[77.152,30.691],[77.125,30.707],[77.117,30.718],[77.1,30.722],[77.102,30.731],[77.077,30.745],[77.047,30.749],[77.034,30.755],[77.028,30.743],[77.013,30.742],[77.005,30.752],[77.004,30.766],[76.989,30.777],[77,30.789],[76.998,30.814],[76.993,30.818],[76.988,30.815],[76.979,30.799],[76.969,30.808],[76.954,30.811],[76.943,30.829],[76.928,30.837],[76.927,30.854],[76.902,30.897],[76.852,30.871],[76.816,30.896],[76.81,30.907],[76.814,30.921],[76.81,30.93],[76.77,30.906],[76.763,30.893],[76.769,30.877],[76.801,30.843],[76.828,30.833],[76.834,30.805],[76.847,30.793],[76.828,30.764],[76.825,30.731],[76.834,30.724],[76.836,30.714],[76.821,30.697],[76.82,30.686],[76.819,30.661],[76.835,30.664],[76.835,30.656],[76.862,30.679],[76.859,30.641],[76.877,30.637],[76.884,30.627],[76.9,30.62],[76.902,30.608],[76.913,30.6],[76.899,30.588],[76.905,30.581],[76.899,30.564],[76.906,30.558],[76.885,30.54],[76.92,30.525],[76.92,30.518],[76.912,30.494],[76.889,30.485],[76.898,30.468],[76.889,30.441],[76.904,30.425],[76.905,30.405],[76.929,30.4],[76.927,30.389],[76.898,30.363],[76.88,30.36],[76.876,30.37],[76.88,30.386],[76.866,30.395],[76.865,30.409],[76.84,30.421],[76.832,30.434],[76.808,30.412],[76.771,30.418],[76.764,30.425],[76.767,30.436],[76.758,30.439],[76.749,30.427],[76.725,30.42],[76.727,30.405],[76.7,30.394],[76.705,30.381],[76.718,30.377],[76.711,30.365],[76.73,30.367],[76.739,30.36],[76.715,30.34],[76.715,30.333],[76.679,30.321],[76.675,30.326],[76.673,30.313],[76.662,30.3],[76.651,30.299],[76.626,30.284],[76.623,30.291],[76.61,30.271],[76.548,30.265],[76.546,30.244],[76.533,30.227],[76.544,30.231],[76.576,30.256],[76.584,30.257],[76.612,30.231],[76.604,30.215],[76.639,30.206],[76.642,30.189],[76.623,30.17],[76.628,30.155],[76.623,30.145],[76.629,30.135],[76.627,30.106],[76.601,30.08],[76.577,30.075],[76.581,30.087],[76.555,30.099],[76.534,30.083],[76.501,30.077],[76.491,30.097],[76.452,30.101],[76.444,30.123],[76.446,30.137],[76.436,30.137],[76.426,30.148],[76.422,30.164],[76.429,30.18],[76.42,30.198],[76.41,30.202],[76.399,30.199],[76.381,30.183],[76.402,30.158],[76.385,30.146],[76.39,30.128],[76.375,30.124],[76.364,30.128],[76.343,30.153],[76.326,30.149],[76.349,30.128],[76.323,30.108],[76.293,30.119],[76.28,30.114],[76.251,30.119],[76.204,30.159],[76.212,30.135],[76.194,30.141],[76.191,30.135],[76.229,30.109],[76.255,30.105],[76.235,30.087],[76.198,30.038],[76.215,30.027],[76.191,30.016],[76.189,30.004],[76.199,29.973],[76.195,29.966],[76.204,29.944],[76.179,29.946],[76.166,29.929],[76.171,29.923],[76.182,29.923],[76.185,29.889],[76.197,29.884],[76.225,29.885],[76.242,29.869],[76.229,29.855],[76.212,29.853],[76.211,29.843],[76.194,29.845],[76.186,29.831],[76.167,29.818],[76.139,29.817],[76.116,29.796],[76.094,29.812],[76.078,29.806],[76.074,29.781],[76.07,29.776],[76.063,29.777],[76.036,29.747],[76.018,29.756],[75.965,29.731],[75.923,29.735],[75.903,29.746],[75.897,29.756],[75.879,29.747],[75.864,29.752],[75.855,29.77],[75.844,29.776],[75.829,29.801],[75.829,29.812],[75.82,29.815],[75.796,29.807],[75.772,29.825],[75.748,29.812],[75.71,29.812],[75.706,29.809],[75.697,29.755],[75.687,29.752],[75.656,29.776],[75.641,29.771],[75.625,29.773],[75.623,29.754],[75.613,29.746],[75.593,29.749],[75.569,29.743],[75.563,29.744],[75.556,29.766],[75.53,29.773],[75.512,29.76],[75.506,29.774],[75.444,29.808],[75.435,29.799],[75.443,29.794],[75.444,29.786],[75.42,29.774],[75.41,29.775],[75.397,29.761],[75.397,29.749],[75.384,29.734],[75.379,29.711],[75.362,29.713],[75.359,29.706],[75.335,29.694],[75.334,29.688],[75.35,29.659],[75.33,29.672],[75.318,29.671],[75.308,29.633],[75.281,29.61],[75.28,29.603],[75.305,29.588],[75.296,29.568],[75.291,29.562],[75.223,29.546],[75.228,29.559],[75.211,29.582],[75.223,29.599],[75.221,29.607],[75.199,29.623],[75.185,29.623],[75.173,29.63],[75.173,29.649],[75.158,29.663],[75.159,29.669],[75.195,29.688],[75.198,29.696],[75.187,29.712],[75.194,29.725],[75.206,29.735],[75.217,29.73],[75.221,29.733],[75.231,29.752],[75.212,29.787],[75.198,29.796],[75.201,29.83],[75.182,29.839],[75.155,29.82],[75.149,29.796],[75.159,29.784],[75.154,29.781],[75.142,29.777],[75.135,29.78],[75.125,29.806],[75.102,29.803],[75.09,29.807],[75.093,29.819],[75.107,29.827],[75.104,29.838],[75.081,29.849],[75.085,29.859],[75.104,29.873],[75.103,29.897],[75.085,29.915],[75.078,29.912],[75.065,29.879],[75.052,29.875],[75.037,29.882],[75.014,29.865],[75.006,29.868],[74.99,29.856],[74.969,29.881],[74.97,29.89],[74.943,29.903],[74.916,29.949],[74.885,29.939],[74.894,29.953],[74.881,29.968],[74.872,29.959],[74.85,29.959],[74.821,29.973],[74.817,29.985],[74.801,29.993],[74.776,29.974],[74.737,29.969],[74.724,29.962],[74.691,29.969],[74.681,29.949],[74.64,29.922],[74.639,29.914],[74.647,29.905],[74.586,29.915],[74.573,29.926],[74.552,29.929],[74.525,29.952],[74.519,29.943],[74.505,29.908],[74.534,29.903],[74.554,29.866],[74.533,29.839],[74.492,29.827],[74.471,29.802],[74.465,29.788],[74.472,29.744],[74.526,29.741],[74.538,29.754],[74.571,29.753],[74.578,29.767],[74.587,29.769],[74.605,29.753],[74.603,29.721],[74.579,29.655],[74.586,29.635],[74.575,29.627],[74.567,29.563],[74.614,29.527],[74.579,29.459],[74.543,29.467],[74.535,29.465],[74.529,29.45],[74.531,29.425],[74.558,29.419],[74.57,29.406],[74.573,29.386],[74.597,29.362],[74.596,29.328],[74.642,29.331],[74.65,29.372],[74.689,29.365],[74.711,29.369],[74.732,29.354],[74.757,29.356],[74.776,29.36],[74.81,29.398],[74.841,29.404],[74.864,29.396],[74.871,29.385],[74.888,29.387],[74.927,29.365],[74.936,29.338],[74.951,29.326],[74.94,29.305],[74.953,29.282],[74.977,29.281],[74.991,29.272],[75.024,29.292],[75.04,29.287],[75.065,29.247],[75.063,29.239],[75.078,29.232],[75.108,29.227],[75.114,29.243],[75.147,29.246],[75.161,29.254],[75.164,29.264],[75.18,29.269],[75.195,29.244],[75.212,29.235],[75.223,29.235],[75.235,29.252],[75.249,29.256],[75.272,29.254],[75.279,29.277],[75.319,29.293],[75.325,29.278],[75.323,29.252],[75.315,29.236],[75.345,29.226],[75.35,29.247],[75.358,29.255],[75.38,29.264],[75.396,29.262],[75.399,29.24],[75.386,29.221],[75.396,29.213],[75.401,29.189],[75.389,29.171],[75.369,29.17],[75.368,29.15],[75.361,29.143],[75.396,29.128],[75.381,29.111],[75.381,29.07],[75.43,29.065],[75.43,29.056],[75.441,29.042],[75.435,29.017],[75.473,29.02],[75.511,29.011],[75.517,28.975],[75.503,28.961],[75.498,28.941],[75.469,28.938],[75.467,28.926],[75.488,28.898],[75.488,28.86],[75.498,28.856],[75.513,28.837],[75.499,28.788],[75.516,28.772],[75.529,28.75],[75.54,28.649],[75.549,28.643],[75.556,28.615],[75.577,28.617],[75.585,28.606],[75.618,28.602],[75.629,28.546],[75.637,28.548],[75.663,28.536],[75.664,28.521],[75.69,28.499],[75.737,28.487],[75.735,28.473],[75.778,28.458],[75.785,28.451],[75.785,28.439],[75.765,28.421],[75.77,28.408],[75.788,28.404],[75.803,28.414],[75.817,28.412],[75.818,28.406],[75.828,28.409],[75.835,28.398],[75.883,28.387],[75.889,28.394],[75.897,28.39],[75.897,28.38],[75.922,28.369],[75.927,28.345],[75.956,28.338],[75.951,28.333],[75.955,28.319],[75.968,28.324],[75.987,28.296],[76.019,28.281],[76.007,28.253],[76.011,28.242],[76.036,28.227],[76.053,28.224],[76.045,28.203],[76.066,28.199],[76.075,28.172],[76.093,28.155],[76.088,28.144],[76.065,28.144],[76.066,28.168],[76.028,28.173],[75.995,28.151],[75.991,28.128],[75.977,28.127],[75.947,28.11],[75.936,28.094],[75.982,28.08],[75.988,28.071],[75.975,28.057],[75.985,28.051],[76.002,28.061],[76.016,28.089],[76.031,28.084],[76.036,28.074],[76.017,28.056],[76.005,28.055],[76.01,28.037],[75.981,28.039],[75.97,28.031],[75.973,28.018],[75.991,28.01],[75.989,28.004],[75.98,28.001],[75.956,28.001],[75.955,27.989],[75.987,27.985],[75.968,27.962],[75.973,27.958],[75.963,27.937],[75.945,27.94],[75.939,27.951],[75.924,27.933],[75.929,27.917],[75.956,27.92],[75.977,27.909],[75.967,27.899],[75.975,27.893],[75.973,27.877],[75.963,27.865],[76.005,27.857],[76.009,27.863],[76.05,27.848],[76.06,27.857],[76.08,27.851],[76.088,27.868],[76.122,27.854],[76.128,27.847],[76.128,27.833],[76.173,27.807],[76.194,27.831],[76.208,27.828],[76.223,27.841],[76.206,27.848],[76.205,27.856],[76.193,27.864],[76.189,27.876],[76.2,27.888],[76.199,27.899],[76.166,27.915],[76.179,27.973],[76.161,27.98],[76.162,27.988],[76.154,27.993],[76.174,28.022],[76.196,28.022],[76.203,28.03],[76.214,28.032],[76.214,28.04],[76.204,28.042],[76.193,28.035],[76.177,28.049],[76.177,28.059],[76.2,28.061],[76.208,28.056],[76.226,28.055],[76.251,28.071],[76.282,28.059],[76.29,28.049],[76.29,28.03],[76.297,28.026],[76.317,28.021],[76.33,28.025],[76.341,28.036],[76.355,28.074],[76.337,28.073],[76.325,28.092],[76.297,28.101],[76.308,28.111],[76.332,28.107],[76.34,28.11],[76.356,28.128],[76.331,28.139],[76.317,28.153],[76.296,28.155],[76.299,28.163],[76.278,28.169],[76.279,28.179],[76.305,28.184],[76.336,28.177],[76.353,28.166],[76.36,28.143],[76.377,28.138],[76.393,28.141],[76.397,28.148],[76.427,28.146],[76.437,28.152],[76.471,28.155],[76.47,28.139],[76.49,28.134],[76.487,28.123],[76.498,28.123],[76.498,28.107],[76.477,28.106],[76.473,28.113],[76.461,28.112],[76.449,28.093],[76.459,28.085],[76.47,28.086],[76.498,28.065],[76.484,28.058],[76.458,28.062],[76.454,28.05],[76.462,28.045],[76.492,28.047],[76.505,28.035],[76.526,28.045],[76.539,28.039],[76.538,28.005],[76.531,27.979],[76.538,27.971],[76.567,27.984],[76.599,28.01],[76.637,28.011],[76.66,28.019],[76.661,28.029],[76.651,28.044],[76.648,28.068],[76.651,28.097],[76.682,28.098],[76.69,28.115],[76.699,28.116],[76.71,28.132],[76.739,28.129],[76.755,28.147],[76.791,28.157],[76.796,28.17],[76.79,28.194],[76.794,28.2],[76.798,28.194],[76.806,28.2],[76.801,28.212],[76.806,28.216],[76.824,28.215],[76.833,28.225],[76.85,28.227],[76.864,28.225],[76.866,28.212],[76.897,28.208],[76.9,28.205],[76.884,28.192],[76.921,28.162],[76.942,28.155],[76.942,28.149],[76.962,28.144],[76.947,28.071],[76.934,28.048],[76.919,27.998],[76.925,27.978],[76.919,27.925],[76.939,27.919],[76.938,27.896],[76.926,27.894],[76.927,27.834],[76.904,27.833],[76.9,27.821],[76.907,27.808],[76.896,27.786],[76.891,27.742],[76.884,27.731],[76.883,27.724],[76.903,27.716],[76.915,27.701],[76.9,27.695],[76.883,27.703],[76.881,27.699],[76.897,27.686],[76.892,27.68],[76.903,27.659],[76.924,27.661],[76.934,27.675],[76.97,27.657],[76.979,27.706],[76.994,27.742],[77.003,27.739],[77.011,27.747],[77.029,27.749],[77.053,27.728],[77.079,27.738],[77.067,27.764],[77.05,27.761],[77.039,27.775],[77.028,27.78],[77.021,27.778],[77.024,27.798],[77.038,27.82],[77.072,27.81],[77.077,27.801],[77.101,27.785],[77.12,27.789],[77.127,27.776],[77.151,27.792],[77.151,27.816],[77.172,27.816],[77.181,27.809],[77.162,27.791],[77.169,27.785],[77.189,27.798],[77.187,27.815],[77.194,27.822],[77.207,27.801],[77.227,27.796],[77.232,27.786],[77.253,27.798],[77.262,27.816],[77.276,27.807],[77.29,27.818],[77.289,27.829],[77.313,27.83],[77.327,27.838],[77.329,27.852],[77.339,27.86],[77.353,27.856],[77.374,27.864],[77.412,27.859],[77.402,27.882],[77.412,27.896],[77.422,27.894],[77.442,27.878],[77.458,27.885],[77.472,27.901],[77.469,27.933],[77.485,27.944],[77.492,27.932],[77.511,27.937],[77.519,27.932],[77.531,27.942],[77.537,27.958],[77.536,27.966],[77.511,27.968],[77.513,27.977],[77.535,27.993],[77.512,28.01],[77.49,28.039],[77.479,28.044],[77.483,28.061],[77.469,28.086],[77.478,28.108],[77.483,28.108],[77.486,28.097],[77.492,28.098],[77.491,28.113],[77.5,28.127],[77.498,28.136],[77.487,28.141],[77.495,28.146],[77.496,28.16],[77.532,28.17],[77.542,28.182],[77.538,28.191],[77.506,28.195],[77.502,28.187],[77.492,28.185],[77.489,28.212],[77.498,28.213],[77.519,28.202],[77.523,28.207],[77.516,28.23],[77.541,28.248],[77.539,28.254],[77.512,28.254],[77.467,28.27],[77.465,28.277],[77.472,28.281],[77.493,28.281],[77.496,28.307],[77.464,28.338],[77.494,28.358],[77.486,28.38],[77.467,28.4],[77.474,28.404],[77.475,28.414],[77.436,28.432],[77.426,28.455],[77.398,28.459],[77.398,28.471],[77.376,28.476],[77.364,28.486],[77.36,28.498],[77.338,28.509],[77.329,28.508],[77.315,28.495],[77.301,28.49],[77.278,28.498],[77.254,28.486],[77.243,28.485],[77.232,28.476],[77.226,28.464],[77.243,28.447],[77.241,28.429],[77.215,28.416],[77.195,28.413],[77.166,28.408],[77.152,28.428],[77.131,28.439],[77.118,28.442],[77.113,28.45],[77.103,28.47],[77.103,28.483],[77.108,28.494],[77.09,28.505],[77.072,28.52],[77.049,28.515],[77.02,28.533],[77.016,28.533],[77.006,28.543],[77,28.542],[76.998,28.532],[77.011,28.524],[77.006,28.514],[76.977,28.524],[76.968,28.528],[76.945,28.514],[76.933,28.516],[76.923,28.519],[76.908,28.515],[76.894,28.516],[76.879,28.509],[76.874,28.514],[76.879,28.524],[76.859,28.542],[76.857,28.548],[76.838,28.557],[76.833,28.583],[76.835,28.591],[76.855,28.592],[76.878,28.638],[76.894,28.633],[76.91,28.638],[76.924,28.629],[76.926,28.629],[76.934,28.638],[76.918,28.653],[76.923,28.669],[76.943,28.675],[76.947,28.677],[76.95,28.694],[76.955,28.705],[76.941,28.717],[76.95,28.747],[76.938,28.76],[76.947,28.774],[76.937,28.809],[76.942,28.821],[76.948,28.818],[76.956,28.82],[76.958,28.83],[76.974,28.826],[76.98,28.837],[76.983,28.839],[77.032,28.837],[77.038,28.853],[77.05,28.873],[77.066,28.873],[77.07,28.88],[77.076,28.885],[77.083,28.875],[77.099,28.872],[77.11,28.866],[77.129,28.865],[77.136,28.853],[77.134,28.845],[77.139,28.842],[77.151,28.848],[77.165,28.861],[77.184,28.862],[77.187,28.867],[77.178,28.88],[77.182,28.89],[77.205,28.895],[77.221,28.904],[77.221,28.908],[77.197,28.921],[77.205,28.936],[77.191,28.947],[77.19,28.956],[77.214,29.006],[77.163,29.049],[77.157,29.078],[77.122,29.106],[77.139,29.135],[77.127,29.154],[77.14,29.182],[77.136,29.207],[77.125,29.225],[77.144,29.243],[77.129,29.273],[77.154,29.317],[77.15,29.332],[77.154,29.335],[77.146,29.345],[77.124,29.345],[77.12,29.35],[77.117,29.377],[77.147,29.39],[77.126,29.411],[77.125,29.422],[77.139,29.442],[77.114,29.462],[77.123,29.486],[77.12,29.497],[77.098,29.512],[77.085,29.534],[77.089,29.545],[77.11,29.553],[77.102,29.577],[77.086,29.601],[77.11,29.647],[77.131,29.663],[77.12,29.68],[77.121,29.692],[77.143,29.706],[77.123,29.743],[77.113,29.749],[77.117,29.771],[77.152,29.793],[77.154,29.814],[77.169,29.83],[77.168,29.846],[77.182,29.873],[77.185,29.895],[77.18,29.906],[77.189,29.922],[77.23,29.962],[77.235,29.981],[77.263,30.002],[77.273,30.034],[77.27,30.048],[77.286,30.057],[77.332,30.064],[77.368,30.092],[77.397,30.096],[77.414,30.107],[77.398,30.119],[77.413,30.128],[77.418,30.141],[77.411,30.15],[77.424,30.168],[77.447,30.169],[77.456,30.181],[77.473,30.189],[77.496,30.234],[77.52,30.26],[77.527,30.282],[77.57,30.311],[77.575,30.326],[77.57,30.337],[77.592,30.371],[77.59,30.377],[77.575,30.385]]]},"properties":{"ID_0":105,"ISO":"IND","NAME_0":"India","ID_1":13,"NAME_1":"Haryana"}},
{"type":"Feature","geometry":{"type":"Polygon","coordinates":[[[78.411,32.512],[78.399,32.526],[78.382,32.53],[78.31,32.476],[78.279,32.508],[78.299,32.529],[78.297,32.578],[78.332,32.585],[78.389,32.623],[78.371,32.638],[78.363,32.672],[78.368,32.7],[78.378,32.719],[78.371,32.734],[78.371,32.762],[78.345,32.763],[78.288,32.738],[78.298,32.725],[78.296,32.713],[78.237,32.695],[78.233,32.684],[78.213,32.669],[78.184,32.664],[78.17,32.677],[78.153,32.679],[78.136,32.67],[78.121,32.642],[78.093,32.662],[78.079,32.653],[78.065,32.624],[78.034,32.636],[78.034,32.616],[78.041,32.605],[78.036,32.592],[77.983,32.587],[77.954,32.626],[77.953,32.64],[77.939,32.648],[77.92,32.68],[77.903,32.693],[77.909,32.721],[77.918,32.731],[77.912,32.737],[77.915,32.766],[77.899,32.775],[77.881,32.775],[77.867,32.79],[77.869,32.8],[77.861,32.816],[77.848,32.828],[77.825,32.84],[77.808,32.836],[77.799,32.846],[77.761,32.865],[77.773,32.891],[77.787,32.892],[77.793,32.898],[77.79,32.905],[77.712,32.972],[77.704,32.966],[77.695,32.978],[77.679,32.978],[77.665,32.986],[77.653,32.959],[77.613,32.941],[77.586,32.94],[77.584,32.944],[77.57,32.922],[77.545,32.912],[77.52,32.887],[77.494,32.882],[77.485,32.887],[77.455,32.862],[77.436,32.866],[77.426,32.884],[77.41,32.878],[77.397,32.887],[77.387,32.886],[77.36,32.86],[77.363,32.847],[77.356,32.825],[77.328,32.82],[77.311,32.838],[77.313,32.846],[77.305,32.854],[77.281,32.856],[77.258,32.876],[77.248,32.865],[77.239,32.865],[77.225,32.88],[77.228,32.896],[77.189,32.91],[77.174,32.931],[77.157,32.913],[77.146,32.914],[77.151,32.92],[77.149,32.941],[77.146,32.956],[77.135,32.961],[77.136,32.98],[77.103,32.987],[77.097,32.978],[77.075,32.973],[77.066,32.986],[77.035,33],[77.02,32.992],[76.998,32.99],[76.962,33.014],[76.918,33.034],[76.891,33.081],[76.894,33.095],[76.885,33.097],[76.877,33.114],[76.869,33.12],[76.844,33.112],[76.834,33.121],[76.837,33.126],[76.828,33.132],[76.829,33.138],[76.803,33.156],[76.798,33.173],[76.807,33.185],[76.803,33.194],[76.819,33.206],[76.811,33.215],[76.828,33.246],[76.814,33.247],[76.803,33.237],[76.778,33.256],[76.755,33.249],[76.762,33.24],[76.76,33.225],[76.734,33.193],[76.73,33.179],[76.697,33.181],[76.685,33.174],[76.651,33.172],[76.627,33.162],[76.6,33.174],[76.597,33.188],[76.584,33.193],[76.582,33.207],[76.547,33.21],[76.534,33.199],[76.496,33.196],[76.469,33.18],[76.392,33.187],[76.356,33.155],[76.292,33.12],[76.275,33.104],[76.255,33.052],[76.237,33.033],[76.152,33.023],[76.128,33.01],[76.094,33.005],[76.082,32.969],[76.05,32.944],[76.028,32.937],[76.017,32.918],[75.946,32.885],[75.934,32.884],[75.9,32.916],[75.867,32.93],[75.834,32.935],[75.808,32.93],[75.798,32.919],[75.8,32.904],[75.787,32.893],[75.795,32.87],[75.821,32.843],[75.874,32.814],[75.912,32.757],[75.91,32.721],[75.897,32.691],[75.905,32.672],[75.924,32.658],[75.924,32.644],[75.873,32.576],[75.875,32.571],[75.856,32.538],[75.851,32.508],[75.924,32.439],[75.935,32.425],[75.932,32.417],[75.872,32.398],[75.844,32.379],[75.763,32.302],[75.755,32.286],[75.736,32.274],[75.676,32.264],[75.652,32.255],[75.623,32.235],[75.62,32.185],[75.656,32.177],[75.662,32.165],[75.655,32.146],[75.631,32.119],[75.611,32.1],[75.579,32.082],[75.599,32.066],[75.649,32.077],[75.69,32.062],[75.71,32.036],[75.738,32.036],[75.784,31.994],[75.806,31.985],[75.836,31.982],[75.842,31.974],[75.866,31.969],[75.895,31.95],[75.956,31.832],[75.971,31.815],[75.953,31.824],[75.933,31.815],[75.922,31.817],[75.96,31.75],[75.958,31.74],[75.966,31.733],[75.977,31.705],[75.976,31.695],[75.992,31.685],[76.005,31.663],[76.003,31.647],[76.023,31.615],[76.044,31.603],[76.043,31.592],[76.108,31.495],[76.116,31.465],[76.153,31.414],[76.153,31.397],[76.134,31.383],[76.135,31.362],[76.14,31.353],[76.166,31.341],[76.173,31.307],[76.206,31.305],[76.223,31.313],[76.256,31.315],[76.261,31.306],[76.296,31.319],[76.302,31.326],[76.296,31.342],[76.316,31.347],[76.318,31.352],[76.33,31.345],[76.337,31.353],[76.33,31.38],[76.318,31.381],[76.316,31.402],[76.347,31.406],[76.359,31.416],[76.357,31.43],[76.363,31.441],[76.375,31.422],[76.373,31.414],[76.382,31.411],[76.39,31.397],[76.379,31.391],[76.418,31.337],[76.448,31.306],[76.428,31.289],[76.431,31.283],[76.467,31.31],[76.489,31.273],[76.498,31.273],[76.514,31.283],[76.518,31.262],[76.528,31.27],[76.531,31.284],[76.537,31.284],[76.535,31.255],[76.546,31.256],[76.571,31.28],[76.602,31.251],[76.585,31.24],[76.576,31.226],[76.581,31.216],[76.616,31.229],[76.626,31.227],[76.625,31.221],[76.635,31.213],[76.612,31.203],[76.59,31.183],[76.59,31.157],[76.599,31.151],[76.589,31.128],[76.624,31.118],[76.626,31.11],[76.612,31.096],[76.605,31.078],[76.61,31.061],[76.599,31.054],[76.614,31.022],[76.61,31.004],[76.653,30.982],[76.663,30.971],[76.694,30.972],[76.705,30.963],[76.713,30.963],[76.724,30.951],[76.726,30.939],[76.738,30.93],[76.749,30.929],[76.754,30.918],[76.77,30.906],[76.81,30.93],[76.814,30.921],[76.81,30.907],[76.816,30.896],[76.852,30.871],[76.902,30.897],[76.927,30.854],[76.928,30.837],[76.943,30.829],[76.954,30.811],[76.969,30.808],[76.979,30.799],[76.988,30.815],[76.993,30.818],[76.998,30.814],[77,30.789],[76.989,30.777],[77.004,30.766],[77.005,30.752],[77.013,30.742],[77.028,30.743],[77.034,30.755],[77.047,30.749],[77.077,30.745],[77.102,30.731],[77.1,30.722],[77.117,30.718],[77.125,30.707],[77.152,30.691],[77.153,30.654],[77.162,30.639],[77.157,30.6],[77.111,30.567],[77.131,30.542],[77.185,30.526],[77.2,30.507],[77.203,30.48],[77.227,30.489],[77.252,30.484],[77.264,30.467],[77.311,30.454],[77.326,30.463],[77.346,30.462],[77.357,30.442],[77.38,30.446],[77.382,30.439],[77.394,30.434],[77.395,30.421],[77.401,30.419],[77.446,30.466],[77.451,30.465],[77.456,30.458],[77.453,30.44],[77.44,30.424],[77.416,30.413],[77.416,30.408],[77.435,30.404],[77.461,30.405],[77.483,30.415],[77.487,30.413],[77.493,30.433],[77.51,30.449],[77.526,30.417],[77.543,30.397],[77.575,30.385],[77.576,30.39],[77.563,30.404],[77.563,30.417],[77.581,30.43],[77.604,30.437],[77.631,30.436],[77.64,30.452],[77.679,30.452],[77.711,30.477],[77.721,30.478],[77.768,30.504],[77.799,30.511],[77.811,30.533],[77.803,30.564],[77.778,30.557],[77.762,30.563],[77.744,30.59],[77.73,30.598],[77.735,30.608],[77.754,30.601],[77.757,30.62],[77.782,30.619],[77.771,30.628],[77.775,30.637],[77.768,30.651],[77.779,30.664],[77.766,30.665],[77.733,30.686],[77.741,30.711],[77.72,30.738],[77.692,30.748],[77.688,30.769],[77.705,30.779],[77.719,30.808],[77.744,30.83],[77.731,30.851],[77.742,30.864],[77.745,30.881],[77.755,30.882],[77.765,30.865],[77.789,30.859],[77.784,30.888],[77.801,30.913],[77.796,30.924],[77.746,30.922],[77.746,30.934],[77.737,30.94],[77.735,30.96],[77.754,30.977],[77.764,30.977],[77.802,30.955],[77.817,30.954],[77.819,30.96],[77.805,30.961],[77.796,30.97],[77.814,30.999],[77.81,31.005],[77.825,31.008],[77.819,31.016],[77.822,31.03],[77.801,31.062],[77.815,31.061],[77.825,31.074],[77.843,31.081],[77.852,31.111],[77.879,31.125],[77.887,31.155],[77.915,31.157],[77.955,31.179],[77.969,31.165],[77.993,31.167],[78.014,31.155],[78.016,31.172],[78.03,31.185],[78.054,31.193],[78.088,31.191],[78.119,31.214],[78.135,31.216],[78.148,31.232],[78.171,31.232],[78.188,31.222],[78.2,31.226],[78.207,31.237],[78.233,31.235],[78.269,31.271],[78.293,31.266],[78.298,31.288],[78.317,31.285],[78.356,31.291],[78.369,31.288],[78.373,31.279],[78.381,31.281],[78.398,31.248],[78.414,31.251],[78.419,31.26],[78.444,31.244],[78.467,31.221],[78.47,31.204],[78.537,31.207],[78.567,31.234],[78.595,31.236],[78.634,31.222],[78.648,31.195],[78.66,31.203],[78.707,31.195],[78.758,31.195],[78.795,31.205],[78.803,31.199],[78.798,31.183],[78.812,31.169],[78.819,31.147],[78.871,31.107],[78.897,31.106],[78.904,31.115],[78.913,31.116],[78.92,31.108],[78.942,31.105],[78.966,31.115],[78.997,31.115],[78.989,31.137],[78.976,31.151],[78.975,31.178],[78.946,31.194],[78.936,31.206],[78.935,31.222],[78.916,31.225],[78.907,31.259],[78.88,31.271],[78.858,31.313],[78.84,31.328],[78.829,31.33],[78.84,31.354],[78.827,31.381],[78.776,31.401],[78.776,31.407],[78.792,31.418],[78.795,31.453],[78.761,31.475],[78.749,31.491],[78.717,31.485],[78.715,31.508],[78.707,31.518],[78.721,31.541],[78.75,31.549],[78.768,31.566],[78.797,31.576],[78.831,31.615],[78.827,31.628],[78.787,31.658],[78.78,31.69],[78.75,31.685],[78.734,31.692],[78.721,31.73],[78.711,31.741],[78.725,31.764],[78.703,31.77],[78.691,31.793],[78.695,31.817],[78.722,31.837],[78.729,31.907],[78.753,31.94],[78.771,32],[78.731,32.008],[78.69,32.046],[78.681,32.063],[78.657,32.081],[78.648,32.107],[78.597,32.122],[78.59,32.146],[78.574,32.159],[78.594,32.182],[78.593,32.219],[78.539,32.25],[78.483,32.243],[78.439,32.246],[78.466,32.284],[78.464,32.352],[78.492,32.373],[78.498,32.395],[78.519,32.418],[78.503,32.426],[78.478,32.426],[78.466,32.445],[78.438,32.456],[78.437,32.471],[78.448,32.487],[78.445,32.498],[78.432,32.51],[78.411,32.512]]]},"properties":{"ID_0":105,"ISO":"IND","NAME_0":"India","ID_1":14,"NAME_1":"Himachal Pradesh"}},
{"type":"Feature","geometry":{"type":"Polygon","coordinates":[[[78.411,32.512],[78.417,32.515],[78.405,32.525],[78.404,32.539],[78.412,32.556],[78.453,32.58],[78.486,32.573],[78.526,32.606],[78.545,32.612],[78.603,32.604],[78.626,32.607],[78.654,32.649],[78.717,32.681],[78.736,32.696],[78.746,32.696],[78.764,32.678],[78.78,32.598],[78.764,32.568],[78.773,32.544],[78.781,32.475],[78.836,32.425],[78.875,32.415],[78.888,32.392],[78.915,32.367],[78.977,32.343],[78.994,32.364],[79.025,32.367],[79.049,32.383],[79.068,32.385],[79.096,32.368],[79.104,32.372],[79.121,32.416],[79.118,32.45],[79.127,32.464],[79.149,32.484],[79.203,32.511],[79.258,32.523],[79.27,32.518],[79.297,32.489],[79.312,32.487],[79.347,32.527],[79.448,32.586],[79.464,32.593],[79.509,32.591],[79.545,32.607],[79.558,32.631],[79.564,32.671],[79.555,32.71],[79.533,32.76],[79.471,32.803],[79.449,32.889],[79.387,32.933],[79.352,32.979],[79.355,33.031],[79.415,33.148],[79.417,33.167],[79.41,33.179],[79.399,33.187],[79.377,33.19],[79.212,33.195],[79.185,33.191],[79.128,33.205],[79.075,33.229],[79.067,33.25],[79.073,33.284],[79.067,33.296],[79.034,33.314],[79.02,33.331],[78.989,33.347],[78.973,33.367],[78.955,33.374],[78.941,33.39],[78.921,33.399],[78.823,33.483],[78.763,33.563],[78.711,33.655],[78.709,33.68],[78.775,33.746],[78.784,33.77],[78.775,33.801],[78.742,33.84],[78.726,33.871],[78.712,33.923],[78.716,33.965],[78.764,34.002],[78.77,34.02],[78.761,34.036],[78.712,34.05],[78.706,34.072],[78.729,34.096],[78.889,34.166],[78.956,34.218],[78.975,34.243],[78.993,34.289],[78.994,34.303],[78.981,34.333],[78.923,34.375],[78.825,34.414],[78.763,34.46],[78.73,34.497],[78.696,34.508],[78.66,34.53],[78.621,34.574],[78.569,34.612],[78.537,34.614],[78.482,34.603],[78.425,34.603],[78.409,34.613],[78.407,34.637],[78.398,34.649],[78.3,34.662],[78.284,34.667],[78.248,34.695],[78.221,34.734],[78.207,34.766],[78.185,34.882],[78.133,34.971],[78.083,35.082],[78.088,35.096],[78.117,35.112],[78.124,35.122],[78.124,35.135],[78.058,35.185],[78.043,35.202],[78.002,35.295],[77.992,35.349],[77.99,35.379],[77.997,35.394],[78.021,35.417],[78.072,35.447],[78.097,35.456],[78.108,35.465],[78.11,35.477],[78.104,35.484],[78.079,35.492],[77.991,35.487],[77.951,35.474],[77.928,35.441],[77.903,35.428],[77.889,35.429],[77.879,35.436],[77.863,35.459],[77.847,35.501],[77.824,35.501],[77.815,35.485],[77.736,35.434],[77.651,35.367],[77.485,35.267],[77.443,35.234],[77.281,35.138],[77.157,35.055],[77.068,35.024],[77.037,35.032],[77.027,35.041],[77.018,35.038],[77.011,35.028],[77.01,34.956],[76.997,34.939],[76.97,34.936],[76.87,34.972],[76.811,34.935],[76.762,34.933],[76.749,34.927],[76.739,34.902],[76.743,34.84],[76.706,34.801],[76.682,34.76],[76.562,34.758],[76.514,34.784],[76.474,34.794],[76.437,34.764],[76.386,34.736],[76.316,34.732],[76.302,34.724],[76.283,34.702],[76.26,34.684],[76.158,34.643],[76.122,34.647],[76.074,34.676],[76.036,34.67],[75.992,34.63],[75.946,34.631],[75.932,34.624],[75.919,34.605],[75.843,34.575],[75.793,34.534],[75.749,34.516],[75.692,34.522],[75.616,34.539],[75.506,34.537],[75.378,34.552],[75.351,34.562],[75.262,34.611],[75.258,34.618],[75.266,34.64],[75.25,34.647],[75.207,34.646],[75.178,34.657],[75.142,34.662],[75.085,34.655],[75.042,34.641],[75.019,34.641],[74.911,34.683],[74.836,34.678],[74.703,34.693],[74.671,34.701],[74.639,34.734],[74.618,34.742],[74.58,34.77],[74.544,34.777],[74.507,34.776],[74.474,34.791],[74.376,34.803],[74.341,34.79],[74.307,34.8],[74.28,34.768],[74.203,34.737],[74.142,34.691],[74.093,34.695],[74.049,34.685],[74.013,34.71],[73.96,34.697],[73.942,34.677],[73.927,34.646],[73.948,34.573],[73.895,34.547],[73.887,34.515],[73.899,34.496],[73.855,34.473],[73.777,34.416],[73.763,34.36],[73.773,34.35],[73.807,34.357],[73.842,34.338],[73.899,34.36],[73.92,34.342],[73.941,34.302],[73.976,34.265],[73.982,34.239],[73.977,34.212],[73.904,34.122],[73.904,34.097],[73.886,34.075],[73.883,34.05],[73.898,34.033],[74,34.03],[74.006,34.022],[74.087,34.038],[74.124,34.055],[74.161,34.039],[74.215,34.039],[74.249,34.014],[74.263,33.974],[74.261,33.925],[74.246,33.895],[74.22,33.867],[74.143,33.83],[74.066,33.82],[74.049,33.809],[74.028,33.776],[74,33.753],[73.966,33.74],[73.956,33.72],[73.976,33.694],[74,33.624],[74.028,33.575],[74.054,33.565],[74.088,33.573],[74.096,33.57],[74.178,33.482],[74.187,33.456],[74.179,33.426],[74.185,33.384],[74.171,33.347],[74.103,33.271],[74.079,33.26],[74.036,33.265],[74.02,33.259],[74.011,33.238],[74.014,33.198],[74.026,33.189],[74.083,33.181],[74.112,33.164],[74.176,33.107],[74.199,33.047],[74.205,33.043],[74.255,33.049],[74.283,33.043],[74.308,33.031],[74.338,33.026],[74.35,33.016],[74.353,32.983],[74.346,32.966],[74.321,32.941],[74.318,32.92],[74.348,32.908],[74.414,32.904],[74.428,32.884],[74.43,32.845],[74.451,32.817],[74.466,32.781],[74.532,32.741],[74.567,32.755],[74.614,32.758],[74.642,32.792],[74.637,32.811],[74.642,32.823],[74.697,32.84],[74.7,32.827],[74.695,32.81],[74.668,32.767],[74.65,32.718],[74.654,32.692],[74.676,32.658],[74.642,32.611],[74.652,32.56],[74.681,32.538],[74.681,32.504],[74.698,32.485],[74.758,32.48],[74.799,32.484],[74.819,32.496],[74.835,32.496],[74.877,32.486],[74.9,32.466],[74.934,32.468],[74.949,32.454],[74.979,32.448],[75,32.459],[75.021,32.485],[75.037,32.492],[75.061,32.482],[75.083,32.48],[75.121,32.441],[75.128,32.421],[75.139,32.415],[75.189,32.424],[75.195,32.405],[75.232,32.399],[75.253,32.38],[75.322,32.337],[75.332,32.345],[75.379,32.329],[75.415,32.324],[75.472,32.34],[75.468,32.318],[75.49,32.31],[75.49,32.288],[75.495,32.277],[75.501,32.276],[75.516,32.298],[75.529,32.349],[75.593,32.382],[75.648,32.389],[75.685,32.401],[75.712,32.418],[75.746,32.476],[75.779,32.475],[75.804,32.487],[75.825,32.509],[75.838,32.538],[75.873,32.576],[75.924,32.644],[75.924,32.658],[75.905,32.672],[75.897,32.691],[75.91,32.721],[75.912,32.757],[75.874,32.814],[75.821,32.843],[75.795,32.87],[75.787,32.893],[75.8,32.904],[75.798,32.919],[75.808,32.93],[75.834,32.935],[75.867,32.93],[75.9,32.916],[75.934,32.884],[75.946,32.885],[76.017,32.918],[76.028,32.937],[76.05,32.944],[76.082,32.969],[76.094,33.005],[76.128,33.01],[76.152,33.023],[76.237,33.033],[76.255,33.052],[76.275,33.104],[76.292,33.12],[76.356,33.155],[76.392,33.187],[76.469,33.18],[76.496,33.196],[76.534,33.199],[76.547,33.21],[76.582,33.207],[76.584,33.193],[76.597,33.188],[76.6,33.174],[76.627,33.162],[76.651,33.172],[76.685,33.174],[76.697,33.181],[76.73,33.179],[76.734,33.193],[76.76,33.225],[76.762,33.24],[76.755,33.249],[76.778,33.256],[76.803,33.237],[76.814,33.247],[76.828,33.246],[76.811,33.215],[76.819,33.206],[76.803,33.194],[76.807,33.185],[76.798,33.173],[76.803,33.156],[76.829,33.138],[76.828,33.132],[76.837,33.126],[76.834,33.121],[76.844,33.112],[76.869,33.12],[76.877,33.114],[76.885,33.097],[76.894,33.095],[76.891,33.081],[76.918,33.034],[76.962,33.014],[76.998,32.99],[77.02,32.992],[77.035,33],[77.066,32.986],[77.075,32.973],[77.097,32.978],[77.103,32.987],[77.136,32.98],[77.135,32.961],[77.146,32.956],[77.149,32.941],[77.151,32.92],[77.146,32.914],[77.157,32.913],[77.174,32.931],[77.189,32.91],[77.228,32.896],[77.225,32.88],[77.239,32.865],[77.248,32.865],[77.258,32.876],[77.281,32.856],[77.305,32.854],[77.313,32.846],[77.311,32.838],[77.328,32.82],[77.356,32.825],[77.363,32.847],[77.36,32.86],[77.387,32.886],[77.397,32.887],[77.41,32.878],[77.426,32.884],[77.436,32.866],[77.455,32.862],[77.485,32.887],[77.494,32.882],[77.52,32.887],[77.545,32.912],[77.57,32.922],[77.584,32.944],[77.586,32.94],[77.613,32.941],[77.653,32.959],[77.665,32.986],[77.679,32.978],[77.695,32.978],[77.704,32.966],[77.712,32.972],[77.79,32.905],[77.793,32.898],[77.787,32.892],[77.773,32.891],[77.761,32.865],[77.799,32.846],[77.808,32.836],[77.825,32.84],[77.848,32.828],[77.861,32.816],[77.869,32.8],[77.867,32.79],[77.881,32.775],[77.899,32.775],[77.915,32.766],[77.912,32.737],[77.918,32.731],[77.909,32.721],[77.903,32.693],[77.92,32.68],[77.939,32.648],[77.953,32.64],[77.954,32.626],[77.983,32.587],[78.036,32.592],[78.041,32.605],[78.034,32.616],[78.034,32.636],[78.065,32.624],[78.079,32.653],[78.093,32.662],[78.121,32.642],[78.136,32.67],[78.153,32.679],[78.17,32.677],[78.184,32.664],[78.213,32.669],[78.233,32.684],[78.237,32.695],[78.296,32.713],[78.298,32.725],[78.288,32.738],[78.345,32.763],[78.371,32.762],[78.371,32.734],[78.378,32.719],[78.368,32.7],[78.363,32.672],[78.371,32.638],[78.389,32.623],[78.332,32.585],[78.297,32.578],[78.299,32.529],[78.279,32.508],[78.31,32.476],[78.382,32.53],[78.399,32.526],[78.411,32.512]]]},"properties":{"ID_0":105,"ISO":"IND","NAME_0":"India","ID_1":15,"NAME_1":"Jammu and Kashmir"}},
{"type":"Feature","geometry":{"type":"Polygon","coordinates":[[[87.788,25.22],[87.783,25.246],[87.708,25.256],[87.708,25.271],[87.689,25.285],[87.693,25.303],[87.681,25.304],[87.684,25.31],[87.652,25.307],[87.632,25.312],[87.626,25.319],[87.623,25.311],[87.614,25.316],[87.607,25.311],[87.581,25.328],[87.588,25.341],[87.58,25.348],[87.567,25.334],[87.547,25.331],[87.54,25.282],[87.529,25.28],[87.513,25.292],[87.499,25.292],[87.49,25.305],[87.482,25.295],[87.488,25.278],[87.494,25.275],[87.496,25.262],[87.488,25.262],[87.473,25.241],[87.472,25.195],[87.409,25.215],[87.392,25.228],[87.377,25.223],[87.37,25.205],[87.323,25.223],[87.311,25.17],[87.315,25.165],[87.298,25.135],[87.291,25.089],[87.27,25.094],[87.251,25.106],[87.24,25.099],[87.234,25.086],[87.211,25.09],[87.197,25.074],[87.177,25.064],[87.158,25.031],[87.147,25.024],[87.144,25.006],[87.154,24.991],[87.149,24.942],[87.155,24.932],[87.147,24.913],[87.158,24.886],[87.148,24.868],[87.151,24.858],[87.114,24.856],[87.095,24.826],[87.079,24.822],[87.077,24.808],[87.097,24.801],[87.083,24.779],[87.086,24.758],[87.074,24.743],[87.076,24.736],[87.081,24.736],[87.082,24.725],[87.071,24.707],[87.069,24.691],[87.055,24.671],[87.044,24.624],[87.05,24.607],[87.045,24.605],[87.037,24.613],[87.028,24.609],[87.024,24.621],[87.01,24.606],[86.971,24.63],[86.946,24.627],[86.949,24.643],[86.93,24.643],[86.934,24.627],[86.919,24.619],[86.918,24.611],[86.898,24.587],[86.911,24.539],[86.893,24.555],[86.884,24.554],[86.876,24.567],[86.862,24.56],[86.855,24.55],[86.839,24.554],[86.837,24.568],[86.8,24.565],[86.808,24.577],[86.806,24.595],[86.786,24.617],[86.794,24.597],[86.787,24.599],[86.777,24.62],[86.776,24.616],[86.751,24.618],[86.746,24.59],[86.732,24.576],[86.719,24.578],[86.668,24.561],[86.646,24.567],[86.641,24.576],[86.618,24.584],[86.619,24.595],[86.607,24.594],[86.609,24.607],[86.603,24.605],[86.584,24.585],[86.578,24.568],[86.555,24.559],[86.558,24.548],[86.547,24.535],[86.524,24.536],[86.506,24.518],[86.484,24.459],[86.491,24.454],[86.489,24.425],[86.466,24.422],[86.466,24.385],[86.452,24.369],[86.416,24.379],[86.399,24.4],[86.373,24.416],[86.351,24.444],[86.319,24.44],[86.304,24.445],[86.301,24.457],[86.279,24.462],[86.286,24.477],[86.294,24.476],[86.312,24.508],[86.301,24.532],[86.31,24.547],[86.304,24.558],[86.323,24.584],[86.312,24.586],[86.31,24.582],[86.293,24.586],[86.274,24.583],[86.277,24.574],[86.266,24.582],[86.264,24.576],[86.217,24.612],[86.216,24.591],[86.195,24.585],[86.166,24.584],[86.152,24.6],[86.133,24.604],[86.126,24.612],[86.118,24.642],[86.126,24.654],[86.126,24.671],[86.134,24.676],[86.124,24.705],[86.109,24.732],[86.087,24.746],[86.063,24.752],[86.039,24.741],[86.036,24.747],[86.053,24.762],[86.051,24.78],[86.01,24.768],[86,24.751],[85.977,24.748],[85.97,24.734],[85.95,24.732],[85.928,24.74],[85.911,24.754],[85.887,24.786],[85.89,24.792],[85.878,24.8],[85.827,24.81],[85.818,24.807],[85.811,24.794],[85.777,24.799],[85.765,24.813],[85.737,24.823],[85.721,24.787],[85.71,24.781],[85.705,24.769],[85.708,24.748],[85.697,24.713],[85.68,24.694],[85.65,24.687],[85.648,24.682],[85.66,24.675],[85.663,24.665],[85.661,24.647],[85.672,24.619],[85.673,24.593],[85.665,24.582],[85.644,24.578],[85.615,24.583],[85.598,24.598],[85.577,24.603],[85.563,24.591],[85.568,24.565],[85.555,24.556],[85.537,24.565],[85.54,24.55],[85.536,24.536],[85.518,24.525],[85.502,24.531],[85.498,24.549],[85.486,24.551],[85.433,24.536],[85.407,24.546],[85.37,24.53],[85.283,24.527],[85.282,24.497],[85.246,24.495],[85.224,24.471],[85.203,24.473],[85.199,24.467],[85.151,24.463],[85.15,24.456],[85.159,24.451],[85.169,24.429],[85.155,24.418],[85.115,24.409],[85.089,24.379],[85.065,24.387],[85.075,24.408],[85.076,24.44],[85.053,24.415],[85.032,24.425],[84.99,24.412],[84.969,24.376],[84.948,24.372],[84.925,24.378],[84.898,24.372],[84.894,24.375],[84.901,24.382],[84.898,24.394],[84.878,24.423],[84.88,24.463],[84.867,24.467],[84.86,24.457],[84.847,24.466],[84.834,24.453],[84.833,24.47],[84.827,24.47],[84.833,24.511],[84.819,24.525],[84.802,24.521],[84.795,24.529],[84.784,24.518],[84.78,24.505],[84.742,24.496],[84.725,24.473],[84.713,24.469],[84.707,24.472],[84.679,24.456],[84.666,24.431],[84.668,24.413],[84.658,24.394],[84.623,24.404],[84.582,24.401],[84.58,24.41],[84.572,24.412],[84.559,24.397],[84.566,24.384],[84.546,24.374],[84.522,24.376],[84.528,24.365],[84.519,24.346],[84.525,24.339],[84.517,24.334],[84.511,24.317],[84.503,24.315],[84.502,24.295],[84.494,24.287],[84.484,24.297],[84.487,24.305],[84.475,24.303],[84.465,24.308],[84.455,24.339],[84.417,24.331],[84.423,24.359],[84.395,24.368],[84.4,24.375],[84.385,24.379],[84.382,24.39],[84.361,24.387],[84.336,24.396],[84.338,24.401],[84.326,24.411],[84.328,24.422],[84.315,24.423],[84.33,24.431],[84.315,24.448],[84.293,24.451],[84.285,24.466],[84.294,24.481],[84.322,24.49],[84.326,24.503],[84.293,24.566],[84.269,24.564],[84.272,24.554],[84.28,24.552],[84.258,24.538],[84.257,24.531],[84.249,24.532],[84.248,24.539],[84.234,24.544],[84.235,24.553],[84.221,24.55],[84.217,24.535],[84.209,24.537],[84.2,24.557],[84.188,24.555],[84.187,24.549],[84.173,24.547],[84.186,24.522],[84.179,24.51],[84.154,24.518],[84.164,24.534],[84.146,24.54],[84.136,24.529],[84.14,24.505],[84.125,24.498],[84.123,24.487],[84.11,24.481],[84.089,24.504],[84.09,24.534],[84.078,24.545],[84.072,24.57],[84.06,24.577],[84.061,24.589],[84.053,24.588],[84.047,24.612],[84.024,24.629],[84.016,24.628],[83.992,24.638],[83.972,24.597],[83.933,24.552],[83.868,24.533],[83.858,24.538],[83.794,24.529],[83.749,24.511],[83.717,24.505],[83.682,24.516],[83.6,24.513],[83.542,24.526],[83.498,24.527],[83.393,24.501],[83.393,24.48],[83.381,24.456],[83.39,24.438],[83.401,24.437],[83.4,24.409],[83.412,24.41],[83.43,24.404],[83.451,24.365],[83.441,24.361],[83.427,24.34],[83.403,24.337],[83.376,24.315],[83.381,24.3],[83.396,24.293],[83.401,24.285],[83.402,24.266],[83.393,24.247],[83.377,24.236],[83.378,24.201],[83.349,24.126],[83.339,24.11],[83.324,24.101],[83.346,24.097],[83.357,24.102],[83.383,24.1],[83.403,24.081],[83.425,24.084],[83.431,24.058],[83.448,24.042],[83.479,24.039],[83.507,24.028],[83.517,24.011],[83.508,24.001],[83.508,23.979],[83.539,23.934],[83.537,23.915],[83.543,23.898],[83.576,23.884],[83.573,23.877],[83.558,23.87],[83.561,23.863],[83.581,23.862],[83.63,23.847],[83.65,23.848],[83.656,23.844],[83.658,23.828],[83.672,23.82],[83.682,23.826],[83.695,23.821],[83.696,23.808],[83.711,23.79],[83.712,23.772],[83.729,23.755],[83.735,23.714],[83.732,23.705],[83.715,23.69],[83.715,23.683],[83.751,23.653],[83.743,23.64],[83.748,23.627],[83.765,23.621],[83.775,23.6],[83.786,23.598],[83.8,23.583],[83.806,23.582],[83.811,23.589],[83.883,23.573],[83.89,23.576],[83.935,23.563],[83.93,23.594],[83.938,23.622],[84.007,23.632],[84.002,23.62],[84.022,23.597],[84.024,23.588],[84.023,23.544],[84.009,23.5],[83.997,23.493],[83.979,23.461],[83.97,23.455],[83.979,23.427],[83.966,23.381],[83.975,23.365],[84.007,23.353],[84.021,23.375],[84.043,23.374],[84.05,23.352],[84.07,23.33],[84.06,23.308],[84.064,23.292],[84.05,23.241],[84.058,23.204],[84.031,23.161],[84.034,23.138],[84.053,23.124],[84.061,23.11],[84.088,23.109],[84.105,23.099],[84.112,23.087],[84.129,23.082],[84.132,23.067],[84.124,23.037],[84.144,22.988],[84.148,22.964],[84.168,22.971],[84.177,23.021],[84.19,23.024],[84.198,23.019],[84.197,23.004],[84.217,22.976],[84.237,22.98],[84.242,22.973],[84.251,22.971],[84.271,22.989],[84.269,22.979],[84.279,22.961],[84.307,22.968],[84.325,22.979],[84.344,22.974],[84.371,22.975],[84.379,22.949],[84.389,22.939],[84.386,22.917],[84.371,22.902],[84.378,22.888],[84.37,22.865],[84.329,22.86],[84.318,22.844],[84.318,22.817],[84.31,22.799],[84.29,22.787],[84.285,22.763],[84.254,22.763],[84.225,22.735],[84.232,22.689],[84.221,22.669],[84.21,22.663],[84.197,22.664],[84.15,22.634],[84.107,22.637],[84.094,22.633],[84.08,22.637],[84.048,22.594],[84.021,22.587],[84.005,22.57],[83.999,22.54],[84.005,22.53],[84.003,22.521],[84.019,22.521],[84.033,22.512],[84.058,22.51],[84.072,22.494],[84.103,22.481],[84.106,22.474],[84.135,22.471],[84.136,22.421],[84.152,22.401],[84.183,22.384],[84.194,22.372],[84.247,22.374],[84.266,22.348],[84.289,22.337],[84.324,22.339],[84.367,22.35],[84.394,22.344],[84.426,22.349],[84.431,22.36],[84.427,22.365],[84.448,22.379],[84.456,22.375],[84.478,22.384],[84.477,22.406],[84.506,22.416],[84.521,22.415],[84.527,22.42],[84.543,22.417],[84.594,22.429],[84.595,22.425],[84.632,22.429],[84.662,22.414],[84.744,22.415],[84.753,22.442],[84.808,22.447],[84.813,22.432],[84.833,22.426],[84.841,22.435],[84.855,22.432],[84.877,22.443],[84.88,22.418],[84.894,22.418],[84.916,22.423],[84.917,22.434],[84.947,22.451],[84.952,22.453],[84.955,22.439],[85.032,22.47],[85.033,22.477],[85.062,22.478],[85.073,22.473],[85.074,22.467],[85.071,22.456],[85.057,22.445],[85.064,22.423],[85.077,22.408],[85.083,22.378],[85.074,22.349],[85.082,22.341],[85.093,22.341],[85.088,22.314],[85.114,22.314],[85.114,22.29],[85.105,22.291],[85.071,22.272],[85.074,22.251],[85.068,22.243],[85.069,22.231],[85.047,22.186],[85.048,22.174],[85.025,22.154],[85.031,22.137],[85.024,22.112],[84.98,22.091],[84.98,22.085],[84.987,22.077],[85.002,22.08],[85.02,22.103],[85.027,22.101],[85.044,22.111],[85.095,22.099],[85.1,22.085],[85.119,22.066],[85.141,22.074],[85.156,22.07],[85.171,22.048],[85.164,22.065],[85.172,22.068],[85.183,22.055],[85.211,22.043],[85.215,22.011],[85.231,22],[85.274,22.08],[85.3,22.107],[85.323,22.125],[85.345,22.127],[85.358,22.12],[85.363,22.155],[85.385,22.152],[85.394,22.159],[85.418,22.153],[85.486,22.116],[85.515,22.108],[85.534,22.097],[85.54,22.087],[85.554,22.091],[85.591,22.074],[85.607,22.082],[85.611,22.077],[85.626,22.08],[85.645,22.09],[85.672,22.06],[85.672,22.051],[85.682,22.049],[85.688,22.056],[85.722,22.058],[85.746,22.07],[85.758,22.085],[85.779,22.093],[85.802,22.111],[85.815,22.102],[85.809,22.092],[85.825,22.087],[85.831,22.077],[85.814,22.07],[85.788,22.077],[85.77,22.051],[85.779,22.036],[85.776,22.028],[85.756,22.008],[85.761,21.99],[85.784,21.979],[85.815,21.98],[85.818,21.97],[85.84,21.976],[85.882,21.975],[85.891,21.979],[85.905,21.967],[85.912,22.005],[85.929,22.019],[85.943,22.019],[85.979,22.083],[86,22.109],[85.995,22.132],[86.011,22.158],[86.015,22.173],[86.027,22.185],[85.97,22.243],[85.982,22.252],[85.985,22.267],[85.998,22.275],[86.008,22.293],[86.043,22.306],[86.018,22.305],[86.008,22.31],[86.006,22.316],[86.02,22.329],[86.005,22.336],[85.998,22.331],[85.993,22.338],[86.017,22.362],[86.016,22.373],[86.021,22.375],[86.009,22.424],[85.993,22.422],[85.954,22.456],[85.958,22.476],[85.967,22.482],[85.969,22.5],[85.981,22.51],[85.996,22.509],[86.015,22.524],[86.022,22.521],[86.028,22.534],[86.018,22.544],[86.038,22.564],[86.069,22.543],[86.107,22.485],[86.146,22.479],[86.145,22.475],[86.156,22.479],[86.197,22.468],[86.202,22.47],[86.209,22.463],[86.218,22.468],[86.212,22.46],[86.22,22.449],[86.265,22.44],[86.28,22.446],[86.288,22.425],[86.301,22.415],[86.302,22.405],[86.318,22.391],[86.32,22.38],[86.347,22.359],[86.353,22.345],[86.376,22.337],[86.401,22.319],[86.422,22.314],[86.433,22.302],[86.439,22.306],[86.438,22.323],[86.458,22.322],[86.468,22.332],[86.479,22.334],[86.484,22.344],[86.5,22.341],[86.508,22.324],[86.524,22.319],[86.525,22.312],[86.521,22.311],[86.532,22.298],[86.54,22.304],[86.552,22.295],[86.568,22.297],[86.571,22.293],[86.578,22.298],[86.591,22.275],[86.609,22.279],[86.646,22.261],[86.651,22.233],[86.665,22.239],[86.682,22.22],[86.723,22.215],[86.748,22.208],[86.767,22.211],[86.775,22.215],[86.773,22.23],[86.78,22.232],[86.792,22.224],[86.791,22.22],[86.783,22.225],[86.776,22.214],[86.784,22.212],[86.791,22.218],[86.8,22.214],[86.81,22.238],[86.798,22.234],[86.793,22.239],[86.79,22.263],[86.801,22.262],[86.796,22.25],[86.8,22.241],[86.809,22.246],[86.812,22.264],[86.816,22.249],[86.823,22.261],[86.886,22.252],[86.886,22.294],[86.841,22.314],[86.829,22.325],[86.829,22.342],[86.841,22.369],[86.838,22.379],[86.844,22.396],[86.818,22.412],[86.762,22.425],[86.745,22.476],[86.753,22.48],[86.789,22.475],[86.798,22.484],[86.791,22.494],[86.799,22.499],[86.79,22.508],[86.79,22.52],[86.783,22.524],[86.784,22.544],[86.765,22.551],[86.767,22.561],[86.76,22.572],[86.706,22.58],[86.673,22.572],[86.652,22.576],[86.648,22.592],[86.634,22.597],[86.637,22.655],[86.618,22.673],[86.591,22.689],[86.581,22.689],[86.539,22.721],[86.51,22.716],[86.507,22.702],[86.488,22.723],[86.479,22.722],[86.454,22.76],[86.444,22.759],[86.416,22.777],[86.413,22.786],[86.434,22.829],[86.433,22.86],[86.447,22.859],[86.447,22.883],[86.463,22.897],[86.432,22.916],[86.433,22.923],[86.458,22.933],[86.458,22.939],[86.47,22.949],[86.485,22.934],[86.489,22.944],[86.496,22.941],[86.497,22.948],[86.518,22.944],[86.527,22.961],[86.539,22.962],[86.54,22.987],[86.512,22.966],[86.5,22.969],[86.508,22.973],[86.497,22.983],[86.497,22.99],[86.445,22.985],[86.416,22.995],[86.393,22.974],[86.384,22.98],[86.38,22.991],[86.369,22.994],[86.36,22.997],[86.352,22.995],[86.35,22.989],[86.341,22.993],[86.332,22.989],[86.312,22.995],[86.298,23.013],[86.294,23.008],[86.279,23.011],[86.261,22.996],[86.212,22.992],[86.204,22.998],[86.2,23.01],[86.204,23.013],[86.176,23.013],[86.16,23.039],[86.15,23.041],[86.148,23.053],[86.135,23.063],[86.137,23.083],[86.116,23.094],[86.105,23.089],[86.092,23.091],[86.081,23.104],[86.07,23.101],[86.048,23.109],[86.044,23.112],[86.048,23.129],[86.037,23.144],[86.028,23.146],[86.018,23.14],[86.003,23.146],[85.982,23.146],[85.952,23.138],[85.944,23.129],[85.926,23.131],[85.921,23.126],[85.915,23.13],[85.9,23.148],[85.877,23.159],[85.877,23.173],[85.858,23.194],[85.832,23.195],[85.826,23.263],[85.834,23.281],[85.861,23.303],[85.861,23.315],[85.878,23.324],[85.872,23.33],[85.873,23.357],[85.866,23.365],[85.885,23.374],[85.896,23.371],[85.894,23.38],[85.882,23.381],[85.878,23.408],[85.863,23.41],[85.86,23.451],[85.866,23.47],[85.874,23.476],[85.891,23.476],[85.944,23.455],[86.006,23.483],[86.047,23.494],[86.051,23.502],[86.033,23.505],[86.033,23.518],[86.019,23.542],[86.021,23.545],[86.011,23.552],[86.011,23.561],[86.035,23.575],[86.037,23.583],[86.047,23.584],[86.051,23.579],[86.071,23.578],[86.073,23.568],[86.119,23.574],[86.127,23.567],[86.145,23.568],[86.153,23.552],[86.143,23.527],[86.155,23.519],[86.155,23.504],[86.145,23.494],[86.146,23.473],[86.172,23.479],[86.179,23.475],[86.179,23.468],[86.221,23.456],[86.225,23.47],[86.239,23.47],[86.225,23.436],[86.231,23.43],[86.24,23.432],[86.243,23.42],[86.253,23.425],[86.247,23.434],[86.278,23.441],[86.282,23.427],[86.3,23.42],[86.314,23.428],[86.312,23.437],[86.306,23.436],[86.3,23.444],[86.326,23.458],[86.331,23.447],[86.34,23.452],[86.338,23.461],[86.352,23.464],[86.349,23.472],[86.355,23.482],[86.372,23.483],[86.371,23.49],[86.359,23.49],[86.354,23.496],[86.357,23.513],[86.365,23.515],[86.368,23.523],[86.36,23.531],[86.358,23.543],[86.365,23.557],[86.383,23.572],[86.381,23.584],[86.406,23.588],[86.41,23.598],[86.427,23.61],[86.44,23.609],[86.44,23.63],[86.466,23.63],[86.481,23.635],[86.529,23.629],[86.591,23.662],[86.592,23.671],[86.624,23.673],[86.694,23.695],[86.732,23.694],[86.738,23.678],[86.792,23.687],[86.796,23.693],[86.791,23.698],[86.805,23.74],[86.816,23.745],[86.82,23.761],[86.817,23.776],[86.798,23.798],[86.801,23.813],[86.793,23.831],[86.804,23.831],[86.809,23.814],[86.821,23.811],[86.844,23.822],[86.857,23.84],[86.871,23.844],[86.877,23.813],[86.882,23.814],[86.888,23.822],[86.88,23.842],[86.882,23.857],[86.875,23.857],[86.875,23.862],[86.895,23.88],[86.907,23.88],[86.924,23.866],[86.925,23.854],[86.936,23.845],[86.951,23.846],[86.96,23.862],[86.967,23.865],[87.034,23.837],[87.057,23.816],[87.085,23.805],[87.096,23.809],[87.106,23.8],[87.116,23.805],[87.11,23.799],[87.124,23.795],[87.139,23.8],[87.149,23.794],[87.166,23.82],[87.162,23.828],[87.154,23.826],[87.13,23.851],[87.131,23.867],[87.157,23.865],[87.181,23.852],[87.187,23.857],[87.196,23.854],[87.189,23.841],[87.203,23.846],[87.207,23.853],[87.217,23.851],[87.222,23.858],[87.236,23.853],[87.219,23.831],[87.229,23.823],[87.243,23.826],[87.255,23.839],[87.247,23.851],[87.243,23.885],[87.248,23.907],[87.252,23.91],[87.259,23.904],[87.262,23.878],[87.27,23.873],[87.293,23.89],[87.291,23.899],[87.295,23.899],[87.285,23.934],[87.292,23.939],[87.292,23.956],[87.262,23.966],[87.261,23.978],[87.268,23.985],[87.261,24.003],[87.25,23.996],[87.241,24.006],[87.233,24.025],[87.238,24.041],[87.283,24.027],[87.332,24.031],[87.332,24.018],[87.324,24.017],[87.315,24.004],[87.328,23.996],[87.348,23.996],[87.357,24.009],[87.39,24.002],[87.4,23.994],[87.426,23.99],[87.429,23.982],[87.439,23.978],[87.449,23.984],[87.458,23.981],[87.458,23.993],[87.441,24.003],[87.447,24.008],[87.434,24.008],[87.449,24.016],[87.471,24.011],[87.483,24.014],[87.491,24.023],[87.501,24.022],[87.511,24.04],[87.508,24.046],[87.491,24.052],[87.494,24.063],[87.49,24.073],[87.501,24.073],[87.506,24.082],[87.489,24.088],[87.497,24.099],[87.494,24.115],[87.517,24.111],[87.539,24.088],[87.556,24.082],[87.576,24.085],[87.569,24.107],[87.578,24.11],[87.582,24.123],[87.608,24.129],[87.569,24.156],[87.58,24.162],[87.616,24.165],[87.646,24.154],[87.69,24.15],[87.696,24.167],[87.693,24.186],[87.678,24.191],[87.671,24.206],[87.638,24.212],[87.643,24.23],[87.636,24.243],[87.642,24.25],[87.647,24.249],[87.657,24.235],[87.662,24.245],[87.681,24.246],[87.689,24.256],[87.703,24.26],[87.71,24.292],[87.727,24.286],[87.756,24.304],[87.764,24.323],[87.761,24.333],[87.798,24.382],[87.793,24.396],[87.81,24.407],[87.805,24.418],[87.799,24.411],[87.785,24.415],[87.792,24.424],[87.791,24.438],[87.803,24.45],[87.815,24.451],[87.818,24.468],[87.809,24.477],[87.823,24.494],[87.81,24.492],[87.807,24.511],[87.795,24.491],[87.793,24.497],[87.801,24.515],[87.797,24.539],[87.806,24.545],[87.792,24.566],[87.768,24.572],[87.769,24.582],[87.809,24.576],[87.823,24.567],[87.825,24.559],[87.848,24.551],[87.85,24.558],[87.856,24.555],[87.866,24.561],[87.887,24.563],[87.891,24.58],[87.905,24.584],[87.91,24.594],[87.908,24.608],[87.886,24.605],[87.873,24.611],[87.877,24.616],[87.902,24.613],[87.902,24.626],[87.885,24.627],[87.889,24.631],[87.906,24.633],[87.913,24.659],[87.887,24.674],[87.897,24.691],[87.899,24.71],[87.903,24.71],[87.901,24.722],[87.891,24.723],[87.878,24.739],[87.867,24.729],[87.84,24.738],[87.825,24.752],[87.814,24.753],[87.818,24.766],[87.838,24.788],[87.835,24.763],[87.855,24.764],[87.867,24.776],[87.87,24.791],[87.877,24.794],[87.868,24.823],[87.887,24.82],[87.898,24.825],[87.894,24.829],[87.898,24.843],[87.889,24.853],[87.911,24.856],[87.967,24.881],[87.973,24.896],[87.966,24.93],[87.906,24.986],[87.903,24.998],[87.877,25.028],[87.855,25.046],[87.8,25.071],[87.777,25.091],[87.77,25.115],[87.771,25.152],[87.788,25.22]]]},"properties":{"ID_0":105,"ISO":"IND","NAME_0":"India","ID_1":16,"NAME_1":"Jharkhand"}},
{"type":"Feature","geometry":{"type":"MultiPolygon","coordinates":[[[[74.683,13.348],[74.682,13.343],[74.687,13.341],[74.683,13.348]]],[[[74.483,14.011],[74.478,14.009],[74.48,14.005],[74.483,14.011]]],[[[74.326,14.021],[74.323,14.015],[74.328,14.011],[74.33,14.018],[74.326,14.021]]],[[[74.365,14.553],[74.367,14.541],[74.378,14.545],[74.373,14.552],[74.365,14.553]]],[[[74.111,14.762],[74.11,14.754],[74.12,14.753],[74.111,14.762]]],[[[77.55,18.291],[77.52,18.307],[77.51,18.307],[77.51,18.278],[77.492,18.266],[77.48,18.269],[77.465,18.26],[77.445,18.27],[77.445,18.277],[77.437,18.282],[77.436,18.306],[77.428,18.309],[77.408,18.3],[77.359,18.311],[77.355,18.319],[77.378,18.329],[77.379,18.339],[77.393,18.341],[77.398,18.347],[77.392,18.366],[77.408,18.378],[77.41,18.389],[77.4,18.398],[77.37,18.401],[77.364,18.43],[77.37,18.448],[77.354,18.449],[77.342,18.43],[77.333,18.448],[77.326,18.449],[77.326,18.455],[77.317,18.454],[77.313,18.439],[77.302,18.438],[77.265,18.418],[77.258,18.41],[77.24,18.409],[77.233,18.386],[77.245,18.371],[77.231,18.366],[77.221,18.347],[77.227,18.345],[77.21,18.314],[77.2,18.319],[77.195,18.313],[77.206,18.278],[77.192,18.274],[77.171,18.281],[77.166,18.256],[77.157,18.253],[77.148,18.238],[77.15,18.217],[77.142,18.216],[77.139,18.207],[77.121,18.207],[77.096,18.195],[77.116,18.168],[77.109,18.153],[77.097,18.158],[77.086,18.15],[77.058,18.152],[77.05,18.161],[77.049,18.173],[77.033,18.184],[77.022,18.178],[77.024,18.163],[76.998,18.167],[76.988,18.188],[76.954,18.185],[76.944,18.155],[76.933,18.158],[76.925,18.145],[76.932,18.137],[76.923,18.116],[76.953,18.11],[76.968,18.097],[76.964,18.088],[76.95,18.082],[76.947,18.074],[76.953,18.063],[76.949,18.046],[76.955,18.04],[76.918,18.033],[76.92,17.985],[76.913,17.937],[76.919,17.937],[76.916,17.915],[76.9,17.915],[76.889,17.897],[76.881,17.893],[76.854,17.898],[76.832,17.891],[76.833,17.883],[76.808,17.883],[76.803,17.868],[76.775,17.877],[76.766,17.898],[76.741,17.898],[76.737,17.857],[76.766,17.851],[76.788,17.826],[76.776,17.799],[76.766,17.797],[76.763,17.787],[76.749,17.786],[76.739,17.779],[76.725,17.785],[76.716,17.782],[76.713,17.771],[76.721,17.768],[76.718,17.748],[76.728,17.737],[76.698,17.726],[76.703,17.719],[76.701,17.707],[76.691,17.702],[76.691,17.68],[76.678,17.687],[76.663,17.688],[76.655,17.716],[76.631,17.729],[76.627,17.756],[76.614,17.768],[76.604,17.756],[76.593,17.718],[76.587,17.708],[76.573,17.702],[76.569,17.704],[76.565,17.754],[76.573,17.76],[76.56,17.763],[76.524,17.759],[76.524,17.715],[76.486,17.714],[76.485,17.67],[76.489,17.661],[76.452,17.656],[76.441,17.649],[76.443,17.642],[76.429,17.644],[76.416,17.604],[76.332,17.595],[76.34,17.543],[76.361,17.536],[76.366,17.522],[76.366,17.517],[76.346,17.511],[76.343,17.494],[76.375,17.494],[76.372,17.486],[76.35,17.472],[76.331,17.469],[76.334,17.432],[76.373,17.434],[76.362,17.375],[76.408,17.369],[76.411,17.348],[76.393,17.336],[76.382,17.312],[76.352,17.311],[76.344,17.35],[76.313,17.343],[76.317,17.329],[76.276,17.331],[76.27,17.357],[76.25,17.358],[76.244,17.375],[76.23,17.37],[76.229,17.363],[76.183,17.357],[76.172,17.349],[76.176,17.321],[76.184,17.311],[76.176,17.297],[76.164,17.3],[76.163,17.341],[76.121,17.366],[76.096,17.358],[76.087,17.334],[76.079,17.33],[76.063,17.352],[76.055,17.354],[76.037,17.349],[76.015,17.351],[76,17.338],[75.972,17.336],[75.931,17.324],[75.911,17.346],[75.894,17.354],[75.896,17.395],[75.887,17.417],[75.878,17.417],[75.879,17.4],[75.862,17.386],[75.856,17.408],[75.839,17.421],[75.825,17.423],[75.816,17.398],[75.815,17.374],[75.802,17.37],[75.782,17.379],[75.77,17.407],[75.737,17.422],[75.715,17.409],[75.691,17.413],[75.678,17.458],[75.662,17.46],[75.65,17.473],[75.636,17.478],[75.615,17.422],[75.61,17.42],[75.616,17.392],[75.579,17.383],[75.585,17.35],[75.613,17.342],[75.616,17.329],[75.606,17.303],[75.625,17.294],[75.632,17.272],[75.657,17.271],[75.66,17.261],[75.662,17.208],[75.644,17.194],[75.643,17.188],[75.631,17.186],[75.628,17.17],[75.653,17.133],[75.654,17.113],[75.674,17.114],[75.678,17.094],[75.678,17.063],[75.663,17.062],[75.644,17.036],[75.654,17.031],[75.672,17.036],[75.669,16.978],[75.678,16.964],[75.675,16.96],[75.645,16.951],[75.636,16.966],[75.611,16.97],[75.61,17.003],[75.576,17.008],[75.57,17.006],[75.57,16.964],[75.533,16.967],[75.511,16.947],[75.492,16.943],[75.49,16.965],[75.482,16.976],[75.469,16.98],[75.468,16.985],[75.444,16.979],[75.431,16.963],[75.395,16.976],[75.345,16.953],[75.288,16.955],[75.284,16.943],[75.286,16.909],[75.292,16.901],[75.283,16.874],[75.268,16.861],[75.243,16.864],[75.23,16.841],[75.216,16.84],[75.183,16.842],[75.193,16.87],[75.19,16.874],[75.172,16.865],[75.141,16.874],[75.138,16.893],[75.124,16.9],[75.119,16.91],[75.098,16.914],[75.09,16.949],[75.065,16.939],[75.048,16.939],[75.032,16.926],[75.03,16.942],[75.004,16.946],[74.986,16.929],[74.969,16.936],[74.955,16.93],[74.952,16.936],[74.938,16.941],[74.929,16.935],[74.927,16.926],[74.953,16.906],[74.967,16.905],[74.964,16.878],[74.94,16.877],[74.937,16.869],[74.912,16.856],[74.916,16.786],[74.924,16.77],[74.855,16.771],[74.85,16.76],[74.804,16.751],[74.8,16.746],[74.779,16.749],[74.775,16.741],[74.737,16.716],[74.698,16.715],[74.696,16.686],[74.687,16.679],[74.696,16.675],[74.672,16.664],[74.661,16.638],[74.666,16.629],[74.694,16.615],[74.69,16.604],[74.679,16.607],[74.664,16.601],[74.643,16.607],[74.636,16.576],[74.624,16.582],[74.617,16.568],[74.605,16.562],[74.593,16.564],[74.592,16.556],[74.574,16.552],[74.56,16.56],[74.56,16.571],[74.57,16.581],[74.566,16.59],[74.55,16.592],[74.551,16.633],[74.498,16.627],[74.486,16.639],[74.477,16.661],[74.465,16.653],[74.463,16.644],[74.472,16.605],[74.441,16.599],[74.429,16.583],[74.403,16.579],[74.401,16.561],[74.396,16.56],[74.396,16.536],[74.39,16.528],[74.363,16.539],[74.363,16.549],[74.369,16.553],[74.366,16.557],[74.346,16.546],[74.329,16.553],[74.322,16.545],[74.324,16.506],[74.314,16.502],[74.307,16.529],[74.294,16.532],[74.29,16.523],[74.288,16.539],[74.276,16.545],[74.272,16.533],[74.277,16.521],[74.284,16.516],[74.286,16.503],[74.253,16.495],[74.269,16.476],[74.283,16.483],[74.281,16.489],[74.289,16.504],[74.3,16.503],[74.296,16.459],[74.305,16.461],[74.322,16.45],[74.339,16.452],[74.344,16.426],[74.337,16.42],[74.343,16.4],[74.365,16.403],[74.369,16.394],[74.36,16.379],[74.362,16.365],[74.352,16.366],[74.343,16.391],[74.335,16.389],[74.333,16.376],[74.325,16.379],[74.332,16.357],[74.324,16.354],[74.334,16.341],[74.323,16.34],[74.329,16.333],[74.323,16.325],[74.337,16.323],[74.34,16.317],[74.332,16.316],[74.332,16.311],[74.341,16.312],[74.349,16.291],[74.332,16.286],[74.329,16.279],[74.334,16.268],[74.337,16.266],[74.36,16.28],[74.353,16.292],[74.363,16.287],[74.38,16.294],[74.39,16.29],[74.391,16.276],[74.421,16.281],[74.423,16.257],[74.461,16.248],[74.463,16.242],[74.473,16.239],[74.484,16.247],[74.503,16.231],[74.508,16.223],[74.502,16.214],[74.513,16.201],[74.513,16.188],[74.498,16.181],[74.495,16.155],[74.486,16.147],[74.497,16.112],[74.489,16.087],[74.479,16.088],[74.465,16.102],[74.435,16.111],[74.418,16.101],[74.415,16.092],[74.397,16.087],[74.397,16.078],[74.381,16.078],[74.368,16.053],[74.382,16.054],[74.379,16.037],[74.39,16.035],[74.416,16.051],[74.44,16.057],[74.468,16.047],[74.47,16.041],[74.45,15.999],[74.45,15.983],[74.435,15.951],[74.392,15.901],[74.399,15.896],[74.399,15.874],[74.412,15.853],[74.393,15.852],[74.374,15.892],[74.367,15.871],[74.345,15.852],[74.389,15.844],[74.389,15.836],[74.375,15.828],[74.366,15.815],[74.374,15.81],[74.376,15.801],[74.365,15.774],[74.351,15.763],[74.33,15.77],[74.324,15.757],[74.292,15.739],[74.274,15.753],[74.25,15.741],[74.235,15.754],[74.239,15.785],[74.227,15.786],[74.217,15.779],[74.211,15.759],[74.204,15.753],[74.168,15.749],[74.16,15.734],[74.131,15.718],[74.142,15.7],[74.134,15.678],[74.118,15.671],[74.097,15.671],[74.105,15.659],[74.126,15.65],[74.143,15.647],[74.173,15.652],[74.175,15.67],[74.19,15.681],[74.198,15.679],[74.196,15.665],[74.212,15.661],[74.213,15.649],[74.229,15.653],[74.224,15.659],[74.232,15.667],[74.237,15.662],[74.245,15.666],[74.255,15.654],[74.257,15.634],[74.253,15.624],[74.259,15.624],[74.267,15.617],[74.265,15.59],[74.256,15.583],[74.254,15.566],[74.27,15.561],[74.287,15.526],[74.282,15.513],[74.261,15.501],[74.256,15.49],[74.283,15.443],[74.283,15.433],[74.276,15.424],[74.285,15.402],[74.283,15.389],[74.286,15.383],[74.306,15.381],[74.328,15.367],[74.323,15.357],[74.328,15.343],[74.323,15.33],[74.342,15.293],[74.334,15.283],[74.302,15.286],[74.289,15.279],[74.283,15.281],[74.268,15.258],[74.258,15.258],[74.264,15.242],[74.307,15.223],[74.322,15.184],[74.301,15.15],[74.29,15.143],[74.293,15.12],[74.288,15.106],[74.278,15.096],[74.284,15.094],[74.287,15.069],[74.295,15.063],[74.302,15.04],[74.289,15.03],[74.29,15.022],[74.282,15.016],[74.271,14.999],[74.272,14.998],[74.262,14.991],[74.274,14.975],[74.267,14.967],[74.262,14.958],[74.251,14.961],[74.244,14.957],[74.242,14.946],[74.225,14.941],[74.219,14.931],[74.212,14.921],[74.203,14.927],[74.204,14.938],[74.197,14.943],[74.187,14.953],[74.17,14.947],[74.17,14.942],[74.166,14.937],[74.175,14.916],[74.175,14.909],[74.146,14.917],[74.139,14.92],[74.136,14.92],[74.133,14.916],[74.113,14.911],[74.104,14.904],[74.097,14.896],[74.099,14.88],[74.11,14.863],[74.112,14.847],[74.125,14.845],[74.115,14.853],[74.131,14.846],[74.131,14.842],[74.125,14.837],[74.126,14.816],[74.122,14.803],[74.112,14.797],[74.113,14.808],[74.102,14.807],[74.093,14.806],[74.093,14.802],[74.102,14.793],[74.109,14.793],[74.11,14.785],[74.119,14.786],[74.119,14.775],[74.125,14.775],[74.128,14.78],[74.143,14.778],[74.157,14.761],[74.151,14.752],[74.153,14.746],[74.159,14.746],[74.167,14.767],[74.163,14.753],[74.181,14.748],[74.193,14.735],[74.192,14.726],[74.205,14.718],[74.209,14.718],[74.203,14.733],[74.207,14.738],[74.211,14.733],[74.228,14.737],[74.227,14.745],[74.233,14.748],[74.25,14.74],[74.267,14.713],[74.257,14.706],[74.269,14.702],[74.282,14.678],[74.275,14.66],[74.283,14.663],[74.278,14.658],[74.284,14.631],[74.279,14.627],[74.271,14.631],[74.27,14.627],[74.273,14.627],[74.28,14.61],[74.295,14.602],[74.291,14.596],[74.314,14.545],[74.31,14.538],[74.316,14.527],[74.31,14.521],[74.341,14.514],[74.345,14.52],[74.356,14.522],[74.353,14.541],[74.338,14.553],[74.335,14.565],[74.34,14.569],[74.354,14.543],[74.36,14.55],[74.357,14.563],[74.372,14.573],[74.378,14.572],[74.376,14.564],[74.365,14.554],[74.373,14.554],[74.378,14.548],[74.383,14.552],[74.387,14.547],[74.384,14.531],[74.393,14.531],[74.384,14.524],[74.373,14.537],[74.38,14.525],[74.369,14.528],[74.354,14.503],[74.36,14.502],[74.373,14.47],[74.382,14.442],[74.382,14.421],[74.393,14.419],[74.396,14.41],[74.413,14.316],[74.425,14.297],[74.442,14.224],[74.449,14.218],[74.454,14.199],[74.465,14.199],[74.471,14.183],[74.479,14.15],[74.477,14.14],[74.488,14.11],[74.486,14.095],[74.48,14.093],[74.488,14.093],[74.493,14.078],[74.501,14.027],[74.506,14.03],[74.504,14.042],[74.509,14.039],[74.507,14.032],[74.518,14.027],[74.508,14.028],[74.502,14.023],[74.515,13.986],[74.532,13.965],[74.538,13.965],[74.549,13.948],[74.558,13.951],[74.56,13.946],[74.57,13.947],[74.587,13.918],[74.602,13.873],[74.618,13.86],[74.613,13.859],[74.615,13.852],[74.633,13.849],[74.615,13.851],[74.607,13.867],[74.626,13.796],[74.645,13.685],[74.671,13.634],[74.668,13.628],[74.694,13.454],[74.699,13.361],[74.695,13.348],[74.711,13.342],[74.724,13.29],[74.736,13.29],[74.729,13.285],[74.729,13.277],[74.722,13.284],[74.713,13.331],[74.705,13.341],[74.69,13.348],[74.707,13.337],[74.714,13.322],[74.721,13.284],[74.773,13.083],[74.779,13.086],[74.778,13.099],[74.79,13.099],[74.78,13.097],[74.782,13.088],[74.778,13.076],[74.784,13.059],[74.775,13.078],[74.802,12.931],[74.821,12.929],[74.814,12.918],[74.809,12.925],[74.807,12.919],[74.821,12.852],[74.829,12.847],[74.845,12.797],[74.867,12.754],[74.876,12.755],[74.886,12.749],[74.908,12.763],[74.954,12.779],[74.971,12.773],[74.982,12.775],[74.993,12.784],[74.989,12.791],[75,12.783],[75.005,12.785],[75.009,12.76],[74.992,12.738],[74.986,12.738],[74.985,12.73],[74.993,12.733],[75.012,12.723],[75.003,12.714],[75.007,12.709],[75.014,12.708],[75.019,12.715],[75.038,12.719],[75.05,12.715],[75.057,12.687],[75.045,12.687],[75.043,12.671],[75.048,12.66],[75.07,12.658],[75.075,12.665],[75.083,12.666],[75.087,12.676],[75.082,12.693],[75.086,12.698],[75.104,12.692],[75.113,12.676],[75.132,12.671],[75.151,12.676],[75.151,12.669],[75.161,12.664],[75.15,12.642],[75.141,12.638],[75.143,12.633],[75.159,12.617],[75.17,12.617],[75.183,12.627],[75.201,12.625],[75.199,12.606],[75.21,12.597],[75.203,12.581],[75.211,12.584],[75.223,12.563],[75.236,12.562],[75.239,12.573],[75.249,12.575],[75.268,12.606],[75.277,12.612],[75.289,12.605],[75.291,12.597],[75.301,12.599],[75.308,12.588],[75.328,12.585],[75.328,12.577],[75.316,12.569],[75.291,12.575],[75.287,12.565],[75.277,12.564],[75.271,12.554],[75.281,12.518],[75.305,12.517],[75.304,12.498],[75.321,12.491],[75.335,12.49],[75.336,12.485],[75.341,12.465],[75.337,12.458],[75.341,12.456],[75.359,12.46],[75.372,12.469],[75.373,12.477],[75.37,12.483],[75.372,12.486],[75.377,12.486],[75.381,12.491],[75.387,12.492],[75.397,12.498],[75.404,12.49],[75.414,12.497],[75.424,12.466],[75.415,12.454],[75.403,12.448],[75.392,12.445],[75.386,12.451],[75.367,12.452],[75.369,12.446],[75.366,12.407],[75.379,12.387],[75.394,12.38],[75.401,12.376],[75.403,12.373],[75.411,12.375],[75.419,12.37],[75.421,12.362],[75.414,12.344],[75.411,12.338],[75.423,12.308],[75.43,12.3],[75.419,12.286],[75.431,12.292],[75.441,12.29],[75.458,12.289],[75.467,12.295],[75.483,12.286],[75.493,12.267],[75.494,12.265],[75.504,12.263],[75.511,12.253],[75.513,12.249],[75.519,12.236],[75.52,12.233],[75.523,12.229],[75.525,12.22],[75.538,12.207],[75.533,12.199],[75.54,12.192],[75.544,12.192],[75.551,12.184],[75.552,12.176],[75.564,12.167],[75.57,12.165],[75.577,12.151],[75.583,12.15],[75.591,12.143],[75.595,12.145],[75.608,12.149],[75.627,12.145],[75.629,12.142],[75.637,12.14],[75.643,12.131],[75.648,12.106],[75.662,12.091],[75.673,12.091],[75.684,12.102],[75.692,12.103],[75.702,12.1],[75.7,12.088],[75.707,12.083],[75.717,12.078],[75.714,12.069],[75.717,12.062],[75.752,12.077],[75.8,12.071],[75.793,12.048],[75.8,12.03],[75.827,12.006],[75.827,11.978],[75.844,11.97],[75.851,11.957],[75.866,11.946],[75.883,11.939],[75.931,11.931],[75.948,11.934],[75.998,11.924],[76.004,11.932],[76.03,11.933],[76.073,11.961],[76.091,11.962],[76.108,11.971],[76.108,11.851],[76.117,11.843],[76.149,11.861],[76.184,11.864],[76.201,11.854],[76.206,11.82],[76.219,11.8],[76.244,11.795],[76.272,11.804],[76.284,11.785],[76.3,11.776],[76.311,11.744],[76.335,11.731],[76.346,11.731],[76.356,11.74],[76.372,11.736],[76.408,11.753],[76.411,11.746],[76.406,11.733],[76.412,11.734],[76.419,11.717],[76.409,11.704],[76.403,11.707],[76.396,11.701],[76.403,11.699],[76.402,11.683],[76.41,11.665],[76.423,11.659],[76.451,11.655],[76.474,11.678],[76.474,11.684],[76.485,11.682],[76.504,11.698],[76.54,11.671],[76.554,11.613],[76.56,11.61],[76.575,11.606],[76.581,11.609],[76.608,11.6],[76.735,11.605],[76.746,11.611],[76.817,11.597],[76.833,11.587],[76.837,11.574],[76.851,11.602],[76.838,11.616],[76.839,11.623],[76.83,11.629],[76.828,11.644],[76.856,11.694],[76.854,11.699],[76.881,11.725],[76.888,11.766],[76.9,11.783],[76.936,11.777],[76.944,11.781],[76.96,11.765],[76.975,11.791],[76.973,11.801],[77.004,11.803],[77.009,11.797],[77.023,11.795],[77.032,11.784],[77.022,11.765],[77.028,11.762],[77.041,11.778],[77.057,11.777],[77.062,11.772],[77.05,11.758],[77.074,11.73],[77.072,11.725],[77.096,11.723],[77.109,11.713],[77.103,11.763],[77.127,11.761],[77.137,11.772],[77.166,11.774],[77.19,11.783],[77.227,11.784],[77.237,11.788],[77.242,11.802],[77.278,11.79],[77.285,11.798],[77.326,11.759],[77.346,11.764],[77.359,11.779],[77.382,11.776],[77.412,11.762],[77.413,11.751],[77.419,11.751],[77.441,11.791],[77.456,11.839],[77.451,11.844],[77.453,11.889],[77.47,11.884],[77.477,11.876],[77.484,11.932],[77.524,11.921],[77.548,11.931],[77.573,11.924],[77.586,11.929],[77.591,11.926],[77.643,11.944],[77.647,11.939],[77.665,11.94],[77.664,11.953],[77.689,12.01],[77.716,12.049],[77.746,12.069],[77.768,12.106],[77.74,12.129],[77.739,12.148],[77.72,12.172],[77.701,12.173],[77.655,12.188],[77.629,12.186],[77.604,12.195],[77.556,12.187],[77.539,12.194],[77.511,12.184],[77.482,12.19],[77.466,12.202],[77.474,12.225],[77.463,12.236],[77.47,12.262],[77.491,12.273],[77.502,12.266],[77.518,12.27],[77.524,12.281],[77.543,12.284],[77.545,12.293],[77.556,12.297],[77.569,12.324],[77.586,12.336],[77.591,12.349],[77.604,12.354],[77.613,12.398],[77.62,12.408],[77.618,12.443],[77.625,12.477],[77.617,12.486],[77.597,12.465],[77.575,12.468],[77.606,12.5],[77.579,12.507],[77.57,12.558],[77.581,12.584],[77.582,12.605],[77.598,12.621],[77.588,12.643],[77.59,12.658],[77.654,12.674],[77.67,12.671],[77.666,12.664],[77.668,12.651],[77.678,12.649],[77.695,12.651],[77.702,12.658],[77.704,12.674],[77.714,12.67],[77.715,12.663],[77.731,12.664],[77.733,12.672],[77.727,12.683],[77.734,12.691],[77.75,12.687],[77.763,12.714],[77.752,12.718],[77.753,12.725],[77.783,12.739],[77.785,12.745],[77.774,12.751],[77.772,12.76],[77.788,12.781],[77.799,12.787],[77.791,12.796],[77.794,12.806],[77.801,12.806],[77.801,12.821],[77.788,12.824],[77.785,12.834],[77.792,12.84],[77.8,12.838],[77.814,12.844],[77.826,12.859],[77.882,12.858],[77.887,12.867],[77.901,12.868],[77.902,12.873],[77.914,12.874],[77.918,12.878],[77.929,12.875],[77.918,12.869],[77.92,12.863],[77.934,12.862],[77.934,12.856],[77.915,12.844],[77.909,12.822],[77.925,12.814],[77.933,12.813],[77.94,12.829],[77.933,12.845],[77.946,12.849],[77.947,12.838],[77.958,12.836],[77.957,12.822],[77.971,12.823],[77.981,12.81],[77.981,12.796],[78.001,12.795],[78.006,12.803],[77.993,12.814],[78.007,12.82],[78.009,12.834],[78.017,12.834],[78.015,12.846],[78.04,12.838],[78.047,12.842],[78.051,12.832],[78.065,12.83],[78.066,12.819],[78.076,12.821],[78.086,12.803],[78.114,12.787],[78.121,12.77],[78.158,12.76],[78.166,12.765],[78.179,12.76],[78.184,12.763],[78.199,12.755],[78.221,12.753],[78.229,12.762],[78.24,12.803],[78.241,12.847],[78.263,12.857],[78.276,12.849],[78.303,12.847],[78.304,12.866],[78.322,12.863],[78.327,12.874],[78.311,12.874],[78.313,12.889],[78.316,12.893],[78.327,12.889],[78.345,12.928],[78.378,12.895],[78.385,12.896],[78.388,12.906],[78.403,12.891],[78.417,12.889],[78.425,12.893],[78.426,12.902],[78.436,12.901],[78.438,12.88],[78.453,12.865],[78.454,12.853],[78.456,12.893],[78.421,12.924],[78.425,12.938],[78.42,12.947],[78.427,12.951],[78.423,12.969],[78.458,12.963],[78.461,12.979],[78.452,13.004],[78.452,13.032],[78.461,13.032],[78.471,13.044],[78.505,13.053],[78.499,13.07],[78.502,13.082],[78.514,13.085],[78.515,13.091],[78.528,13.097],[78.511,13.106],[78.509,13.12],[78.521,13.129],[78.535,13.131],[78.533,13.142],[78.539,13.152],[78.569,13.156],[78.563,13.177],[78.542,13.18],[78.541,13.187],[78.558,13.192],[78.569,13.204],[78.557,13.212],[78.559,13.227],[78.577,13.262],[78.567,13.272],[78.556,13.299],[78.551,13.276],[78.547,13.273],[78.529,13.276],[78.521,13.256],[78.512,13.26],[78.501,13.277],[78.473,13.291],[78.472,13.308],[78.466,13.31],[78.436,13.298],[78.424,13.319],[78.391,13.304],[78.379,13.317],[78.367,13.32],[78.371,13.332],[78.388,13.318],[78.395,13.323],[78.397,13.332],[78.375,13.346],[78.356,13.347],[78.355,13.355],[78.371,13.391],[78.363,13.452],[78.367,13.495],[78.398,13.566],[78.391,13.578],[78.38,13.581],[78.344,13.578],[78.312,13.584],[78.25,13.574],[78.228,13.587],[78.223,13.577],[78.208,13.582],[78.196,13.561],[78.183,13.556],[78.179,13.579],[78.194,13.595],[78.194,13.616],[78.161,13.623],[78.156,13.649],[78.107,13.647],[78.094,13.64],[78.091,13.633],[78.081,13.635],[78.08,13.65],[78.058,13.667],[78.064,13.675],[78.064,13.688],[78.085,13.681],[78.105,13.684],[78.109,13.71],[78.085,13.733],[78.095,13.75],[78.111,13.762],[78.118,13.777],[78.108,13.804],[78.117,13.822],[78.114,13.841],[78.106,13.854],[78.075,13.855],[78.071,13.872],[78.041,13.887],[78.043,13.864],[78.038,13.853],[78.016,13.854],[78.005,13.862],[77.985,13.862],[77.966,13.82],[77.945,13.82],[77.948,13.829],[77.942,13.88],[77.978,13.893],[77.973,13.92],[77.979,13.948],[77.966,13.951],[77.955,13.942],[77.951,13.928],[77.939,13.925],[77.92,13.899],[77.912,13.897],[77.89,13.911],[77.887,13.931],[77.83,13.927],[77.818,13.935],[77.808,13.923],[77.806,13.909],[77.811,13.895],[77.821,13.889],[77.825,13.88],[77.827,13.872],[77.819,13.866],[77.828,13.861],[77.811,13.852],[77.803,13.841],[77.776,13.836],[77.778,13.813],[77.728,13.802],[77.713,13.791],[77.713,13.746],[77.709,13.733],[77.702,13.731],[77.696,13.761],[77.664,13.752],[77.67,13.777],[77.649,13.776],[77.61,13.755],[77.613,13.747],[77.634,13.741],[77.637,13.735],[77.621,13.727],[77.604,13.743],[77.596,13.744],[77.574,13.727],[77.567,13.729],[77.556,13.716],[77.548,13.72],[77.54,13.744],[77.52,13.744],[77.515,13.737],[77.528,13.719],[77.522,13.688],[77.512,13.686],[77.503,13.704],[77.487,13.707],[77.48,13.703],[77.485,13.687],[77.476,13.678],[77.45,13.676],[77.445,13.696],[77.457,13.713],[77.463,13.744],[77.451,13.786],[77.457,13.797],[77.441,13.802],[77.429,13.788],[77.417,13.791],[77.419,13.8],[77.409,13.799],[77.426,13.83],[77.425,13.835],[77.373,13.831],[77.373,13.838],[77.359,13.846],[77.327,13.825],[77.32,13.826],[77.307,13.857],[77.29,13.85],[77.283,13.841],[77.25,13.839],[77.253,13.856],[77.241,13.866],[77.242,13.889],[77.234,13.895],[77.225,13.895],[77.212,13.861],[77.208,13.86],[77.209,13.878],[77.205,13.881],[77.197,13.86],[77.193,13.856],[77.179,13.86],[77.175,13.861],[77.182,13.901],[77.177,13.917],[77.16,13.908],[77.156,13.9],[77.165,13.866],[77.162,13.857],[77.139,13.859],[77.124,13.849],[77.125,13.843],[77.146,13.835],[77.162,13.821],[77.154,13.801],[77.171,13.772],[77.167,13.755],[77.138,13.756],[77.124,13.751],[77.095,13.761],[77.08,13.753],[77.081,13.737],[77.06,13.739],[77.035,13.769],[77.026,13.771],[77.02,13.77],[77.011,13.733],[76.994,13.742],[76.981,13.786],[76.986,13.793],[76.984,13.804],[76.968,13.814],[76.984,13.828],[76.986,13.839],[76.994,13.839],[77.006,13.85],[77.017,13.893],[77.041,13.897],[77.036,13.926],[76.989,13.957],[76.994,13.981],[76.975,13.997],[76.949,14.007],[76.941,14.021],[76.931,14.023],[76.938,14.048],[76.972,14.052],[76.975,14.065],[76.968,14.08],[76.946,14.085],[76.943,14.112],[76.927,14.127],[76.913,14.122],[76.884,14.131],[76.891,14.159],[76.917,14.158],[76.937,14.166],[76.942,14.189],[76.958,14.176],[77.02,14.173],[77.014,14.127],[77.02,14.122],[77.017,14.106],[77.008,14.098],[77.024,14.083],[77.02,14.061],[77.024,14.053],[77.069,14.047],[77.07,14.039],[77.076,14.038],[77.121,14.042],[77.134,13.998],[77.147,13.992],[77.154,13.991],[77.163,13.998],[77.162,14.006],[77.171,14.009],[77.195,14.003],[77.219,14.008],[77.243,14.006],[77.256,14.021],[77.272,14.028],[77.273,14.008],[77.279,14.007],[77.304,14.027],[77.313,14.025],[77.33,13.99],[77.354,13.982],[77.344,13.951],[77.363,13.942],[77.343,13.912],[77.348,13.897],[77.39,13.898],[77.392,13.88],[77.397,13.881],[77.426,13.902],[77.427,13.909],[77.41,13.915],[77.408,13.936],[77.429,13.943],[77.431,13.969],[77.421,13.977],[77.376,13.969],[77.373,13.982],[77.383,14.007],[77.326,14.023],[77.338,14.054],[77.35,14.053],[77.359,14.059],[77.372,14.072],[77.38,14.09],[77.395,14.103],[77.396,14.111],[77.39,14.119],[77.359,14.109],[77.345,14.096],[77.348,14.124],[77.377,14.13],[77.383,14.148],[77.39,14.154],[77.39,14.165],[77.41,14.17],[77.463,14.164],[77.5,14.151],[77.51,14.172],[77.49,14.228],[77.499,14.261],[77.496,14.272],[77.484,14.275],[77.479,14.285],[77.455,14.272],[77.444,14.278],[77.442,14.31],[77.428,14.305],[77.426,14.321],[77.395,14.329],[77.386,14.325],[77.374,14.305],[77.375,14.295],[77.384,14.266],[77.401,14.26],[77.416,14.212],[77.415,14.203],[77.391,14.191],[77.384,14.192],[77.382,14.21],[77.355,14.23],[77.359,14.269],[77.28,14.276],[77.281,14.331],[77.258,14.326],[77.245,14.315],[77.232,14.311],[77.196,14.314],[77.152,14.338],[77.146,14.332],[77.141,14.336],[77.132,14.331],[77.126,14.302],[77.112,14.288],[77.107,14.262],[77.116,14.257],[77.105,14.213],[77.075,14.209],[77.05,14.24],[77.033,14.24],[77.004,14.232],[76.982,14.238],[76.943,14.236],[76.925,14.272],[76.944,14.282],[76.95,14.294],[76.943,14.305],[76.899,14.319],[76.879,14.346],[76.883,14.39],[76.897,14.394],[76.913,14.414],[76.942,14.4],[76.944,14.445],[76.959,14.445],[76.964,14.452],[76.973,14.478],[76.907,14.484],[76.87,14.468],[76.854,14.499],[76.828,14.523],[76.82,14.52],[76.8,14.528],[76.786,14.553],[76.776,14.59],[76.773,14.587],[76.761,14.596],[76.771,14.674],[76.798,14.735],[76.78,14.779],[76.834,14.785],[76.837,14.804],[76.849,14.804],[76.84,14.83],[76.849,14.839],[76.854,14.861],[76.844,14.886],[76.86,14.891],[76.865,14.938],[76.864,14.964],[76.841,14.961],[76.828,14.951],[76.815,14.964],[76.764,14.97],[76.757,14.983],[76.785,15.017],[76.771,15.054],[76.774,15.071],[76.797,15.091],[76.861,15.057],[76.877,15.029],[76.896,15.032],[76.943,15.027],[76.967,15.013],[76.982,15.01],[76.984,15.02],[77.001,15.03],[77.047,15.029],[77.041,15.005],[77.079,15],[77.082,15.022],[77.091,15.028],[77.11,15.029],[77.126,15.068],[77.128,15.094],[77.148,15.107],[77.154,15.121],[77.153,15.132],[77.135,15.136],[77.132,15.143],[77.137,15.149],[77.158,15.149],[77.163,15.161],[77.162,15.182],[77.15,15.208],[77.141,15.218],[77.121,15.221],[77.123,15.233],[77.133,15.235],[77.14,15.252],[77.165,15.251],[77.164,15.259],[77.145,15.266],[77.148,15.286],[77.115,15.29],[77.11,15.327],[77.062,15.322],[77.063,15.338],[77.038,15.359],[77.044,15.384],[77.029,15.401],[77.027,15.435],[77.006,15.448],[76.996,15.467],[76.97,15.491],[76.972,15.506],[76.996,15.5],[77.027,15.5],[77.024,15.576],[77.029,15.634],[77.069,15.641],[77.081,15.653],[77.116,15.625],[77.125,15.659],[77.101,15.679],[77.076,15.691],[77.084,15.709],[77.076,15.71],[77.076,15.721],[77.047,15.725],[77.043,15.734],[77.053,15.759],[77.049,15.761],[77.062,15.778],[77.067,15.796],[77.062,15.798],[77.064,15.823],[77.042,15.822],[77.022,15.832],[77.033,15.853],[77.077,15.91],[77.105,15.925],[77.13,15.93],[77.143,15.941],[77.181,15.95],[77.227,15.952],[77.249,15.958],[77.282,15.947],[77.3,15.95],[77.315,15.945],[77.354,15.944],[77.376,15.933],[77.426,15.942],[77.467,15.928],[77.497,15.926],[77.509,15.921],[77.516,15.957],[77.506,15.973],[77.51,16.002],[77.502,16.006],[77.491,16.031],[77.503,16.073],[77.493,16.084],[77.498,16.097],[77.509,16.104],[77.487,16.116],[77.488,16.147],[77.484,16.159],[77.495,16.187],[77.495,16.213],[77.511,16.217],[77.511,16.223],[77.489,16.224],[77.488,16.25],[77.499,16.258],[77.501,16.268],[77.519,16.271],[77.534,16.263],[77.543,16.287],[77.565,16.298],[77.581,16.286],[77.59,16.287],[77.591,16.312],[77.584,16.328],[77.592,16.338],[77.572,16.336],[77.555,16.342],[77.519,16.37],[77.494,16.376],[77.438,16.374],[77.428,16.365],[77.412,16.363],[77.373,16.38],[77.343,16.38],[77.333,16.388],[77.285,16.403],[77.264,16.43],[77.258,16.447],[77.235,16.468],[77.239,16.473],[77.252,16.468],[77.292,16.474],[77.297,16.491],[77.324,16.481],[77.366,16.484],[77.369,16.502],[77.379,16.511],[77.412,16.514],[77.415,16.518],[77.416,16.544],[77.402,16.547],[77.39,16.56],[77.391,16.565],[77.417,16.564],[77.437,16.581],[77.464,16.584],[77.459,16.592],[77.464,16.595],[77.464,16.605],[77.454,16.607],[77.454,16.614],[77.469,16.647],[77.461,16.649],[77.444,16.636],[77.433,16.638],[77.436,16.643],[77.417,16.655],[77.417,16.663],[77.437,16.667],[77.446,16.674],[77.462,16.672],[77.465,16.678],[77.467,16.712],[77.445,16.714],[77.437,16.708],[77.423,16.715],[77.435,16.75],[77.438,16.783],[77.471,16.779],[77.472,16.796],[77.463,16.805],[77.457,16.824],[77.46,16.855],[77.458,16.879],[77.452,16.882],[77.453,16.909],[77.468,16.917],[77.464,16.953],[77.479,16.968],[77.478,16.99],[77.483,16.999],[77.499,17.007],[77.492,17.022],[77.492,17.039],[77.478,17.061],[77.477,17.076],[77.46,17.093],[77.463,17.104],[77.439,17.115],[77.424,17.114],[77.404,17.123],[77.399,17.132],[77.376,17.138],[77.375,17.149],[77.367,17.151],[77.36,17.162],[77.365,17.165],[77.371,17.19],[77.391,17.192],[77.393,17.207],[77.399,17.209],[77.385,17.213],[77.38,17.22],[77.405,17.237],[77.415,17.23],[77.423,17.253],[77.455,17.276],[77.453,17.287],[77.434,17.288],[77.45,17.315],[77.455,17.338],[77.456,17.345],[77.45,17.35],[77.452,17.37],[77.479,17.37],[77.472,17.363],[77.474,17.359],[77.499,17.354],[77.521,17.362],[77.528,17.372],[77.53,17.378],[77.521,17.386],[77.536,17.404],[77.511,17.413],[77.51,17.427],[77.533,17.441],[77.573,17.43],[77.573,17.454],[77.596,17.443],[77.611,17.444],[77.611,17.47],[77.64,17.476],[77.644,17.495],[77.653,17.503],[77.648,17.481],[77.684,17.473],[77.686,17.506],[77.666,17.51],[77.657,17.521],[77.621,17.522],[77.617,17.529],[77.592,17.533],[77.59,17.563],[77.548,17.549],[77.537,17.571],[77.527,17.573],[77.502,17.541],[77.49,17.566],[77.474,17.565],[77.461,17.577],[77.44,17.581],[77.441,17.604],[77.447,17.607],[77.453,17.631],[77.445,17.648],[77.45,17.691],[77.472,17.704],[77.484,17.704],[77.494,17.716],[77.505,17.715],[77.528,17.727],[77.539,17.725],[77.562,17.747],[77.566,17.764],[77.554,17.761],[77.523,17.78],[77.504,17.783],[77.511,17.801],[77.526,17.812],[77.526,17.827],[77.544,17.826],[77.545,17.817],[77.55,17.818],[77.573,17.873],[77.581,17.876],[77.597,17.87],[77.598,17.877],[77.583,17.898],[77.585,17.908],[77.617,17.903],[77.617,17.938],[77.629,17.949],[77.624,17.958],[77.63,17.963],[77.632,17.954],[77.644,17.946],[77.644,17.963],[77.653,17.969],[77.644,17.973],[77.649,17.978],[77.646,17.993],[77.638,17.997],[77.629,17.993],[77.607,18.018],[77.592,18.01],[77.585,18.025],[77.553,18.035],[77.552,18.047],[77.546,18.054],[77.547,18.064],[77.557,18.062],[77.567,18.076],[77.597,18.084],[77.601,18.099],[77.594,18.128],[77.598,18.152],[77.579,18.162],[77.57,18.189],[77.564,18.19],[77.564,18.201],[77.574,18.2],[77.585,18.217],[77.573,18.241],[77.603,18.278],[77.571,18.29],[77.561,18.283],[77.55,18.291]]]]},"properties":{"ID_0":105,"ISO":"IND","NAME_0":"India","ID_1":17,"NAME_1":"Karnataka"}},
{"type":"Feature","geometry":{"type":"MultiPolygon","coordinates":[[[[76.467,9.541],[76.466,9.53],[76.479,9.53],[76.479,9.537],[76.467,9.541]]],[[[76.404,9.542],[76.382,9.534],[76.383,9.528],[76.405,9.528],[76.404,9.542]]],[[[76.435,9.552],[76.406,9.542],[76.406,9.528],[76.434,9.528],[76.435,9.552]]],[[[76.437,9.552],[76.435,9.528],[76.464,9.53],[76.465,9.542],[76.437,9.552]]],[[[76.414,9.563],[76.382,9.543],[76.383,9.535],[76.426,9.55],[76.414,9.563]]],[[[76.324,9.826],[76.325,9.807],[76.329,9.818],[76.324,9.826]]],[[[76.35,9.875],[76.348,9.861],[76.353,9.854],[76.349,9.838],[76.36,9.831],[76.372,9.831],[76.366,9.855],[76.357,9.86],[76.35,9.875]]],[[[76.308,9.922],[76.305,9.92],[76.304,9.903],[76.31,9.888],[76.317,9.887],[76.315,9.897],[76.317,9.903],[76.308,9.922]]],[[[76.261,9.971],[76.258,9.968],[76.265,9.962],[76.267,9.939],[76.294,9.926],[76.275,9.966],[76.261,9.971]]],[[[76.242,10.014],[76.25,9.976],[76.26,9.981],[76.259,9.99],[76.253,10.006],[76.242,10.014]]],[[[76.266,10.031],[76.258,10.024],[76.263,10.018],[76.266,10.031]]],[[[76.24,10.102],[76.24,10.092],[76.243,10.097],[76.248,10.091],[76.247,10.097],[76.24,10.102]]],[[[75.298,12.017],[75.288,12.014],[75.295,12.013],[75.298,12.017]]],[[[75.158,12.109],[75.182,12.05],[75.165,12.102],[75.158,12.109]]],[[[75.163,12.115],[75.16,12.112],[75.169,12.096],[75.171,12.11],[75.163,12.115]]],[[[75.154,12.143],[75.15,12.14],[75.158,12.121],[75.162,12.134],[75.154,12.143]]],[[[75.135,12.186],[75.15,12.147],[75.152,12.16],[75.135,12.186]]],[[[75.127,12.205],[75.123,12.192],[75.157,12.11],[75.127,12.205]]],[[[75.321,12.491],[75.304,12.498],[75.305,12.517],[75.281,12.518],[75.271,12.554],[75.277,12.564],[75.287,12.565],[75.291,12.575],[75.316,12.569],[75.328,12.577],[75.328,12.585],[75.308,12.588],[75.301,12.599],[75.291,12.597],[75.289,12.605],[75.277,12.612],[75.268,12.606],[75.249,12.575],[75.239,12.573],[75.236,12.562],[75.223,12.563],[75.211,12.584],[75.203,12.581],[75.21,12.597],[75.199,12.606],[75.201,12.625],[75.183,12.627],[75.17,12.617],[75.159,12.617],[75.143,12.633],[75.141,12.638],[75.15,12.642],[75.161,12.664],[75.151,12.669],[75.151,12.676],[75.132,12.671],[75.113,12.676],[75.104,12.692],[75.086,12.698],[75.082,12.693],[75.087,12.676],[75.083,12.666],[75.075,12.665],[75.07,12.658],[75.048,12.66],[75.043,12.671],[75.045,12.687],[75.057,12.687],[75.05,12.715],[75.038,12.719],[75.019,12.715],[75.014,12.708],[75.007,12.709],[75.003,12.714],[75.012,12.723],[74.993,12.733],[74.985,12.73],[74.986,12.738],[74.992,12.738],[75.009,12.76],[75.005,12.785],[75,12.783],[74.989,12.791],[74.993,12.784],[74.982,12.775],[74.971,12.773],[74.954,12.779],[74.908,12.763],[74.886,12.749],[74.876,12.755],[74.867,12.754],[74.884,12.71],[74.893,12.708],[74.893,12.703],[74.887,12.706],[74.927,12.613],[74.932,12.613],[74.94,12.595],[74.941,12.589],[74.932,12.604],[74.955,12.549],[74.955,12.554],[74.958,12.551],[74.973,12.499],[74.998,12.45],[75.005,12.445],[75.015,12.417],[75.022,12.412],[75.03,12.392],[75.04,12.388],[75.063,12.341],[75.057,12.362],[75.118,12.206],[75.122,12.204],[75.122,12.214],[75.129,12.212],[75.136,12.187],[75.142,12.184],[75.153,12.161],[75.155,12.147],[75.163,12.136],[75.161,12.119],[75.171,12.115],[75.173,12.101],[75.178,12.1],[75.182,12.095],[75.189,12.096],[75.192,12.101],[75.192,12.118],[75.187,12.13],[75.192,12.133],[75.189,12.128],[75.197,12.117],[75.192,12.112],[75.193,12.101],[75.191,12.099],[75.191,12.097],[75.186,12.093],[75.18,12.095],[75.177,12.099],[75.175,12.095],[75.177,12.09],[75.173,12.086],[75.179,12.083],[75.189,12.091],[75.196,12.072],[75.207,12.075],[75.22,12.07],[75.215,12.067],[75.208,12.073],[75.195,12.07],[75.189,12.09],[75.178,12.079],[75.188,12.045],[75.182,12.048],[75.202,12.005],[75.217,12.01],[75.231,12.024],[75.225,12.032],[75.227,12.044],[75.224,12.054],[75.221,12.101],[75.237,12.11],[75.241,12.109],[75.247,12.104],[75.256,12.109],[75.266,12.104],[75.278,12.102],[75.284,12.115],[75.311,12.125],[75.31,12.132],[75.311,12.136],[75.321,12.144],[75.325,12.145],[75.346,12.139],[75.367,12.135],[75.372,12.146],[75.378,12.146],[75.389,12.146],[75.4,12.141],[75.402,12.134],[75.392,12.126],[75.383,12.124],[75.382,12.129],[75.379,12.122],[75.369,12.121],[75.352,12.109],[75.336,12.099],[75.33,12.103],[75.328,12.107],[75.32,12.107],[75.309,12.103],[75.31,12.091],[75.315,12.088],[75.297,12.064],[75.301,12.058],[75.305,12.053],[75.312,12.049],[75.307,12.034],[75.316,12.048],[75.322,12.047],[75.327,12.038],[75.339,12.048],[75.328,12.036],[75.316,12.046],[75.312,12.033],[75.302,12.03],[75.306,12.019],[75.299,12.016],[75.333,12.01],[75.315,12.011],[75.316,12.004],[75.302,12.007],[75.299,12.003],[75.295,12.01],[75.292,12.005],[75.285,12.019],[75.268,12.023],[75.266,12.006],[75.28,11.995],[75.273,12.007],[75.279,12.002],[75.308,11.952],[75.313,11.95],[75.315,11.952],[75.304,11.971],[75.31,11.97],[75.318,11.951],[75.317,11.947],[75.335,11.943],[75.357,11.931],[75.374,11.957],[75.373,11.942],[75.378,11.939],[75.379,11.93],[75.39,11.929],[75.39,11.918],[75.4,11.918],[75.385,11.917],[75.385,11.926],[75.378,11.927],[75.372,11.94],[75.357,11.928],[75.303,11.947],[75.299,11.943],[75.319,11.916],[75.318,11.905],[75.332,11.897],[75.352,11.871],[75.355,11.86],[75.367,11.851],[75.379,11.859],[75.405,11.838],[75.454,11.778],[75.459,11.778],[75.461,11.785],[75.46,11.807],[75.463,11.785],[75.46,11.777],[75.455,11.777],[75.453,11.771],[75.46,11.765],[75.47,11.766],[75.481,11.779],[75.479,11.789],[75.487,11.792],[75.474,11.803],[75.488,11.796],[75.5,11.798],[75.5,11.793],[75.485,11.788],[75.487,11.776],[75.475,11.767],[75.488,11.767],[75.492,11.758],[75.507,11.765],[75.508,11.761],[75.493,11.756],[75.486,11.765],[75.472,11.764],[75.498,11.732],[75.508,11.732],[75.542,11.682],[75.588,11.569],[75.586,11.586],[75.595,11.571],[75.6,11.544],[75.591,11.569],[75.59,11.561],[75.618,11.489],[75.617,11.477],[75.627,11.473],[75.634,11.462],[75.646,11.468],[75.655,11.466],[75.683,11.448],[75.736,11.353],[75.734,11.334],[75.737,11.324],[75.748,11.318],[75.802,11.163],[75.809,11.166],[75.814,11.179],[75.829,11.181],[75.822,11.178],[75.812,11.162],[75.812,11.159],[75.818,11.162],[75.822,11.157],[75.827,11.162],[75.829,11.158],[75.822,11.156],[75.816,11.16],[75.811,11.157],[75.807,11.163],[75.802,11.158],[75.815,11.148],[75.825,11.125],[75.845,11.144],[75.858,11.138],[75.861,11.13],[75.848,11.143],[75.836,11.127],[75.825,11.123],[75.856,11.021],[75.861,11.019],[75.864,11.007],[75.865,11.013],[75.868,11.009],[75.867,11.005],[75.863,11.005],[75.858,11.018],[75.91,10.792],[76.036,10.51],[76.04,10.511],[76.031,10.527],[76.032,10.537],[76.048,10.535],[76.047,10.547],[76.036,10.568],[76.042,10.575],[76.047,10.568],[76.041,10.564],[76.05,10.547],[76.068,10.545],[76.063,10.536],[76.052,10.543],[76.053,10.532],[76.037,10.532],[76.034,10.526],[76.099,10.381],[76.16,10.188],[76.165,10.182],[76.165,10.188],[76.192,10.194],[76.177,10.183],[76.18,10.173],[76.193,10.164],[76.2,10.149],[76.204,10.152],[76.2,10.147],[76.203,10.139],[76.193,10.162],[76.178,10.174],[76.176,10.183],[76.168,10.182],[76.166,10.175],[76.224,9.977],[76.245,9.972],[76.237,9.997],[76.241,10.002],[76.235,10.01],[76.237,10.016],[76.23,10.017],[76.239,10.023],[76.233,10.03],[76.239,10.025],[76.239,10.03],[76.232,10.035],[76.232,10.047],[76.221,10.053],[76.22,10.068],[76.225,10.054],[76.23,10.06],[76.221,10.084],[76.219,10.073],[76.213,10.084],[76.215,10.093],[76.21,10.091],[76.212,10.104],[76.218,10.09],[76.202,10.132],[76.207,10.131],[76.206,10.147],[76.213,10.139],[76.207,10.135],[76.221,10.126],[76.224,10.103],[76.218,10.116],[76.216,10.113],[76.227,10.095],[76.227,10.102],[76.233,10.095],[76.229,10.096],[76.239,10.075],[76.243,10.076],[76.231,10.11],[76.235,10.111],[76.229,10.114],[76.226,10.127],[76.231,10.122],[76.23,10.114],[76.237,10.114],[76.252,10.093],[76.253,10.084],[76.259,10.091],[76.265,10.079],[76.265,10.073],[76.257,10.085],[76.261,10.07],[76.267,10.072],[76.267,10.067],[76.26,10.064],[76.257,10.068],[76.262,10.057],[76.257,10.046],[76.252,10.051],[76.258,10.051],[76.257,10.055],[76.251,10.052],[76.245,10.071],[76.24,10.071],[76.254,10.039],[76.255,10.048],[76.256,10.043],[76.266,10.037],[76.264,10.033],[76.257,10.039],[76.25,10.03],[76.268,9.983],[76.257,10.023],[76.26,10.034],[76.267,10.032],[76.277,9.999],[76.27,9.989],[76.303,9.926],[76.3,9.937],[76.304,9.936],[76.305,9.946],[76.312,9.948],[76.304,9.934],[76.318,9.902],[76.317,9.894],[76.322,9.892],[76.319,9.889],[76.335,9.884],[76.329,9.903],[76.336,9.895],[76.335,9.889],[76.343,9.885],[76.341,9.903],[76.336,9.903],[76.333,9.914],[76.324,9.914],[76.34,9.92],[76.344,9.91],[76.352,9.912],[76.356,9.908],[76.377,9.865],[76.38,9.853],[76.372,9.849],[76.372,9.842],[76.385,9.844],[76.38,9.841],[76.386,9.841],[76.383,9.829],[76.395,9.818],[76.381,9.827],[76.383,9.82],[76.39,9.817],[76.377,9.794],[76.374,9.798],[76.368,9.791],[76.391,9.742],[76.383,9.703],[76.396,9.702],[76.401,9.696],[76.407,9.7],[76.414,9.697],[76.413,9.684],[76.404,9.667],[76.419,9.658],[76.405,9.665],[76.403,9.647],[76.418,9.642],[76.421,9.65],[76.419,9.642],[76.421,9.645],[76.425,9.641],[76.42,9.642],[76.417,9.633],[76.43,9.611],[76.416,9.566],[76.427,9.555],[76.463,9.543],[76.467,9.559],[76.467,9.542],[76.48,9.538],[76.487,9.542],[76.502,9.531],[76.481,9.529],[76.48,9.511],[76.479,9.529],[76.443,9.528],[76.442,9.511],[76.434,9.527],[76.383,9.526],[76.383,9.507],[76.383,9.516],[76.375,9.523],[76.357,9.525],[76.353,9.54],[76.36,9.576],[76.368,9.583],[76.364,9.597],[76.367,9.611],[76.381,9.633],[76.382,9.652],[76.392,9.66],[76.393,9.675],[76.399,9.674],[76.372,9.685],[76.361,9.7],[76.372,9.738],[76.369,9.774],[76.36,9.799],[76.371,9.82],[76.349,9.828],[76.342,9.837],[76.337,9.865],[76.331,9.872],[76.321,9.871],[76.318,9.844],[76.323,9.836],[76.323,9.828],[76.328,9.824],[76.33,9.829],[76.336,9.809],[76.33,9.802],[76.338,9.786],[76.337,9.769],[76.342,9.762],[76.342,9.756],[76.347,9.75],[76.348,9.712],[76.341,9.732],[76.342,9.751],[76.339,9.752],[76.34,9.753],[76.34,9.763],[76.336,9.766],[76.335,9.78],[76.327,9.788],[76.326,9.806],[76.322,9.808],[76.322,9.834],[76.317,9.845],[76.319,9.876],[76.296,9.89],[76.297,9.86],[76.303,9.847],[76.3,9.844],[76.299,9.85],[76.291,9.85],[76.294,9.838],[76.285,9.833],[76.283,9.85],[76.297,9.853],[76.288,9.898],[76.282,9.899],[76.28,9.888],[76.276,9.894],[76.282,9.874],[76.277,9.869],[76.274,9.874],[76.275,9.868],[76.27,9.866],[76.257,9.916],[76.265,9.897],[76.27,9.901],[76.267,9.912],[76.273,9.9],[76.287,9.902],[76.286,9.909],[76.292,9.908],[76.29,9.899],[76.297,9.893],[76.295,9.918],[76.265,9.935],[76.26,9.962],[76.253,9.97],[76.237,9.965],[76.263,9.87],[76.287,9.75],[76.302,9.573],[76.338,9.416],[76.461,9.14],[76.468,9.143],[76.461,9.159],[76.454,9.158],[76.458,9.163],[76.452,9.178],[76.44,9.19],[76.423,9.246],[76.432,9.23],[76.44,9.23],[76.442,9.2],[76.458,9.167],[76.467,9.158],[76.471,9.142],[76.478,9.148],[76.476,9.167],[76.48,9.171],[76.49,9.17],[76.48,9.165],[76.484,9.127],[76.477,9.133],[76.472,9.123],[76.467,9.131],[76.469,9.137],[76.463,9.134],[76.519,9.018],[76.535,8.933],[76.546,8.902],[76.565,8.88],[76.583,8.87],[76.568,8.88],[76.579,8.881],[76.593,8.874],[76.632,8.836],[76.675,8.779],[76.7,8.738],[76.96,8.422],[76.975,8.385],[76.99,8.373],[76.989,8.377],[76.995,8.376],[77.009,8.357],[77.028,8.349],[77.091,8.297],[77.105,8.302],[77.101,8.312],[77.122,8.323],[77.15,8.322],[77.16,8.313],[77.151,8.331],[77.155,8.351],[77.147,8.355],[77.136,8.346],[77.143,8.362],[77.135,8.379],[77.141,8.383],[77.149,8.375],[77.154,8.377],[77.18,8.409],[77.189,8.435],[77.21,8.438],[77.209,8.451],[77.199,8.46],[77.186,8.493],[77.199,8.504],[77.206,8.504],[77.223,8.488],[77.248,8.501],[77.265,8.537],[77.252,8.571],[77.228,8.598],[77.228,8.613],[77.219,8.618],[77.19,8.655],[77.188,8.684],[77.179,8.7],[77.162,8.715],[77.155,8.738],[77.157,8.741],[77.163,8.735],[77.177,8.735],[77.184,8.748],[77.183,8.761],[77.198,8.758],[77.202,8.761],[77.198,8.769],[77.215,8.776],[77.217,8.797],[77.227,8.801],[77.247,8.832],[77.242,8.865],[77.227,8.872],[77.221,8.888],[77.206,8.893],[77.202,8.907],[77.207,8.914],[77.205,8.917],[77.194,8.922],[77.185,8.91],[77.18,8.916],[77.18,8.947],[77.175,8.957],[77.163,8.962],[77.158,8.978],[77.147,8.987],[77.143,8.998],[77.134,9],[77.132,9.012],[77.147,9.022],[77.145,9.027],[77.154,9.037],[77.182,9.037],[77.18,9.045],[77.193,9.065],[77.19,9.075],[77.196,9.088],[77.209,9.098],[77.212,9.106],[77.23,9.115],[77.252,9.143],[77.248,9.176],[77.237,9.179],[77.24,9.19],[77.25,9.19],[77.267,9.209],[77.259,9.224],[77.268,9.262],[77.274,9.263],[77.267,9.291],[77.284,9.301],[77.284,9.327],[77.311,9.328],[77.31,9.335],[77.323,9.359],[77.32,9.376],[77.326,9.379],[77.328,9.39],[77.322,9.406],[77.335,9.424],[77.334,9.431],[77.352,9.45],[77.364,9.443],[77.379,9.451],[77.377,9.459],[77.387,9.467],[77.386,9.486],[77.396,9.497],[77.395,9.504],[77.386,9.507],[77.387,9.517],[77.371,9.509],[77.351,9.526],[77.349,9.546],[77.338,9.55],[77.336,9.557],[77.345,9.567],[77.343,9.585],[77.351,9.588],[77.341,9.595],[77.325,9.563],[77.311,9.57],[77.315,9.589],[77.304,9.593],[77.275,9.581],[77.275,9.577],[77.255,9.565],[77.23,9.576],[77.223,9.573],[77.197,9.596],[77.196,9.604],[77.186,9.606],[77.175,9.597],[77.152,9.606],[77.162,9.62],[77.166,9.648],[77.18,9.66],[77.192,9.686],[77.19,9.716],[77.208,9.722],[77.206,9.737],[77.219,9.76],[77.211,9.766],[77.21,9.78],[77.234,9.789],[77.227,9.806],[77.209,9.815],[77.214,9.839],[77.224,9.843],[77.224,9.849],[77.209,9.854],[77.199,9.866],[77.207,9.878],[77.204,9.894],[77.217,9.906],[77.235,9.943],[77.25,9.943],[77.261,9.964],[77.25,9.973],[77.251,9.981],[77.245,9.986],[77.248,9.995],[77.241,10],[77.248,10.02],[77.218,10.057],[77.195,10.074],[77.188,10.096],[77.195,10.106],[77.203,10.104],[77.225,10.118],[77.253,10.111],[77.26,10.119],[77.257,10.136],[77.264,10.18],[77.27,10.197],[77.28,10.207],[77.27,10.224],[77.256,10.226],[77.247,10.221],[77.245,10.245],[77.251,10.254],[77.214,10.306],[77.222,10.34],[77.163,10.346],[77.108,10.307],[77.052,10.285],[77.053,10.28],[77.046,10.274],[77.034,10.272],[77.043,10.262],[77.039,10.248],[77.007,10.236],[76.971,10.209],[76.959,10.219],[76.939,10.221],[76.928,10.23],[76.905,10.225],[76.892,10.233],[76.885,10.255],[76.862,10.267],[76.864,10.29],[76.851,10.283],[76.841,10.284],[76.839,10.278],[76.83,10.291],[76.82,10.295],[76.826,10.334],[76.839,10.36],[76.816,10.387],[76.823,10.394],[76.821,10.403],[76.815,10.402],[76.807,10.415],[76.817,10.438],[76.82,10.491],[76.831,10.525],[76.825,10.538],[76.83,10.553],[76.825,10.562],[76.83,10.585],[76.809,10.594],[76.805,10.626],[76.852,10.624],[76.873,10.629],[76.87,10.664],[76.856,10.675],[76.875,10.707],[76.884,10.707],[76.88,10.726],[76.898,10.771],[76.888,10.8],[76.86,10.8],[76.853,10.809],[76.84,10.808],[76.837,10.816],[76.845,10.827],[76.818,10.862],[76.785,10.871],[76.773,10.882],[76.744,10.885],[76.733,10.881],[76.7,10.901],[76.675,10.906],[76.649,10.924],[76.647,10.929],[76.657,10.939],[76.66,10.96],[76.678,10.98],[76.68,10.999],[76.69,11.017],[76.707,11.031],[76.757,11.025],[76.782,11.029],[76.792,11.042],[76.79,11.05],[76.775,11.034],[76.767,11.032],[76.751,11.047],[76.737,11.048],[76.734,11.064],[76.748,11.075],[76.746,11.084],[76.739,11.084],[76.734,11.093],[76.741,11.11],[76.739,11.121],[76.735,11.125],[76.722,11.123],[76.71,11.14],[76.703,11.142],[76.704,11.132],[76.697,11.133],[76.691,11.145],[76.686,11.158],[76.689,11.165],[76.706,11.18],[76.714,11.178],[76.721,11.185],[76.718,11.198],[76.726,11.209],[76.697,11.231],[76.679,11.227],[76.678,11.219],[76.668,11.211],[76.623,11.186],[76.593,11.197],[76.521,11.19],[76.506,11.202],[76.488,11.203],[76.466,11.199],[76.467,11.186],[76.453,11.18],[76.438,11.195],[76.443,11.2],[76.446,11.23],[76.514,11.262],[76.522,11.281],[76.54,11.292],[76.53,11.296],[76.529,11.303],[76.54,11.321],[76.538,11.352],[76.509,11.347],[76.51,11.361],[76.448,11.381],[76.408,11.415],[76.41,11.434],[76.391,11.428],[76.361,11.448],[76.334,11.459],[76.321,11.445],[76.298,11.459],[76.289,11.456],[76.284,11.462],[76.288,11.466],[76.278,11.475],[76.266,11.469],[76.258,11.473],[76.24,11.46],[76.245,11.494],[76.233,11.519],[76.243,11.524],[76.242,11.529],[76.226,11.564],[76.271,11.593],[76.278,11.584],[76.291,11.581],[76.294,11.565],[76.298,11.564],[76.329,11.589],[76.336,11.578],[76.35,11.583],[76.371,11.593],[76.38,11.622],[76.425,11.623],[76.436,11.638],[76.423,11.659],[76.41,11.665],[76.402,11.683],[76.403,11.699],[76.396,11.701],[76.403,11.707],[76.409,11.704],[76.419,11.717],[76.412,11.734],[76.406,11.733],[76.411,11.746],[76.408,11.753],[76.372,11.736],[76.356,11.74],[76.346,11.731],[76.335,11.731],[76.311,11.744],[76.3,11.776],[76.284,11.785],[76.272,11.804],[76.244,11.795],[76.219,11.8],[76.206,11.82],[76.201,11.854],[76.184,11.864],[76.149,11.861],[76.117,11.843],[76.108,11.851],[76.108,11.971],[76.091,11.962],[76.073,11.961],[76.03,11.933],[76.004,11.932],[75.998,11.924],[75.948,11.934],[75.931,11.931],[75.883,11.939],[75.866,11.946],[75.851,11.957],[75.844,11.97],[75.827,11.978],[75.827,12.006],[75.8,12.03],[75.793,12.048],[75.8,12.071],[75.752,12.077],[75.717,12.062],[75.714,12.069],[75.717,12.078],[75.707,12.083],[75.7,12.088],[75.702,12.1],[75.692,12.103],[75.684,12.102],[75.673,12.091],[75.662,12.091],[75.648,12.106],[75.643,12.131],[75.637,12.14],[75.629,12.142],[75.627,12.145],[75.608,12.149],[75.595,12.145],[75.591,12.143],[75.583,12.15],[75.577,12.151],[75.57,12.165],[75.564,12.167],[75.552,12.176],[75.551,12.184],[75.544,12.192],[75.54,12.192],[75.533,12.199],[75.538,12.207],[75.525,12.22],[75.523,12.229],[75.52,12.233],[75.519,12.236],[75.513,12.249],[75.511,12.253],[75.504,12.263],[75.494,12.265],[75.493,12.267],[75.483,12.286],[75.467,12.295],[75.458,12.289],[75.441,12.29],[75.431,12.292],[75.419,12.286],[75.43,12.3],[75.423,12.308],[75.411,12.338],[75.414,12.344],[75.421,12.362],[75.419,12.37],[75.411,12.375],[75.403,12.373],[75.401,12.376],[75.394,12.38],[75.379,12.387],[75.366,12.407],[75.369,12.446],[75.367,12.452],[75.386,12.451],[75.392,12.445],[75.403,12.448],[75.415,12.454],[75.424,12.466],[75.414,12.497],[75.404,12.49],[75.397,12.498],[75.387,12.492],[75.381,12.491],[75.377,12.486],[75.372,12.486],[75.37,12.483],[75.371,12.481],[75.373,12.477],[75.372,12.469],[75.359,12.46],[75.341,12.456],[75.337,12.458],[75.341,12.465],[75.336,12.485],[75.335,12.49],[75.321,12.491]]]]},"properties":{"ID_0":105,"ISO":"IND","NAME_0":"India","ID_1":18,"NAME_1":"Kerala"}},
{"type":"Feature","geometry":{"type":"MultiPolygon","coordinates":[[[[73.081,8.328],[73.073,8.319],[73.056,8.283],[73.041,8.274],[73.024,8.273],[73.018,8.278],[73.019,8.272],[73.049,8.267],[73.067,8.286],[73.069,8.308],[73.081,8.328]]],[[[73.652,10.104],[73.645,10.078],[73.641,10.071],[73.635,10.072],[73.642,10.057],[73.648,10.061],[73.652,10.104]]],[[[72.328,10.137],[72.326,10.127],[72.332,10.125],[72.328,10.137]]],[[[73.661,10.156],[73.662,10.13],[73.665,10.142],[73.661,10.156]]],[[[72.642,10.577],[72.615,10.541],[72.649,10.562],[72.649,10.572],[72.642,10.577]]],[[[73.678,10.822],[73.662,10.818],[73.662,10.808],[73.673,10.805],[73.703,10.815],[73.677,10.818],[73.678,10.822]]],[[[72.173,10.82],[72.207,10.877],[72.194,10.871],[72.189,10.849],[72.173,10.82]]],[[[72.291,10.946],[72.286,10.945],[72.284,10.935],[72.291,10.936],[72.291,10.946]]],[[[72.327,10.953],[72.315,10.948],[72.313,10.943],[72.327,10.953]]],[[[72.732,11.136],[72.716,11.125],[72.72,11.111],[72.733,11.128],[72.732,11.136]]],[[[72.79,11.26],[72.778,11.241],[72.761,11.18],[72.79,11.26]]],[[[73,11.498],[72.997,11.495],[73.008,11.468],[73.012,11.472],[73.009,11.487],[73,11.498]]],[[[72.714,11.706],[72.705,11.681],[72.717,11.692],[72.714,11.706]]]]},"properties":{"ID_0":105,"ISO":"IND","NAME_0":"India","ID_1":19,"NAME_1":"Lakshadweep"}},
{"type":"Feature","geometry":{"type":"Polygon","coordinates":[[[82.808,23.963],[82.799,23.971],[82.801,24.001],[82.797,24.005],[82.752,24.008],[82.742,24.021],[82.74,24.031],[82.756,24.044],[82.766,24.078],[82.761,24.08],[82.755,24.073],[82.748,24.081],[82.741,24.075],[82.726,24.083],[82.708,24.081],[82.701,24.097],[82.664,24.124],[82.657,24.135],[82.671,24.158],[82.679,24.157],[82.688,24.144],[82.72,24.139],[82.723,24.157],[82.736,24.168],[82.727,24.223],[82.75,24.236],[82.751,24.268],[82.764,24.292],[82.761,24.373],[82.754,24.38],[82.747,24.373],[82.718,24.371],[82.707,24.385],[82.72,24.43],[82.726,24.426],[82.733,24.433],[82.727,24.434],[82.725,24.445],[82.731,24.47],[82.724,24.476],[82.734,24.487],[82.737,24.5],[82.716,24.513],[82.713,24.556],[82.734,24.552],[82.741,24.555],[82.746,24.542],[82.801,24.553],[82.796,24.6],[82.76,24.6],[82.768,24.611],[82.763,24.646],[82.695,24.644],[82.696,24.676],[82.666,24.7],[82.658,24.7],[82.636,24.688],[82.588,24.674],[82.574,24.663],[82.529,24.652],[82.518,24.678],[82.487,24.676],[82.477,24.684],[82.449,24.678],[82.445,24.68],[82.448,24.691],[82.432,24.706],[82.42,24.705],[82.402,24.684],[82.412,24.658],[82.404,24.636],[82.406,24.618],[82.415,24.606],[82.409,24.598],[82.361,24.602],[82.351,24.608],[82.346,24.619],[82.33,24.624],[82.309,24.613],[82.294,24.614],[82.298,24.657],[82.292,24.665],[82.296,24.67],[82.285,24.67],[82.279,24.681],[82.263,24.686],[82.258,24.682],[82.267,24.678],[82.253,24.666],[82.248,24.676],[82.236,24.676],[82.235,24.666],[82.23,24.67],[82.229,24.691],[82.243,24.702],[82.241,24.738],[82.25,24.756],[82.244,24.776],[82.238,24.754],[82.221,24.767],[82.223,24.752],[82.209,24.76],[82.199,24.752],[82.213,24.744],[82.214,24.729],[82.203,24.741],[82.189,24.744],[82.173,24.74],[82.191,24.753],[82.196,24.764],[82.189,24.782],[82.209,24.781],[82.205,24.786],[82.209,24.798],[82.189,24.798],[82.179,24.805],[82.196,24.825],[82.163,24.805],[82.173,24.801],[82.159,24.792],[82.132,24.804],[82.126,24.794],[82.112,24.792],[82.105,24.806],[82.082,24.822],[82.037,24.833],[82.024,24.845],[82.005,24.851],[81.968,24.844],[81.959,24.831],[81.927,24.861],[81.928,24.873],[81.903,24.884],[81.896,24.893],[81.912,24.931],[81.904,24.942],[81.898,24.975],[81.902,24.983],[81.895,24.987],[81.898,25.01],[81.889,25.013],[81.894,25.003],[81.886,24.993],[81.881,24.999],[81.846,25.007],[81.829,25.019],[81.789,25.01],[81.738,25.039],[81.732,25.049],[81.716,25.053],[81.713,25.04],[81.705,25.038],[81.682,25.044],[81.683,25.057],[81.676,25.066],[81.662,25.065],[81.659,25.08],[81.622,25.057],[81.604,25.061],[81.603,25.064],[81.61,25.065],[81.594,25.08],[81.609,25.085],[81.615,25.094],[81.632,25.103],[81.623,25.111],[81.625,25.12],[81.617,25.123],[81.601,25.1],[81.602,25.118],[81.591,25.123],[81.592,25.136],[81.61,25.147],[81.615,25.144],[81.619,25.16],[81.61,25.174],[81.605,25.166],[81.582,25.168],[81.588,25.184],[81.577,25.191],[81.566,25.196],[81.549,25.187],[81.508,25.185],[81.508,25.176],[81.53,25.163],[81.519,25.152],[81.525,25.144],[81.495,25.152],[81.49,25.134],[81.477,25.138],[81.472,25.135],[81.482,25.117],[81.508,25.107],[81.494,25.102],[81.495,25.082],[81.486,25.084],[81.484,25.075],[81.458,25.087],[81.459,25.093],[81.401,25.108],[81.407,25.112],[81.438,25.11],[81.43,25.134],[81.4,25.134],[81.406,25.123],[81.391,25.123],[81.387,25.134],[81.365,25.138],[81.366,25.144],[81.349,25.167],[81.336,25.166],[81.33,25.172],[81.313,25.164],[81.311,25.149],[81.323,25.118],[81.315,25.116],[81.304,25.145],[81.306,25.166],[81.269,25.168],[81.275,25.153],[81.261,25.144],[81.258,25.117],[81.246,25.106],[81.259,25.087],[81.253,25.079],[81.262,25.068],[81.231,25.018],[81.217,25.004],[81.205,25.003],[81.202,24.996],[81.213,24.982],[81.2,24.967],[81.206,24.958],[81.206,24.939],[81.213,24.935],[81.199,24.927],[81.184,24.929],[81.199,24.935],[81.177,24.955],[81.161,24.959],[81.152,24.916],[81.14,24.916],[81.132,24.892],[81.09,24.924],[81.076,24.952],[81.027,24.955],[81.02,24.952],[81.019,24.945],[81.01,24.954],[81.013,24.944],[81.021,24.938],[81.017,24.932],[81.009,24.932],[81,24.94],[80.981,24.93],[80.979,24.938],[80.972,24.94],[80.955,24.926],[80.951,24.927],[80.952,24.943],[80.944,24.951],[80.945,24.968],[80.937,24.972],[80.897,24.957],[80.893,24.95],[80.9,24.94],[80.885,24.949],[80.875,24.941],[80.835,24.935],[80.802,24.944],[80.803,24.957],[80.792,24.964],[80.79,24.972],[80.819,24.974],[80.825,24.986],[80.836,24.986],[80.848,24.998],[80.85,25.003],[80.827,25.039],[80.835,25.04],[80.841,25.051],[80.871,25.071],[80.875,25.08],[80.864,25.088],[80.873,25.103],[80.865,25.124],[80.875,25.144],[80.888,25.141],[80.905,25.16],[80.906,25.164],[80.886,25.177],[80.878,25.196],[80.864,25.188],[80.836,25.193],[80.842,25.171],[80.832,25.141],[80.838,25.128],[80.828,25.11],[80.819,25.131],[80.81,25.131],[80.808,25.141],[80.8,25.146],[80.782,25.137],[80.774,25.147],[80.738,25.135],[80.723,25.149],[80.711,25.138],[80.7,25.137],[80.701,25.128],[80.717,25.129],[80.725,25.123],[80.719,25.104],[80.725,25.098],[80.746,25.099],[80.751,25.091],[80.776,25.084],[80.781,25.07],[80.776,25.062],[80.734,25.062],[80.727,25.072],[80.674,25.054],[80.672,25.067],[80.679,25.082],[80.668,25.087],[80.656,25.074],[80.651,25.088],[80.635,25.098],[80.62,25.09],[80.601,25.104],[80.613,25.107],[80.619,25.12],[80.632,25.123],[80.625,25.138],[80.608,25.133],[80.606,25.149],[80.595,25.155],[80.591,25.132],[80.601,25.123],[80.591,25.118],[80.588,25.109],[80.607,25.072],[80.588,25.086],[80.568,25.085],[80.562,25.091],[80.56,25.075],[80.543,25.068],[80.519,25.082],[80.51,25.101],[80.495,25.105],[80.476,25.102],[80.478,25.096],[80.5,25.09],[80.491,25.078],[80.502,25.067],[80.493,25.054],[80.494,25.045],[80.47,25.045],[80.46,25.07],[80.456,25.074],[80.446,25.066],[80.442,25.076],[80.445,25.08],[80.441,25.082],[80.425,25.072],[80.41,25.077],[80.405,25.061],[80.394,25.072],[80.379,25.056],[80.366,25.058],[80.364,25.048],[80.38,25.042],[80.372,25.033],[80.389,25.015],[80.382,25.01],[80.373,25.008],[80.368,25.025],[80.359,25.026],[80.348,25.016],[80.338,25.021],[80.329,25.005],[80.317,25.003],[80.289,25.021],[80.278,25.022],[80.267,25.03],[80.278,25.044],[80.282,25.063],[80.311,25.082],[80.313,25.101],[80.344,25.125],[80.351,25.145],[80.387,25.163],[80.415,25.165],[80.424,25.174],[80.402,25.221],[80.399,25.243],[80.391,25.246],[80.378,25.238],[80.358,25.251],[80.341,25.279],[80.312,25.282],[80.304,25.289],[80.312,25.334],[80.303,25.358],[80.313,25.372],[80.311,25.387],[80.274,25.425],[80.256,25.429],[80.245,25.405],[80.23,25.411],[80.211,25.404],[80.194,25.416],[80.188,25.384],[80.159,25.378],[80.159,25.366],[80.137,25.356],[80.123,25.338],[80.083,25.356],[80.07,25.343],[80.021,25.343],[80.01,25.325],[80.013,25.302],[79.991,25.283],[79.997,25.269],[79.949,25.265],[79.943,25.272],[79.933,25.263],[79.933,25.25],[79.921,25.251],[79.913,25.233],[79.902,25.257],[79.894,25.246],[79.872,25.254],[79.861,25.243],[79.847,25.24],[79.847,25.232],[79.863,25.219],[79.852,25.203],[79.863,25.177],[79.861,25.156],[79.872,25.15],[79.848,25.133],[79.843,25.116],[79.856,25.099],[79.831,25.098],[79.819,25.11],[79.769,25.125],[79.746,25.144],[79.718,25.134],[79.677,25.137],[79.666,25.127],[79.638,25.131],[79.62,25.143],[79.598,25.131],[79.603,25.155],[79.59,25.147],[79.574,25.159],[79.566,25.178],[79.55,25.169],[79.527,25.143],[79.529,25.137],[79.514,25.126],[79.517,25.102],[79.5,25.099],[79.49,25.083],[79.472,25.087],[79.461,25.096],[79.468,25.134],[79.445,25.113],[79.431,25.108],[79.435,25.127],[79.431,25.135],[79.415,25.139],[79.415,25.123],[79.399,25.113],[79.389,25.121],[79.38,25.149],[79.384,25.17],[79.404,25.19],[79.41,25.209],[79.432,25.203],[79.443,25.213],[79.442,25.221],[79.427,25.225],[79.439,25.248],[79.448,25.251],[79.459,25.269],[79.484,25.265],[79.49,25.27],[79.476,25.273],[79.473,25.282],[79.457,25.284],[79.452,25.274],[79.431,25.26],[79.415,25.259],[79.401,25.262],[79.402,25.279],[79.389,25.286],[79.384,25.284],[79.367,25.294],[79.366,25.268],[79.353,25.265],[79.35,25.288],[79.331,25.294],[79.342,25.305],[79.334,25.317],[79.346,25.333],[79.295,25.34],[79.291,25.329],[79.278,25.328],[79.26,25.31],[79.256,25.292],[79.259,25.271],[79.271,25.267],[79.286,25.281],[79.288,25.29],[79.31,25.262],[79.319,25.263],[79.332,25.276],[79.34,25.273],[79.345,25.264],[79.341,25.23],[79.329,25.23],[79.347,25.214],[79.333,25.201],[79.325,25.222],[79.311,25.219],[79.293,25.24],[79.274,25.248],[79.281,25.227],[79.279,25.197],[79.302,25.175],[79.315,25.152],[79.303,25.133],[79.282,25.134],[79.277,25.12],[79.27,25.126],[79.26,25.122],[79.255,25.13],[79.262,25.141],[79.259,25.153],[79.251,25.161],[79.236,25.161],[79.214,25.148],[79.225,25.14],[79.244,25.141],[79.238,25.131],[79.238,25.116],[79.223,25.123],[79.206,25.114],[79.207,25.124],[79.196,25.132],[79.197,25.143],[79.185,25.151],[79.167,25.142],[79.169,25.132],[79.18,25.129],[79.179,25.118],[79.157,25.112],[79.138,25.118],[79.129,25.111],[79.115,25.118],[79.125,25.129],[79.108,25.144],[79.12,25.164],[79.091,25.176],[79.084,25.193],[79.064,25.172],[79.058,25.151],[79.043,25.138],[79.022,25.143],[79.036,25.174],[79.025,25.187],[79.043,25.21],[79.055,25.217],[79.056,25.226],[79.026,25.235],[79.029,25.249],[79.012,25.248],[79.016,25.265],[79.005,25.277],[78.987,25.275],[78.971,25.245],[78.995,25.234],[78.993,25.222],[79,25.216],[78.996,25.196],[78.982,25.199],[78.964,25.219],[78.948,25.22],[78.924,25.211],[78.893,25.173],[78.877,25.162],[78.872,25.166],[78.867,25.19],[78.882,25.211],[78.867,25.233],[78.876,25.256],[78.892,25.245],[78.909,25.274],[78.918,25.275],[78.941,25.263],[78.948,25.266],[78.944,25.28],[78.948,25.284],[78.97,25.285],[78.953,25.312],[78.953,25.35],[78.928,25.332],[78.919,25.346],[78.908,25.339],[78.885,25.347],[78.877,25.344],[78.876,25.334],[78.856,25.317],[78.867,25.311],[78.872,25.288],[78.862,25.283],[78.842,25.229],[78.806,25.271],[78.812,25.3],[78.804,25.302],[78.793,25.293],[78.783,25.298],[78.792,25.315],[78.815,25.311],[78.833,25.331],[78.844,25.332],[78.845,25.339],[78.836,25.347],[78.838,25.352],[78.875,25.388],[78.901,25.389],[78.915,25.4],[78.931,25.403],[78.949,25.4],[78.951,25.396],[78.931,25.377],[78.895,25.381],[78.892,25.375],[78.897,25.365],[78.929,25.352],[78.939,25.353],[78.948,25.37],[78.979,25.376],[78.968,25.397],[78.969,25.425],[78.96,25.439],[78.943,25.442],[78.929,25.428],[78.903,25.447],[78.927,25.466],[78.936,25.48],[78.935,25.494],[78.916,25.521],[78.92,25.527],[78.932,25.524],[78.942,25.531],[78.942,25.551],[78.931,25.56],[78.923,25.557],[78.917,25.541],[78.91,25.559],[78.874,25.557],[78.868,25.544],[78.878,25.533],[78.876,25.524],[78.834,25.516],[78.828,25.51],[78.827,25.504],[78.846,25.491],[78.857,25.467],[78.854,25.452],[78.834,25.432],[78.82,25.438],[78.814,25.446],[78.837,25.448],[78.846,25.454],[78.83,25.466],[78.79,25.484],[78.757,25.476],[78.744,25.485],[78.736,25.504],[78.732,25.501],[78.725,25.463],[78.748,25.448],[78.755,25.434],[78.765,25.43],[78.789,25.442],[78.813,25.43],[78.808,25.425],[78.756,25.419],[78.743,25.413],[78.742,25.399],[78.755,25.406],[78.76,25.402],[78.759,25.394],[78.753,25.39],[78.761,25.382],[78.764,25.358],[78.736,25.349],[78.714,25.353],[78.704,25.359],[78.709,25.379],[78.693,25.388],[78.687,25.381],[78.672,25.385],[78.674,25.391],[78.669,25.393],[78.658,25.388],[78.652,25.413],[78.657,25.42],[78.669,25.404],[78.701,25.429],[78.686,25.448],[78.675,25.438],[78.653,25.444],[78.645,25.438],[78.634,25.438],[78.637,25.414],[78.629,25.406],[78.619,25.407],[78.614,25.416],[78.603,25.417],[78.588,25.392],[78.561,25.396],[78.557,25.384],[78.57,25.385],[78.578,25.377],[78.576,25.352],[78.556,25.349],[78.535,25.364],[78.525,25.363],[78.532,25.335],[78.541,25.327],[78.525,25.307],[78.5,25.304],[78.492,25.324],[78.469,25.303],[78.467,25.293],[78.441,25.304],[78.43,25.297],[78.427,25.289],[78.436,25.273],[78.454,25.271],[78.497,25.294],[78.505,25.282],[78.521,25.288],[78.528,25.275],[78.557,25.269],[78.569,25.259],[78.561,25.227],[78.594,25.157],[78.597,25.098],[78.62,25.092],[78.642,25.061],[78.644,25.035],[78.636,25.021],[78.632,24.984],[78.622,24.965],[78.642,24.953],[78.641,24.94],[78.654,24.944],[78.668,24.902],[78.696,24.895],[78.703,24.884],[78.719,24.883],[78.734,24.871],[78.747,24.871],[78.764,24.861],[78.781,24.815],[78.78,24.807],[78.765,24.795],[78.763,24.767],[78.769,24.755],[78.772,24.704],[78.76,24.694],[78.755,24.674],[78.745,24.669],[78.74,24.66],[78.748,24.637],[78.749,24.605],[78.777,24.593],[78.794,24.598],[78.802,24.608],[78.831,24.609],[78.839,24.628],[78.852,24.621],[78.867,24.645],[78.873,24.647],[78.882,24.64],[78.913,24.581],[78.945,24.556],[78.94,24.534],[78.944,24.51],[78.966,24.497],[78.949,24.486],[78.931,24.485],[78.923,24.488],[78.924,24.499],[78.914,24.501],[78.901,24.488],[78.909,24.467],[78.931,24.46],[78.944,24.443],[78.982,24.447],[78.984,24.441],[78.987,24.423],[78.974,24.399],[78.967,24.354],[78.908,24.301],[78.912,24.277],[78.879,24.254],[78.879,24.223],[78.863,24.214],[78.839,24.215],[78.824,24.201],[78.814,24.21],[78.806,24.184],[78.792,24.18],[78.785,24.185],[78.776,24.21],[78.761,24.234],[78.766,24.251],[78.76,24.258],[78.757,24.26],[78.753,24.244],[78.746,24.239],[78.738,24.242],[78.732,24.254],[78.719,24.239],[78.699,24.234],[78.669,24.245],[78.654,24.274],[78.634,24.289],[78.622,24.286],[78.617,24.296],[78.623,24.31],[78.602,24.318],[78.594,24.339],[78.585,24.343],[78.578,24.357],[78.553,24.361],[78.505,24.394],[78.49,24.386],[78.475,24.367],[78.468,24.339],[78.44,24.326],[78.434,24.313],[78.435,24.298],[78.426,24.29],[78.411,24.288],[78.403,24.275],[78.38,24.276],[78.362,24.296],[78.342,24.305],[78.339,24.317],[78.326,24.33],[78.327,24.338],[78.363,24.378],[78.361,24.386],[78.345,24.392],[78.337,24.404],[78.318,24.41],[78.267,24.447],[78.26,24.46],[78.27,24.476],[78.263,24.483],[78.24,24.489],[78.24,24.51],[78.22,24.523],[78.217,24.532],[78.224,24.541],[78.255,24.552],[78.259,24.558],[78.27,24.615],[78.257,24.649],[78.268,24.667],[78.251,24.706],[78.22,24.747],[78.226,24.777],[78.209,24.813],[78.192,24.84],[78.165,24.848],[78.164,24.857],[78.165,24.882],[78.2,24.896],[78.214,24.916],[78.29,24.968],[78.31,24.991],[78.328,25],[78.338,25.027],[78.325,25.072],[78.328,25.089],[78.374,25.109],[78.395,25.131],[78.425,25.125],[78.443,25.129],[78.418,25.153],[78.421,25.158],[78.442,25.157],[78.446,25.169],[78.417,25.173],[78.404,25.189],[78.385,25.195],[78.384,25.206],[78.398,25.218],[78.375,25.226],[78.369,25.242],[78.355,25.246],[78.362,25.265],[78.345,25.283],[78.345,25.298],[78.308,25.311],[78.328,25.328],[78.331,25.337],[78.323,25.355],[78.296,25.365],[78.296,25.375],[78.3,25.384],[78.311,25.385],[78.33,25.401],[78.335,25.431],[78.348,25.455],[78.361,25.447],[78.377,25.448],[78.394,25.471],[78.407,25.479],[78.421,25.478],[78.419,25.491],[78.409,25.504],[78.41,25.519],[78.417,25.518],[78.409,25.533],[78.429,25.564],[78.437,25.564],[78.455,25.552],[78.462,25.567],[78.486,25.582],[78.542,25.565],[78.581,25.564],[78.609,25.589],[78.618,25.587],[78.623,25.571],[78.649,25.566],[78.677,25.594],[78.711,25.607],[78.741,25.604],[78.795,25.618],[78.805,25.625],[78.811,25.674],[78.789,25.7],[78.791,25.711],[78.752,25.727],[78.746,25.738],[78.747,25.749],[78.776,25.761],[78.78,25.775],[78.8,25.799],[78.821,25.799],[78.822,25.815],[78.8,25.813],[78.799,25.818],[78.811,25.83],[78.841,25.821],[78.841,25.805],[78.85,25.796],[78.862,25.799],[78.866,25.834],[78.853,25.844],[78.846,25.839],[78.847,25.861],[78.864,25.875],[78.883,25.87],[78.881,25.888],[78.887,25.899],[78.876,25.916],[78.894,25.926],[78.91,25.946],[78.924,25.953],[78.93,25.949],[78.925,25.965],[78.931,25.976],[78.924,25.981],[78.927,25.987],[78.936,25.985],[78.943,25.991],[78.95,26.02],[78.944,26.037],[78.968,26.059],[78.976,26.06],[78.982,26.074],[78.997,26.074],[79.003,26.082],[79.004,26.094],[78.99,26.096],[78.972,26.109],[78.969,26.123],[78.943,26.139],[78.965,26.156],[78.986,26.151],[79.001,26.155],[79.003,26.173],[78.992,26.177],[78.977,26.195],[78.992,26.204],[79.002,26.197],[79.015,26.197],[79.01,26.205],[79.021,26.209],[79.02,26.234],[79.041,26.229],[79.057,26.233],[79.056,26.24],[79.063,26.247],[79.037,26.267],[79.049,26.266],[79.053,26.28],[79.067,26.288],[79.078,26.287],[79.076,26.275],[79.084,26.272],[79.083,26.294],[79.094,26.312],[79.098,26.315],[79.109,26.309],[79.127,26.316],[79.116,26.335],[79.127,26.332],[79.125,26.338],[79.134,26.345],[79.123,26.345],[79.103,26.36],[79.1,26.355],[79.077,26.363],[79.079,26.373],[79.09,26.379],[79.081,26.406],[79.087,26.418],[79.101,26.412],[79.117,26.417],[79.127,26.445],[79.095,26.457],[79.089,26.451],[79.083,26.453],[79.081,26.444],[79.048,26.456],[79.047,26.461],[79.064,26.487],[79.061,26.503],[79.051,26.501],[79.039,26.516],[79.041,26.523],[79.031,26.525],[79.033,26.536],[79.02,26.541],[79.021,26.552],[79.008,26.548],[78.998,26.551],[78.998,26.556],[79.007,26.558],[78.998,26.564],[78.998,26.574],[78.991,26.582],[78.98,26.574],[78.978,26.592],[79.006,26.61],[79.003,26.627],[78.987,26.644],[79.001,26.674],[78.993,26.685],[78.974,26.683],[78.948,26.663],[78.938,26.663],[78.937,26.672],[78.95,26.692],[78.948,26.697],[78.904,26.713],[78.883,26.704],[78.865,26.705],[78.841,26.726],[78.811,26.765],[78.799,26.769],[78.766,26.765],[78.741,26.793],[78.723,26.779],[78.718,26.787],[78.721,26.798],[78.715,26.8],[78.677,26.792],[78.668,26.774],[78.659,26.769],[78.62,26.775],[78.602,26.756],[78.566,26.758],[78.516,26.785],[78.451,26.798],[78.426,26.832],[78.39,26.825],[78.365,26.869],[78.351,26.874],[78.282,26.864],[78.268,26.85],[78.261,26.821],[78.223,26.837],[78.21,26.836],[78.192,26.83],[78.168,26.832],[78.161,26.827],[78.179,26.801],[78.176,26.791],[78.146,26.792],[78.119,26.803],[78.1,26.797],[78.096,26.772],[78.116,26.755],[78.089,26.738],[78.086,26.683],[78.069,26.679],[78.049,26.69],[77.992,26.703],[77.969,26.677],[77.948,26.665],[77.904,26.666],[77.895,26.662],[77.889,26.633],[77.879,26.62],[77.842,26.615],[77.82,26.6],[77.825,26.573],[77.813,26.555],[77.798,26.55],[77.767,26.553],[77.744,26.545],[77.731,26.53],[77.727,26.515],[77.714,26.504],[77.695,26.501],[77.668,26.508],[77.627,26.483],[77.609,26.459],[77.551,26.441],[77.523,26.415],[77.475,26.415],[77.428,26.407],[77.426,26.396],[77.44,26.379],[77.432,26.365],[77.402,26.369],[77.383,26.362],[77.366,26.372],[77.335,26.357],[77.329,26.348],[77.318,26.346],[77.308,26.315],[77.29,26.296],[77.203,26.237],[77.185,26.237],[77.17,26.245],[77.158,26.239],[77.124,26.238],[77.114,26.231],[77.092,26.191],[77.035,26.182],[77.005,26.159],[76.994,26.138],[76.986,26.132],[76.939,26.106],[76.888,26.093],[76.87,26.056],[76.83,26.03],[76.84,26.011],[76.837,26.002],[76.82,25.989],[76.819,25.971],[76.806,25.953],[76.786,25.94],[76.756,25.942],[76.753,25.932],[76.762,25.922],[76.733,25.903],[76.715,25.901],[76.674,25.912],[76.646,25.909],[76.638,25.902],[76.627,25.871],[76.593,25.874],[76.529,25.798],[76.522,25.766],[76.531,25.734],[76.503,25.729],[76.482,25.718],[76.478,25.695],[76.511,25.673],[76.499,25.648],[76.515,25.634],[76.51,25.58],[76.522,25.55],[76.52,25.53],[76.556,25.48],[76.564,25.442],[76.589,25.431],[76.603,25.389],[76.625,25.375],[76.636,25.38],[76.644,25.376],[76.681,25.345],[76.703,25.348],[76.715,25.342],[76.74,25.348],[76.767,25.336],[76.76,25.323],[76.77,25.312],[76.843,25.331],[76.893,25.322],[76.929,25.297],[76.933,25.287],[76.929,25.279],[76.942,25.275],[76.953,25.279],[76.959,25.297],[77.024,25.301],[77.039,25.325],[77.058,25.322],[77.075,25.34],[77.116,25.335],[77.154,25.313],[77.205,25.311],[77.198,25.331],[77.211,25.334],[77.21,25.324],[77.215,25.325],[77.22,25.373],[77.26,25.399],[77.283,25.424],[77.305,25.436],[77.344,25.422],[77.354,25.424],[77.361,25.413],[77.344,25.388],[77.345,25.38],[77.356,25.368],[77.336,25.326],[77.349,25.324],[77.353,25.332],[77.364,25.333],[77.372,25.32],[77.373,25.294],[77.35,25.272],[77.363,25.25],[77.376,25.249],[77.392,25.231],[77.406,25.226],[77.418,25.193],[77.403,25.187],[77.391,25.188],[77.387,25.133],[77.399,25.113],[77.387,25.122],[77.368,25.114],[77.369,25.108],[77.357,25.102],[77.303,25.084],[77.262,25.119],[77.221,25.11],[77.197,25.117],[77.189,25.112],[77.17,25.114],[77.163,25.11],[77.165,25.099],[77.158,25.088],[77.14,25.091],[77.14,25.096],[77.128,25.089],[77.114,25.069],[77.09,25.066],[77.077,25.058],[76.994,25.08],[76.975,25.071],[76.969,25.056],[76.91,25.036],[76.882,25.034],[76.874,25.013],[76.854,25.01],[76.868,25.001],[76.867,24.965],[76.872,24.955],[76.893,24.935],[76.891,24.92],[76.907,24.923],[76.921,24.917],[76.925,24.91],[76.913,24.897],[76.914,24.888],[76.934,24.884],[76.949,24.873],[76.943,24.86],[76.927,24.85],[76.895,24.84],[76.832,24.84],[76.802,24.827],[76.802,24.82],[76.847,24.77],[76.847,24.75],[76.887,24.754],[76.909,24.747],[76.952,24.765],[76.963,24.76],[76.972,24.732],[76.992,24.717],[77.027,24.711],[77.059,24.642],[77.058,24.595],[77.065,24.57],[77.05,24.527],[77.032,24.529],[77.025,24.517],[77.024,24.501],[77.006,24.494],[77.002,24.478],[76.98,24.475],[76.975,24.465],[76.965,24.461],[76.941,24.467],[76.915,24.488],[76.919,24.53],[76.913,24.544],[76.9,24.548],[76.889,24.527],[76.88,24.525],[76.873,24.532],[76.874,24.543],[76.866,24.549],[76.846,24.551],[76.815,24.534],[76.835,24.494],[76.845,24.491],[76.851,24.469],[76.846,24.453],[76.838,24.451],[76.851,24.435],[76.846,24.419],[76.836,24.417],[76.848,24.396],[76.852,24.375],[76.837,24.361],[76.84,24.339],[76.859,24.312],[76.874,24.271],[76.916,24.232],[76.923,24.217],[76.944,24.206],[76.933,24.187],[76.916,24.189],[76.9,24.131],[76.886,24.132],[76.873,24.14],[76.856,24.139],[76.828,24.126],[76.815,24.127],[76.801,24.12],[76.791,24.126],[76.769,24.165],[76.759,24.166],[76.755,24.172],[76.729,24.171],[76.721,24.162],[76.701,24.171],[76.674,24.193],[76.688,24.232],[76.702,24.249],[76.693,24.285],[76.685,24.283],[76.679,24.271],[76.668,24.267],[76.647,24.272],[76.64,24.262],[76.616,24.263],[76.614,24.242],[76.588,24.25],[76.597,24.23],[76.571,24.213],[76.566,24.201],[76.577,24.191],[76.58,24.181],[76.555,24.168],[76.531,24.163],[76.523,24.163],[76.513,24.173],[76.505,24.205],[76.479,24.218],[76.47,24.231],[76.453,24.217],[76.424,24.227],[76.418,24.224],[76.423,24.214],[76.414,24.207],[76.4,24.223],[76.353,24.249],[76.327,24.254],[76.29,24.237],[76.283,24.216],[76.248,24.228],[76.223,24.223],[76.216,24.217],[76.206,24.233],[76.202,24.277],[76.195,24.285],[76.206,24.311],[76.185,24.332],[76.172,24.316],[76.169,24.296],[76.15,24.292],[76.143,24.285],[76.154,24.244],[76.147,24.228],[76.123,24.205],[76.121,24.196],[76.12,24.18],[76.129,24.175],[76.137,24.131],[76.129,24.119],[76.135,24.095],[76.123,24.092],[76.109,24.097],[76.085,24.082],[76.047,24.076],[76.033,24.064],[76.027,24.05],[76.002,24.035],[75.96,24.025],[75.96,23.997],[75.98,23.974],[75.981,23.943],[75.976,23.933],[75.948,23.922],[75.932,23.902],[75.921,23.904],[75.879,23.885],[75.861,23.896],[75.841,23.888],[75.837,23.881],[75.83,23.885],[75.803,23.871],[75.794,23.874],[75.777,23.854],[75.762,23.857],[75.759,23.881],[75.75,23.89],[75.736,23.894],[75.731,23.902],[75.702,23.904],[75.698,23.877],[75.707,23.868],[75.728,23.865],[75.729,23.858],[75.724,23.848],[75.716,23.846],[75.722,23.827],[75.718,23.819],[75.687,23.819],[75.699,23.792],[75.684,23.761],[75.674,23.784],[75.659,23.789],[75.652,23.802],[75.626,23.8],[75.612,23.807],[75.583,23.8],[75.583,23.815],[75.563,23.817],[75.556,23.826],[75.56,23.837],[75.572,23.835],[75.576,23.842],[75.561,23.86],[75.517,23.889],[75.504,23.892],[75.487,23.911],[75.456,23.921],[75.465,23.981],[75.489,24],[75.514,24.049],[75.543,24.026],[75.567,24.023],[75.572,24.017],[75.569,23.999],[75.576,24.001],[75.584,23.992],[75.597,23.999],[75.635,24],[75.641,24.018],[75.669,24.034],[75.677,24.02],[75.686,24.018],[75.684,23.993],[75.696,23.99],[75.7,23.969],[75.736,23.981],[75.738,23.995],[75.762,23.998],[75.761,24.013],[75.771,24.012],[75.78,24.036],[75.78,24.062],[75.834,24.075],[75.836,24.111],[75.812,24.103],[75.802,24.118],[75.79,24.11],[75.776,24.139],[75.743,24.14],[75.769,24.193],[75.774,24.221],[75.792,24.223],[75.805,24.23],[75.808,24.241],[75.821,24.241],[75.827,24.246],[75.813,24.257],[75.819,24.268],[75.812,24.27],[75.811,24.285],[75.817,24.291],[75.811,24.303],[75.797,24.314],[75.781,24.309],[75.765,24.311],[75.738,24.348],[75.742,24.353],[75.739,24.395],[75.73,24.389],[75.727,24.405],[75.755,24.409],[75.756,24.428],[75.749,24.428],[75.768,24.44],[75.776,24.454],[75.784,24.452],[75.791,24.475],[75.815,24.465],[75.813,24.437],[75.829,24.423],[75.847,24.419],[75.899,24.442],[75.909,24.456],[75.912,24.492],[75.905,24.505],[75.891,24.51],[75.893,24.522],[75.902,24.522],[75.909,24.515],[75.925,24.533],[75.921,24.544],[75.907,24.552],[75.908,24.565],[75.917,24.571],[75.911,24.577],[75.884,24.582],[75.876,24.591],[75.874,24.607],[75.866,24.607],[75.863,24.613],[75.845,24.61],[75.838,24.596],[75.839,24.609],[75.828,24.613],[75.846,24.631],[75.849,24.653],[75.844,24.669],[75.827,24.672],[75.842,24.717],[75.839,24.73],[75.786,24.766],[75.76,24.765],[75.731,24.756],[75.68,24.728],[75.659,24.702],[75.613,24.688],[75.582,24.723],[75.552,24.714],[75.535,24.72],[75.483,24.698],[75.452,24.693],[75.364,24.71],[75.351,24.717],[75.304,24.721],[75.267,24.733],[75.25,24.729],[75.224,24.735],[75.217,24.722],[75.198,24.757],[75.187,24.76],[75.186,24.768],[75.192,24.789],[75.203,24.789],[75.206,24.81],[75.217,24.82],[75.247,24.822],[75.252,24.837],[75.241,24.847],[75.228,24.848],[75.201,24.884],[75.208,24.91],[75.219,24.906],[75.223,24.89],[75.241,24.903],[75.25,24.896],[75.248,24.881],[75.227,24.859],[75.242,24.861],[75.279,24.853],[75.306,24.813],[75.32,24.818],[75.33,24.832],[75.344,24.833],[75.417,24.864],[75.424,24.893],[75.408,24.892],[75.372,24.878],[75.326,24.887],[75.311,24.869],[75.294,24.871],[75.288,24.88],[75.261,24.89],[75.261,24.905],[75.267,24.914],[75.272,24.918],[75.278,24.913],[75.282,24.923],[75.293,24.923],[75.285,24.937],[75.276,24.94],[75.277,24.948],[75.266,24.962],[75.276,24.977],[75.285,24.977],[75.29,24.952],[75.303,24.943],[75.314,24.9],[75.337,24.963],[75.323,24.982],[75.319,25.007],[75.329,25.018],[75.352,25.025],[75.354,25.037],[75.346,25.043],[75.31,25.046],[75.227,25.039],[75.205,25.042],[75.201,25.034],[75.174,25.054],[75.167,25.044],[75.159,25.045],[75.155,25.029],[75.165,25.022],[75.169,25.01],[75.164,24.992],[75.138,24.986],[75.134,24.983],[75.149,24.981],[75.12,24.976],[75.116,24.965],[75.119,24.889],[75.09,24.88],[75.082,24.889],[75.063,24.877],[75.056,24.882],[75.06,24.875],[75.043,24.859],[75.03,24.861],[75.013,24.874],[74.945,24.878],[74.949,24.895],[74.931,24.894],[74.93,24.888],[74.92,24.892],[74.907,24.907],[74.913,24.928],[74.904,24.93],[74.901,24.94],[74.89,24.941],[74.885,24.95],[74.879,24.949],[74.877,24.939],[74.867,24.937],[74.862,24.966],[74.853,24.975],[74.846,24.974],[74.833,24.967],[74.824,24.929],[74.827,24.899],[74.838,24.897],[74.842,24.875],[74.856,24.853],[74.859,24.82],[74.838,24.808],[74.849,24.793],[74.858,24.795],[74.859,24.813],[74.878,24.813],[74.885,24.802],[74.905,24.797],[74.91,24.788],[74.917,24.787],[74.929,24.795],[74.97,24.791],[75.007,24.796],[75.013,24.794],[75.021,24.773],[75.02,24.753],[74.993,24.753],[74.991,24.734],[75,24.708],[74.962,24.701],[74.962,24.68],[74.957,24.683],[74.952,24.67],[74.943,24.669],[74.943,24.66],[74.909,24.662],[74.902,24.656],[74.897,24.666],[74.893,24.655],[74.873,24.669],[74.856,24.705],[74.854,24.697],[74.85,24.699],[74.819,24.765],[74.81,24.796],[74.799,24.796],[74.803,24.755],[74.78,24.743],[74.79,24.727],[74.775,24.688],[74.789,24.679],[74.792,24.684],[74.813,24.686],[74.817,24.672],[74.809,24.67],[74.783,24.637],[74.79,24.611],[74.748,24.597],[74.757,24.555],[74.749,24.552],[74.748,24.536],[74.729,24.535],[74.716,24.523],[74.712,24.511],[74.731,24.51],[74.751,24.492],[74.779,24.483],[74.792,24.493],[74.817,24.491],[74.825,24.479],[74.818,24.462],[74.834,24.46],[74.841,24.467],[74.858,24.467],[74.857,24.452],[74.827,24.424],[74.825,24.408],[74.812,24.409],[74.802,24.387],[74.787,24.372],[74.782,24.358],[74.786,24.349],[74.784,24.317],[74.757,24.296],[74.753,24.283],[74.773,24.272],[74.815,24.277],[74.853,24.27],[74.87,24.281],[74.894,24.262],[74.897,24.249],[74.905,24.245],[74.906,24.234],[74.887,24.225],[74.881,24.214],[74.9,24.174],[74.928,24.157],[74.924,24.149],[74.937,24.139],[74.936,24.124],[74.96,24.11],[74.965,24.083],[74.979,24.072],[74.981,24.041],[74.993,24.03],[74.988,24.014],[74.972,24.004],[74.969,23.98],[74.941,23.961],[74.921,23.936],[74.923,23.925],[74.915,23.912],[74.906,23.874],[74.907,23.856],[74.916,23.846],[74.91,23.801],[74.93,23.794],[74.939,23.771],[74.932,23.756],[74.941,23.735],[74.924,23.719],[74.923,23.697],[74.908,23.683],[74.924,23.669],[74.931,23.648],[74.939,23.643],[74.94,23.63],[74.922,23.622],[74.906,23.623],[74.886,23.606],[74.873,23.578],[74.845,23.554],[74.803,23.534],[74.796,23.546],[74.785,23.548],[74.774,23.543],[74.764,23.525],[74.742,23.519],[74.734,23.501],[74.701,23.504],[74.687,23.496],[74.684,23.487],[74.669,23.484],[74.655,23.464],[74.613,23.461],[74.613,23.452],[74.598,23.43],[74.574,23.423],[74.571,23.378],[74.56,23.364],[74.546,23.364],[74.538,23.334],[74.518,23.329],[74.519,23.322],[74.534,23.323],[74.536,23.31],[74.553,23.283],[74.572,23.301],[74.587,23.284],[74.622,23.281],[74.632,23.263],[74.646,23.26],[74.673,23.275],[74.701,23.272],[74.703,23.262],[74.722,23.243],[74.696,23.229],[74.695,23.223],[74.724,23.22],[74.746,23.233],[74.751,23.23],[74.746,23.212],[74.716,23.195],[74.669,23.201],[74.655,23.182],[74.608,23.145],[74.546,23.132],[74.543,23.107],[74.514,23.096],[74.512,23.089],[74.467,23.085],[74.445,23.093],[74.433,23.106],[74.391,23.112],[74.361,23.09],[74.355,23.076],[74.323,23.063],[74.328,23.043],[74.349,23.03],[74.355,23.003],[74.371,22.98],[74.357,22.977],[74.342,22.965],[74.362,22.933],[74.382,22.91],[74.4,22.899],[74.419,22.918],[74.432,22.923],[74.439,22.918],[74.451,22.924],[74.463,22.913],[74.479,22.859],[74.465,22.815],[74.439,22.809],[74.439,22.786],[74.403,22.731],[74.397,22.692],[74.385,22.67],[74.384,22.644],[74.381,22.639],[74.364,22.637],[74.328,22.644],[74.317,22.636],[74.278,22.648],[74.274,22.641],[74.265,22.645],[74.256,22.636],[74.258,22.624],[74.237,22.614],[74.214,22.567],[74.19,22.567],[74.195,22.557],[74.159,22.534],[74.153,22.517],[74.133,22.519],[74.119,22.54],[74.106,22.538],[74.084,22.55],[74.067,22.551],[74.045,22.542],[74.044,22.517],[74.035,22.508],[74.037,22.492],[74.043,22.491],[74.059,22.511],[74.085,22.509],[74.09,22.483],[74.08,22.486],[74.078,22.466],[74.103,22.468],[74.106,22.456],[74.101,22.445],[74.105,22.433],[74.123,22.421],[74.13,22.422],[74.131,22.436],[74.144,22.457],[74.156,22.457],[74.161,22.432],[74.171,22.434],[74.173,22.442],[74.187,22.444],[74.183,22.465],[74.191,22.478],[74.204,22.467],[74.205,22.437],[74.216,22.434],[74.219,22.443],[74.254,22.433],[74.264,22.425],[74.271,22.405],[74.294,22.394],[74.274,22.393],[74.258,22.4],[74.256,22.386],[74.246,22.383],[74.246,22.378],[74.225,22.378],[74.227,22.359],[74.217,22.358],[74.207,22.368],[74.202,22.343],[74.195,22.349],[74.196,22.325],[74.191,22.322],[74.134,22.332],[74.129,22.353],[74.124,22.358],[74.117,22.358],[74.112,22.372],[74.1,22.373],[74.095,22.362],[74.072,22.36],[74.076,22.341],[74.068,22.331],[74.066,22.305],[74.059,22.305],[74.059,22.286],[74.065,22.276],[74.078,22.268],[74.081,22.25],[74.092,22.244],[74.075,22.235],[74.076,22.222],[74.108,22.221],[74.123,22.213],[74.125,22.172],[74.135,22.162],[74.127,22.132],[74.131,22.124],[74.13,22.098],[74.155,22.106],[74.17,22.101],[74.181,22.087],[74.168,22.082],[74.163,22.061],[74.138,22.054],[74.145,22.044],[74.125,22.036],[74.117,22.025],[74.098,22.015],[74.105,21.999],[74.154,21.986],[74.153,21.976],[74.144,21.972],[74.149,21.961],[74.146,21.954],[74.164,21.949],[74.187,21.929],[74.201,21.926],[74.29,21.936],[74.302,21.967],[74.355,21.979],[74.374,21.997],[74.388,22.02],[74.436,22.031],[74.446,22.027],[74.443,22.022],[74.454,22.002],[74.446,22.007],[74.436,21.999],[74.449,21.971],[74.46,21.963],[74.472,21.966],[74.493,21.954],[74.49,21.947],[74.516,21.934],[74.515,21.922],[74.527,21.909],[74.518,21.89],[74.512,21.821],[74.504,21.807],[74.506,21.783],[74.518,21.764],[74.511,21.727],[74.523,21.718],[74.552,21.718],[74.561,21.702],[74.559,21.682],[74.583,21.685],[74.591,21.664],[74.663,21.653],[74.704,21.629],[74.789,21.611],[74.802,21.61],[74.803,21.616],[74.832,21.611],[74.836,21.619],[74.865,21.634],[74.902,21.63],[74.92,21.613],[74.995,21.591],[75.013,21.581],[75.018,21.573],[75.058,21.565],[75.09,21.514],[75.095,21.494],[75.115,21.46],[75.22,21.411],[75.236,21.417],[75.259,21.405],[75.3,21.416],[75.302,21.389],[75.312,21.395],[75.354,21.393],[75.361,21.403],[75.384,21.386],[75.398,21.383],[75.413,21.391],[75.468,21.394],[75.525,21.387],[75.548,21.372],[75.56,21.382],[75.564,21.378],[75.581,21.38],[75.577,21.386],[75.609,21.395],[75.619,21.393],[75.629,21.381],[75.673,21.38],[75.695,21.39],[75.738,21.393],[75.759,21.385],[75.801,21.39],[75.833,21.383],[75.843,21.389],[75.863,21.387],[75.876,21.398],[75.888,21.4],[75.917,21.39],[75.969,21.394],[75.985,21.377],[76.027,21.368],[76.052,21.353],[76.099,21.374],[76.129,21.298],[76.145,21.288],[76.159,21.259],[76.144,21.238],[76.164,21.224],[76.166,21.195],[76.173,21.188],[76.167,21.171],[76.127,21.178],[76.114,21.17],[76.114,21.165],[76.128,21.157],[76.14,21.14],[76.136,21.126],[76.168,21.105],[76.167,21.09],[76.173,21.085],[76.184,21.09],[76.262,21.095],[76.269,21.093],[76.282,21.075],[76.376,21.077],[76.39,21.088],[76.409,21.094],[76.412,21.107],[76.434,21.107],[76.453,21.115],[76.458,21.138],[76.465,21.139],[76.469,21.151],[76.477,21.155],[76.478,21.176],[76.487,21.196],[76.529,21.189],[76.559,21.206],[76.587,21.199],[76.617,21.199],[76.623,21.193],[76.632,21.205],[76.632,21.229],[76.643,21.248],[76.658,21.248],[76.661,21.282],[76.625,21.335],[76.668,21.369],[76.732,21.409],[76.743,21.443],[76.784,21.466],[76.792,21.49],[76.763,21.523],[76.788,21.54],[76.78,21.562],[76.795,21.598],[76.834,21.593],[76.852,21.615],[76.901,21.601],[76.912,21.615],[76.997,21.682],[77.059,21.709],[77.072,21.723],[77.084,21.719],[77.121,21.725],[77.158,21.713],[77.171,21.727],[77.188,21.723],[77.184,21.704],[77.207,21.694],[77.222,21.7],[77.225,21.718],[77.258,21.716],[77.267,21.729],[77.283,21.724],[77.287,21.736],[77.277,21.76],[77.286,21.763],[77.321,21.757],[77.342,21.762],[77.401,21.756],[77.475,21.771],[77.476,21.758],[77.497,21.749],[77.518,21.727],[77.521,21.714],[77.533,21.713],[77.542,21.701],[77.547,21.682],[77.559,21.669],[77.56,21.645],[77.571,21.627],[77.571,21.563],[77.574,21.558],[77.591,21.562],[77.606,21.551],[77.607,21.543],[77.589,21.53],[77.567,21.53],[77.512,21.548],[77.504,21.555],[77.458,21.557],[77.447,21.546],[77.424,21.543],[77.417,21.533],[77.421,21.516],[77.439,21.489],[77.435,21.482],[77.438,21.473],[77.457,21.467],[77.469,21.457],[77.469,21.437],[77.482,21.416],[77.487,21.378],[77.548,21.381],[77.584,21.364],[77.605,21.367],[77.602,21.394],[77.639,21.388],[77.651,21.393],[77.662,21.388],[77.667,21.371],[77.691,21.397],[77.693,21.381],[77.704,21.378],[77.705,21.359],[77.734,21.365],[77.746,21.384],[77.793,21.391],[77.799,21.412],[77.818,21.409],[77.855,21.391],[77.883,21.385],[77.882,21.378],[77.939,21.387],[77.941,21.399],[77.98,21.403],[78,21.416],[78.064,21.439],[78.169,21.499],[78.178,21.514],[78.168,21.526],[78.173,21.553],[78.181,21.559],[78.215,21.554],[78.239,21.565],[78.269,21.571],[78.255,21.585],[78.255,21.59],[78.266,21.594],[78.3,21.585],[78.304,21.571],[78.323,21.577],[78.337,21.591],[78.348,21.579],[78.361,21.578],[78.378,21.596],[78.372,21.615],[78.38,21.619],[78.389,21.611],[78.404,21.61],[78.423,21.602],[78.413,21.578],[78.422,21.564],[78.421,21.549],[78.432,21.52],[78.43,21.502],[78.439,21.504],[78.452,21.497],[78.456,21.504],[78.48,21.506],[78.509,21.528],[78.567,21.516],[78.565,21.506],[78.585,21.487],[78.605,21.488],[78.621,21.478],[78.637,21.484],[78.659,21.479],[78.684,21.482],[78.684,21.478],[78.724,21.464],[78.739,21.473],[78.746,21.494],[78.761,21.49],[78.764,21.474],[78.772,21.467],[78.785,21.489],[78.844,21.49],[78.852,21.496],[78.88,21.485],[78.885,21.486],[78.896,21.501],[78.921,21.488],[78.932,21.487],[78.941,21.514],[78.923,21.524],[78.925,21.539],[78.904,21.555],[78.913,21.563],[78.928,21.56],[78.928,21.564],[78.912,21.571],[78.913,21.592],[78.94,21.594],[78.975,21.618],[78.994,21.619],[79.01,21.601],[79.076,21.608],[79.088,21.599],[79.104,21.609],[79.099,21.619],[79.128,21.628],[79.141,21.64],[79.148,21.661],[79.22,21.651],[79.227,21.658],[79.228,21.671],[79.218,21.681],[79.221,21.697],[79.235,21.715],[79.229,21.724],[79.265,21.715],[79.285,21.694],[79.348,21.684],[79.349,21.679],[79.395,21.675],[79.416,21.691],[79.441,21.682],[79.459,21.687],[79.489,21.674],[79.503,21.635],[79.512,21.631],[79.498,21.612],[79.507,21.602],[79.506,21.59],[79.538,21.569],[79.537,21.544],[79.56,21.548],[79.576,21.543],[79.609,21.556],[79.647,21.557],[79.658,21.577],[79.685,21.581],[79.694,21.591],[79.714,21.591],[79.733,21.603],[79.792,21.581],[79.818,21.559],[79.825,21.547],[79.857,21.531],[79.886,21.53],[79.892,21.523],[79.916,21.524],[79.921,21.546],[79.936,21.557],[79.966,21.557],[79.986,21.537],[79.994,21.535],[80.028,21.557],[80.064,21.555],[80.094,21.586],[80.11,21.593],[80.115,21.607],[80.148,21.606],[80.188,21.634],[80.205,21.634],[80.216,21.62],[80.26,21.62],[80.275,21.599],[80.288,21.592],[80.292,21.578],[80.32,21.574],[80.33,21.555],[80.324,21.549],[80.371,21.521],[80.375,21.491],[80.387,21.473],[80.401,21.465],[80.411,21.438],[80.389,21.407],[80.403,21.376],[80.44,21.372],[80.448,21.402],[80.468,21.395],[80.485,21.398],[80.519,21.39],[80.537,21.369],[80.564,21.358],[80.558,21.353],[80.561,21.343],[80.582,21.342],[80.583,21.331],[80.593,21.325],[80.618,21.319],[80.657,21.331],[80.692,21.388],[80.699,21.414],[80.698,21.427],[80.721,21.449],[80.73,21.472],[80.722,21.496],[80.731,21.539],[80.714,21.556],[80.72,21.572],[80.709,21.587],[80.709,21.604],[80.722,21.617],[80.72,21.641],[80.712,21.646],[80.707,21.672],[80.724,21.694],[80.725,21.704],[80.719,21.712],[80.726,21.731],[80.743,21.758],[80.762,21.758],[80.783,21.74],[80.811,21.747],[80.812,21.764],[80.832,21.805],[80.838,21.83],[80.832,21.846],[80.841,21.856],[80.837,21.862],[80.84,21.875],[80.824,21.889],[80.825,21.908],[80.837,21.936],[80.833,21.947],[80.823,21.947],[80.818,21.957],[80.846,21.961],[80.859,22],[80.869,22.011],[80.869,22.034],[80.877,22.057],[80.891,22.066],[80.898,22.101],[80.906,22.114],[80.925,22.121],[80.951,22.113],[80.966,22.082],[80.963,22.058],[80.979,22.048],[80.988,22.048],[81.004,22.07],[80.997,22.081],[81.004,22.097],[80.987,22.111],[80.972,22.112],[80.972,22.121],[80.987,22.131],[81.016,22.133],[81.019,22.165],[81.012,22.184],[81.025,22.189],[81.026,22.198],[81.016,22.214],[81.019,22.229],[81.049,22.244],[81.069,22.246],[81.073,22.242],[81.085,22.247],[81.097,22.277],[81.114,22.294],[81.109,22.33],[81.116,22.344],[81.101,22.383],[81.105,22.433],[81.11,22.441],[81.148,22.456],[81.164,22.482],[81.18,22.49],[81.193,22.482],[81.194,22.462],[81.218,22.452],[81.24,22.459],[81.256,22.472],[81.26,22.494],[81.275,22.499],[81.304,22.482],[81.316,22.49],[81.315,22.516],[81.323,22.524],[81.348,22.514],[81.367,22.514],[81.379,22.505],[81.386,22.451],[81.397,22.441],[81.419,22.454],[81.418,22.474],[81.424,22.479],[81.432,22.48],[81.436,22.469],[81.448,22.467],[81.45,22.473],[81.443,22.472],[81.444,22.479],[81.439,22.479],[81.444,22.487],[81.438,22.494],[81.48,22.493],[81.493,22.52],[81.503,22.527],[81.507,22.522],[81.512,22.524],[81.519,22.54],[81.528,22.54],[81.542,22.53],[81.557,22.532],[81.563,22.534],[81.557,22.538],[81.557,22.547],[81.563,22.551],[81.6,22.536],[81.616,22.539],[81.622,22.544],[81.619,22.559],[81.624,22.564],[81.638,22.562],[81.649,22.569],[81.649,22.576],[81.64,22.587],[81.641,22.608],[81.648,22.62],[81.655,22.622],[81.657,22.632],[81.663,22.633],[81.679,22.649],[81.699,22.646],[81.707,22.65],[81.723,22.676],[81.737,22.669],[81.741,22.648],[81.749,22.646],[81.763,22.664],[81.766,22.676],[81.747,22.726],[81.749,22.733],[81.762,22.735],[81.764,22.747],[81.784,22.767],[81.761,22.834],[81.769,22.851],[81.769,22.874],[81.856,22.891],[81.861,22.894],[81.86,22.915],[81.875,22.913],[81.914,22.948],[81.94,22.957],[81.937,23.009],[81.918,23.041],[81.926,23.062],[81.938,23.07],[81.938,23.078],[81.969,23.079],[81.982,23.086],[82.002,23.078],[82.024,23.08],[82.067,23.117],[82.116,23.104],[82.128,23.112],[82.133,23.132],[82.151,23.142],[82.154,23.158],[82.137,23.165],[82.142,23.175],[82.138,23.188],[82.147,23.209],[82.142,23.228],[82.17,23.27],[82.186,23.278],[82.19,23.312],[82.186,23.325],[82.158,23.333],[82.138,23.362],[82.111,23.356],[82.104,23.363],[82.105,23.383],[82.098,23.398],[82.057,23.394],[82.046,23.378],[82.029,23.388],[82.023,23.384],[82.015,23.388],[82.017,23.408],[82.023,23.41],[82.016,23.424],[82,23.413],[81.987,23.42],[81.976,23.413],[81.971,23.424],[81.975,23.432],[81.971,23.447],[81.948,23.472],[81.949,23.497],[81.934,23.506],[81.916,23.532],[81.9,23.534],[81.87,23.515],[81.851,23.516],[81.827,23.511],[81.813,23.518],[81.805,23.546],[81.756,23.553],[81.748,23.565],[81.736,23.567],[81.719,23.556],[81.706,23.534],[81.693,23.523],[81.655,23.532],[81.648,23.502],[81.628,23.49],[81.607,23.507],[81.606,23.55],[81.577,23.555],[81.57,23.589],[81.58,23.597],[81.595,23.595],[81.603,23.6],[81.601,23.614],[81.613,23.661],[81.643,23.66],[81.649,23.683],[81.673,23.693],[81.687,23.721],[81.672,23.74],[81.678,23.749],[81.674,23.754],[81.64,23.771],[81.644,23.799],[81.631,23.831],[81.626,23.836],[81.607,23.836],[81.598,23.854],[81.598,23.864],[81.606,23.864],[81.615,23.873],[81.597,23.889],[81.611,23.907],[81.629,23.908],[81.662,23.926],[81.679,23.908],[81.682,23.89],[81.687,23.885],[81.697,23.886],[81.703,23.863],[81.723,23.859],[81.719,23.84],[81.731,23.839],[81.783,23.812],[81.793,23.814],[81.812,23.809],[81.832,23.821],[81.853,23.824],[81.862,23.835],[81.894,23.844],[81.916,23.873],[81.951,23.853],[82.001,23.863],[82.012,23.852],[82.033,23.845],[82.032,23.829],[82.045,23.821],[82.078,23.817],[82.117,23.823],[82.134,23.818],[82.162,23.82],[82.17,23.825],[82.174,23.839],[82.204,23.853],[82.207,23.841],[82.199,23.832],[82.216,23.821],[82.226,23.807],[82.255,23.822],[82.295,23.809],[82.311,23.811],[82.328,23.804],[82.347,23.804],[82.368,23.811],[82.388,23.801],[82.436,23.805],[82.446,23.811],[82.46,23.811],[82.483,23.798],[82.485,23.788],[82.516,23.784],[82.545,23.794],[82.541,23.81],[82.527,23.824],[82.586,23.823],[82.606,23.836],[82.63,23.839],[82.644,23.86],[82.652,23.857],[82.66,23.875],[82.646,23.889],[82.657,23.908],[82.677,23.91],[82.702,23.925],[82.748,23.922],[82.754,23.936],[82.775,23.939],[82.797,23.961],[82.808,23.963]]]},"properties":{"ID_0":105,"ISO":"IND","NAME_0":"India","ID_1":20,"NAME_1":"Madhya Pradesh"}},
{"type":"Feature","geometry":{"type":"MultiPolygon","coordinates":[[[[73.46,16.046],[73.457,16.041],[73.461,16.039],[73.46,16.046]]],[[[72.902,18.964],[72.899,18.941],[72.903,18.957],[72.908,18.958],[72.909,18.953],[72.908,18.96],[72.902,18.964]]],[[[72.939,18.972],[72.924,18.963],[72.934,18.952],[72.942,18.966],[72.939,18.972]]],[[[72.731,19.468],[72.726,19.467],[72.733,19.457],[72.737,19.466],[72.731,19.468]]],[[[80.657,21.331],[80.618,21.319],[80.593,21.325],[80.583,21.331],[80.582,21.342],[80.561,21.343],[80.558,21.353],[80.564,21.358],[80.537,21.369],[80.519,21.39],[80.485,21.398],[80.468,21.395],[80.448,21.402],[80.44,21.372],[80.403,21.376],[80.389,21.407],[80.411,21.438],[80.401,21.465],[80.387,21.473],[80.375,21.491],[80.371,21.521],[80.324,21.549],[80.33,21.555],[80.32,21.574],[80.292,21.578],[80.288,21.592],[80.275,21.599],[80.26,21.62],[80.216,21.62],[80.205,21.634],[80.188,21.634],[80.148,21.606],[80.115,21.607],[80.11,21.593],[80.094,21.586],[80.064,21.555],[80.028,21.557],[79.994,21.535],[79.986,21.537],[79.966,21.557],[79.936,21.557],[79.921,21.546],[79.916,21.524],[79.892,21.523],[79.886,21.53],[79.857,21.531],[79.825,21.547],[79.818,21.559],[79.792,21.581],[79.733,21.603],[79.714,21.591],[79.694,21.591],[79.685,21.581],[79.658,21.577],[79.647,21.557],[79.609,21.556],[79.576,21.543],[79.56,21.548],[79.537,21.544],[79.538,21.569],[79.506,21.59],[79.507,21.602],[79.498,21.612],[79.512,21.631],[79.503,21.635],[79.489,21.674],[79.459,21.687],[79.441,21.682],[79.416,21.691],[79.395,21.675],[79.349,21.679],[79.348,21.684],[79.285,21.694],[79.265,21.715],[79.229,21.724],[79.235,21.715],[79.221,21.697],[79.218,21.681],[79.228,21.671],[79.227,21.658],[79.22,21.651],[79.148,21.661],[79.141,21.64],[79.128,21.628],[79.099,21.619],[79.104,21.609],[79.088,21.599],[79.076,21.608],[79.01,21.601],[78.994,21.619],[78.975,21.618],[78.94,21.594],[78.913,21.592],[78.912,21.571],[78.928,21.564],[78.928,21.56],[78.913,21.563],[78.904,21.555],[78.925,21.539],[78.923,21.524],[78.941,21.514],[78.932,21.487],[78.921,21.488],[78.896,21.501],[78.885,21.486],[78.88,21.485],[78.852,21.496],[78.844,21.49],[78.785,21.489],[78.772,21.467],[78.764,21.474],[78.761,21.49],[78.746,21.494],[78.739,21.473],[78.724,21.464],[78.684,21.478],[78.684,21.482],[78.659,21.479],[78.637,21.484],[78.621,21.478],[78.605,21.488],[78.585,21.487],[78.565,21.506],[78.567,21.516],[78.509,21.528],[78.48,21.506],[78.456,21.504],[78.452,21.497],[78.439,21.504],[78.43,21.502],[78.432,21.52],[78.421,21.549],[78.422,21.564],[78.413,21.578],[78.423,21.602],[78.404,21.61],[78.389,21.611],[78.38,21.619],[78.372,21.615],[78.378,21.596],[78.361,21.578],[78.348,21.579],[78.337,21.591],[78.323,21.577],[78.304,21.571],[78.3,21.585],[78.266,21.594],[78.255,21.59],[78.255,21.585],[78.269,21.571],[78.239,21.565],[78.215,21.554],[78.181,21.559],[78.173,21.553],[78.168,21.526],[78.178,21.514],[78.169,21.499],[78.064,21.439],[78,21.416],[77.98,21.403],[77.941,21.399],[77.939,21.387],[77.882,21.378],[77.883,21.385],[77.855,21.391],[77.818,21.409],[77.799,21.412],[77.793,21.391],[77.746,21.384],[77.734,21.365],[77.705,21.359],[77.704,21.378],[77.693,21.381],[77.691,21.397],[77.667,21.371],[77.662,21.388],[77.651,21.393],[77.639,21.388],[77.602,21.394],[77.605,21.367],[77.584,21.364],[77.548,21.381],[77.487,21.378],[77.482,21.416],[77.469,21.437],[77.469,21.457],[77.457,21.467],[77.438,21.473],[77.435,21.482],[77.439,21.489],[77.421,21.516],[77.417,21.533],[77.424,21.543],[77.447,21.546],[77.458,21.557],[77.504,21.555],[77.512,21.548],[77.567,21.53],[77.589,21.53],[77.607,21.543],[77.606,21.551],[77.591,21.562],[77.574,21.558],[77.571,21.563],[77.571,21.627],[77.56,21.645],[77.559,21.669],[77.547,21.682],[77.542,21.701],[77.533,21.713],[77.521,21.714],[77.518,21.727],[77.497,21.749],[77.476,21.758],[77.475,21.771],[77.401,21.756],[77.342,21.762],[77.321,21.757],[77.286,21.763],[77.277,21.76],[77.287,21.736],[77.283,21.724],[77.267,21.729],[77.258,21.716],[77.225,21.718],[77.222,21.7],[77.207,21.694],[77.184,21.704],[77.188,21.723],[77.171,21.727],[77.158,21.713],[77.121,21.725],[77.084,21.719],[77.072,21.723],[77.059,21.709],[76.997,21.682],[76.912,21.615],[76.901,21.601],[76.852,21.615],[76.834,21.593],[76.795,21.598],[76.78,21.562],[76.788,21.54],[76.763,21.523],[76.792,21.49],[76.784,21.466],[76.743,21.443],[76.732,21.409],[76.668,21.369],[76.625,21.335],[76.661,21.282],[76.658,21.248],[76.643,21.248],[76.632,21.229],[76.632,21.205],[76.623,21.193],[76.617,21.199],[76.587,21.199],[76.559,21.206],[76.529,21.189],[76.487,21.196],[76.478,21.176],[76.477,21.155],[76.469,21.151],[76.465,21.139],[76.458,21.138],[76.453,21.115],[76.434,21.107],[76.412,21.107],[76.409,21.094],[76.39,21.088],[76.376,21.077],[76.282,21.075],[76.269,21.093],[76.262,21.095],[76.184,21.09],[76.173,21.085],[76.167,21.09],[76.168,21.105],[76.136,21.126],[76.14,21.14],[76.128,21.157],[76.114,21.165],[76.114,21.17],[76.127,21.178],[76.167,21.171],[76.173,21.188],[76.166,21.195],[76.164,21.224],[76.144,21.238],[76.159,21.259],[76.145,21.288],[76.129,21.298],[76.099,21.374],[76.052,21.353],[76.027,21.368],[75.985,21.377],[75.969,21.394],[75.917,21.39],[75.888,21.4],[75.876,21.398],[75.863,21.387],[75.843,21.389],[75.833,21.383],[75.801,21.39],[75.759,21.385],[75.738,21.393],[75.695,21.39],[75.673,21.38],[75.629,21.381],[75.619,21.393],[75.609,21.395],[75.577,21.386],[75.581,21.38],[75.564,21.378],[75.56,21.382],[75.548,21.372],[75.525,21.387],[75.468,21.394],[75.413,21.391],[75.398,21.383],[75.384,21.386],[75.361,21.403],[75.354,21.393],[75.312,21.395],[75.302,21.389],[75.3,21.416],[75.259,21.405],[75.236,21.417],[75.22,21.411],[75.115,21.46],[75.095,21.494],[75.09,21.514],[75.058,21.565],[75.018,21.573],[75.013,21.581],[74.995,21.591],[74.92,21.613],[74.902,21.63],[74.865,21.634],[74.836,21.619],[74.832,21.611],[74.803,21.616],[74.802,21.61],[74.789,21.611],[74.704,21.629],[74.663,21.653],[74.591,21.664],[74.583,21.685],[74.559,21.682],[74.561,21.702],[74.552,21.718],[74.523,21.718],[74.511,21.727],[74.518,21.764],[74.506,21.783],[74.504,21.807],[74.512,21.821],[74.518,21.89],[74.527,21.909],[74.515,21.922],[74.516,21.934],[74.49,21.947],[74.493,21.954],[74.472,21.966],[74.46,21.963],[74.449,21.971],[74.436,21.999],[74.446,22.007],[74.454,22.002],[74.443,22.022],[74.446,22.027],[74.436,22.031],[74.388,22.02],[74.374,21.997],[74.355,21.979],[74.302,21.967],[74.29,21.936],[74.201,21.926],[74.187,21.929],[74.164,21.949],[74.146,21.954],[74.047,21.923],[74.023,21.906],[73.936,21.863],[73.9,21.854],[73.88,21.839],[73.842,21.839],[73.811,21.823],[73.814,21.81],[73.832,21.811],[73.839,21.8],[73.836,21.793],[73.845,21.791],[73.838,21.784],[73.841,21.769],[73.831,21.763],[73.846,21.742],[73.89,21.711],[73.896,21.7],[73.898,21.667],[73.886,21.645],[73.87,21.639],[73.86,21.642],[73.845,21.633],[73.829,21.64],[73.8,21.635],[73.788,21.625],[73.807,21.602],[73.823,21.601],[73.845,21.522],[73.861,21.496],[73.877,21.501],[73.883,21.51],[73.887,21.505],[73.904,21.509],[73.91,21.52],[73.934,21.524],[73.939,21.51],[73.957,21.516],[73.966,21.539],[73.974,21.524],[73.986,21.521],[73.984,21.542],[74.005,21.541],[74.026,21.553],[74.047,21.55],[74.074,21.56],[74.135,21.557],[74.147,21.55],[74.163,21.56],[74.182,21.562],[74.2,21.531],[74.205,21.529],[74.228,21.538],[74.239,21.55],[74.255,21.536],[74.27,21.536],[74.285,21.555],[74.304,21.56],[74.31,21.567],[74.316,21.543],[74.336,21.54],[74.328,21.496],[74.313,21.49],[74.308,21.48],[74.268,21.475],[74.258,21.464],[74.246,21.464],[74.239,21.478],[74.231,21.48],[74.223,21.476],[74.223,21.459],[74.201,21.46],[74.186,21.467],[74.178,21.461],[74.169,21.463],[74.156,21.453],[74.129,21.464],[74.123,21.462],[74.122,21.451],[74.111,21.448],[74.104,21.454],[74.078,21.458],[74.076,21.472],[74.067,21.482],[74.049,21.419],[74.016,21.418],[73.969,21.392],[73.953,21.402],[73.957,21.344],[73.948,21.298],[73.892,21.262],[73.858,21.27],[73.832,21.267],[73.836,21.242],[73.82,21.222],[73.819,21.204],[73.821,21.195],[73.836,21.195],[73.823,21.172],[73.812,21.172],[73.796,21.182],[73.784,21.165],[73.742,21.167],[73.748,21.152],[73.737,21.138],[73.717,21.142],[73.713,21.15],[73.681,21.152],[73.636,21.133],[73.637,21.153],[73.62,21.158],[73.613,21.176],[73.607,21.178],[73.588,21.168],[73.589,21.154],[73.611,21.154],[73.614,21.147],[73.629,21.142],[73.624,21.138],[73.629,21.12],[73.658,21.121],[73.66,21.108],[73.679,21.109],[73.693,21.101],[73.711,21.119],[73.709,21.112],[73.715,21.107],[73.739,21.101],[73.753,21.114],[73.739,21.095],[73.744,21.082],[73.742,21.056],[73.748,21.04],[73.766,21.04],[73.776,21.028],[73.769,21.015],[73.775,21.01],[73.785,21.02],[73.808,21.023],[73.816,20.996],[73.847,20.994],[73.85,21.001],[73.879,20.986],[73.906,20.983],[73.915,20.965],[73.902,20.962],[73.895,20.94],[73.927,20.899],[73.931,20.848],[73.945,20.84],[73.948,20.825],[73.94,20.809],[73.938,20.761],[73.947,20.761],[73.95,20.742],[73.921,20.724],[73.904,20.731],[73.886,20.73],[73.864,20.694],[73.843,20.702],[73.823,20.694],[73.825,20.674],[73.842,20.675],[73.845,20.667],[73.846,20.624],[73.838,20.616],[73.825,20.614],[73.806,20.602],[73.802,20.606],[73.787,20.602],[73.748,20.567],[73.738,20.574],[73.701,20.578],[73.671,20.562],[73.651,20.576],[73.637,20.579],[73.626,20.621],[73.607,20.636],[73.574,20.651],[73.563,20.647],[73.538,20.674],[73.525,20.667],[73.518,20.67],[73.498,20.653],[73.487,20.676],[73.497,20.681],[73.497,20.686],[73.483,20.717],[73.475,20.722],[73.454,20.71],[73.447,20.701],[73.457,20.693],[73.455,20.686],[73.444,20.678],[73.44,20.665],[73.404,20.652],[73.403,20.643],[73.415,20.636],[73.416,20.626],[73.431,20.621],[73.44,20.595],[73.455,20.595],[73.481,20.584],[73.486,20.564],[73.482,20.543],[73.501,20.54],[73.472,20.514],[73.476,20.495],[73.449,20.467],[73.431,20.429],[73.43,20.414],[73.416,20.411],[73.408,20.396],[73.396,20.398],[73.391,20.39],[73.392,20.373],[73.408,20.384],[73.415,20.382],[73.423,20.352],[73.426,20.316],[73.437,20.282],[73.425,20.277],[73.42,20.257],[73.43,20.206],[73.403,20.195],[73.398,20.196],[73.395,20.209],[73.384,20.202],[73.376,20.205],[73.374,20.193],[73.365,20.201],[73.368,20.213],[73.353,20.198],[73.311,20.207],[73.295,20.196],[73.291,20.177],[73.294,20.154],[73.289,20.15],[73.268,20.139],[73.259,20.125],[73.238,20.128],[73.235,20.141],[73.227,20.123],[73.216,20.122],[73.218,20.106],[73.214,20.091],[73.198,20.078],[73.199,20.062],[73.186,20.053],[73.184,20.052],[73.175,20.058],[73.17,20.066],[73.163,20.073],[73.144,20.078],[73.137,20.085],[73.128,20.078],[73.123,20.078],[73.112,20.083],[73.11,20.085],[73.105,20.087],[73.088,20.094],[73.058,20.097],[73.059,20.068],[73.045,20.072],[73.01,20.11],[73.017,20.13],[73.017,20.135],[73.011,20.14],[73.009,20.137],[73.008,20.132],[73.008,20.129],[73.004,20.118],[72.985,20.113],[72.973,20.131],[72.986,20.158],[72.987,20.171],[72.986,20.177],[72.976,20.18],[72.97,20.212],[72.911,20.226],[72.9,20.222],[72.875,20.226],[72.872,20.208],[72.85,20.208],[72.844,20.198],[72.85,20.189],[72.836,20.188],[72.829,20.157],[72.835,20.145],[72.816,20.153],[72.802,20.148],[72.802,20.125],[72.738,20.137],[72.738,20.115],[72.727,20.083],[72.712,20.079],[72.708,20.07],[72.722,20.001],[72.716,19.972],[72.733,19.961],[72.738,19.944],[72.754,19.943],[72.755,19.939],[72.755,19.927],[72.754,19.939],[72.75,19.943],[72.734,19.943],[72.731,19.958],[72.72,19.969],[72.711,19.969],[72.69,19.958],[72.683,19.944],[72.664,19.933],[72.677,19.919],[72.681,19.865],[72.67,19.852],[72.652,19.858],[72.655,19.843],[72.651,19.84],[72.66,19.821],[72.68,19.813],[72.687,19.794],[72.688,19.806],[72.696,19.805],[72.69,19.803],[72.685,19.76],[72.693,19.736],[72.707,19.732],[72.719,19.755],[72.709,19.726],[72.694,19.729],[72.71,19.707],[72.706,19.682],[72.713,19.645],[72.728,19.625],[72.73,19.601],[72.738,19.598],[72.713,19.596],[72.721,19.567],[72.723,19.544],[72.717,19.545],[72.718,19.539],[72.725,19.539],[72.725,19.532],[72.737,19.527],[72.742,19.516],[72.765,19.504],[72.773,19.505],[72.783,19.516],[72.784,19.526],[72.775,19.527],[72.786,19.526],[72.784,19.513],[72.779,19.509],[72.78,19.491],[72.745,19.463],[72.766,19.393],[72.758,19.376],[72.799,19.331],[72.793,19.31],[72.784,19.303],[72.784,19.28],[72.778,19.279],[72.785,19.266],[72.776,19.225],[72.782,19.215],[72.779,19.205],[72.786,19.203],[72.782,19.193],[72.794,19.196],[72.792,19.204],[72.804,19.219],[72.798,19.223],[72.805,19.221],[72.82,19.236],[72.82,19.245],[72.837,19.251],[72.834,19.261],[72.84,19.267],[72.835,19.26],[72.84,19.251],[72.828,19.246],[72.812,19.215],[72.797,19.199],[72.795,19.172],[72.78,19.166],[72.789,19.15],[72.786,19.13],[72.793,19.13],[72.795,19.14],[72.803,19.145],[72.798,19.156],[72.804,19.151],[72.83,19.182],[72.83,19.166],[72.811,19.154],[72.803,19.142],[72.822,19.122],[72.827,19.094],[72.826,19.078],[72.821,19.078],[72.824,19.055],[72.816,19.042],[72.824,19.038],[72.835,19.05],[72.838,19.039],[72.836,19.028],[72.827,19.018],[72.82,19.018],[72.815,19.027],[72.814,18.982],[72.806,18.978],[72.792,18.951],[72.793,18.939],[72.808,18.955],[72.823,18.942],[72.818,18.925],[72.825,18.92],[72.817,18.918],[72.813,18.911],[72.808,18.915],[72.804,18.908],[72.808,18.891],[72.833,18.921],[72.84,18.92],[72.845,18.925],[72.84,18.922],[72.838,18.928],[72.841,18.932],[72.844,18.929],[72.85,18.973],[72.855,18.974],[72.851,18.977],[72.861,18.982],[72.857,18.992],[72.862,19.003],[72.885,19.009],[72.886,19],[72.903,18.997],[72.905,18.99],[72.905,18.995],[72.909,18.991],[72.907,18.999],[72.918,19],[72.955,19.028],[72.963,19.058],[72.982,19.063],[72.993,19.059],[73.004,19.029],[73.003,19.002],[73.032,18.999],[73.032,18.993],[73.017,18.987],[73.013,18.978],[72.996,18.968],[72.985,18.97],[72.979,18.963],[72.956,18.974],[72.955,18.964],[72.948,18.953],[72.949,18.962],[72.939,18.946],[72.961,18.923],[72.958,18.908],[72.942,18.909],[72.942,18.895],[72.927,18.912],[72.917,18.91],[72.916,18.905],[72.908,18.902],[72.908,18.886],[72.922,18.868],[72.927,18.851],[72.947,18.846],[72.989,18.866],[72.981,18.851],[72.983,18.81],[72.97,18.79],[72.941,18.828],[72.916,18.792],[72.906,18.795],[72.901,18.804],[72.887,18.798],[72.887,18.804],[72.869,18.805],[72.863,18.791],[72.868,18.756],[72.862,18.743],[72.864,18.721],[72.855,18.697],[72.87,18.64],[72.882,18.637],[72.887,18.641],[72.902,18.633],[72.898,18.63],[72.897,18.635],[72.884,18.638],[72.885,18.626],[72.906,18.586],[72.91,18.586],[72.909,18.58],[72.928,18.542],[72.929,18.535],[72.917,18.529],[72.905,18.539],[72.911,18.523],[72.911,18.503],[72.905,18.503],[72.901,18.476],[72.895,18.473],[72.895,18.457],[72.901,18.452],[72.909,18.422],[72.907,18.403],[72.926,18.387],[72.926,18.373],[72.917,18.373],[72.911,18.367],[72.914,18.355],[72.92,18.347],[72.934,18.351],[72.934,18.343],[72.942,18.344],[72.951,18.336],[72.961,18.32],[72.955,18.316],[72.968,18.31],[72.97,18.3],[72.982,18.3],[72.993,18.273],[73,18.284],[73.012,18.284],[73.022,18.278],[73.02,18.27],[73.028,18.264],[73.055,18.27],[73.04,18.293],[73.04,18.302],[73.05,18.308],[73.068,18.305],[73.079,18.315],[73.084,18.329],[73.088,18.327],[73.084,18.325],[73.086,18.32],[73.088,18.323],[73.083,18.301],[73.078,18.298],[73.086,18.288],[73.077,18.298],[73.048,18.304],[73.043,18.297],[73.053,18.28],[73.063,18.278],[73.068,18.27],[73.062,18.251],[73.08,18.231],[73.076,18.2],[73.062,18.197],[73.06,18.191],[73.092,18.168],[73.092,18.162],[73.084,18.162],[73.088,18.152],[73.079,18.162],[73.073,18.157],[73.077,18.165],[73.073,18.17],[73.069,18.165],[73.072,18.172],[73.056,18.187],[73.058,18.199],[73.071,18.207],[73.069,18.222],[73.018,18.246],[73.013,18.242],[72.999,18.248],[72.982,18.242],[72.974,18.247],[72.974,18.263],[72.965,18.28],[72.955,18.278],[72.948,18.285],[72.935,18.282],[72.943,18.247],[72.942,18.235],[72.931,18.22],[72.936,18.217],[72.945,18.223],[72.956,18.22],[72.968,18.205],[72.988,18.195],[72.979,18.193],[72.99,18.158],[72.986,18.157],[72.982,18.137],[72.971,18.132],[72.979,18.108],[72.99,18.1],[72.999,18.075],[73.003,18.076],[72.99,18.055],[72.995,18.049],[73.005,18.053],[73.016,18.032],[73.025,18.05],[73.04,18.053],[73.022,18.039],[73.03,18.032],[73.041,18.044],[73.045,18.042],[73.041,18.043],[73.023,18.024],[73.002,18.021],[73.017,18.007],[73.022,17.994],[73.018,17.991],[73.03,17.991],[73.038,17.984],[73.04,17.978],[73.029,17.967],[73.03,17.944],[73.042,17.932],[73.067,17.934],[73.07,17.929],[73.092,17.941],[73.072,17.927],[73.066,17.933],[73.062,17.927],[73.067,17.927],[73.052,17.929],[73.055,17.913],[73.05,17.907],[73.063,17.891],[73.076,17.897],[73.071,17.889],[73.09,17.844],[73.102,17.845],[73.097,17.843],[73.114,17.835],[73.125,17.837],[73.133,17.83],[73.134,17.825],[73.125,17.836],[73.115,17.833],[73.094,17.842],[73.087,17.839],[73.095,17.824],[73.088,17.808],[73.096,17.811],[73.112,17.79],[73.135,17.716],[73.136,17.708],[73.114,17.694],[73.118,17.672],[73.136,17.645],[73.127,17.637],[73.144,17.602],[73.168,17.582],[73.162,17.575],[73.163,17.568],[73.156,17.567],[73.152,17.574],[73.14,17.568],[73.137,17.556],[73.142,17.545],[73.153,17.538],[73.154,17.529],[73.162,17.53],[73.184,17.506],[73.182,17.5],[73.194,17.468],[73.184,17.456],[73.186,17.442],[73.206,17.439],[73.187,17.431],[73.187,17.415],[73.179,17.407],[73.167,17.405],[73.177,17.387],[73.207,17.384],[73.209,17.372],[73.216,17.371],[73.214,17.363],[73.22,17.357],[73.215,17.346],[73.227,17.334],[73.219,17.329],[73.229,17.319],[73.243,17.319],[73.244,17.307],[73.228,17.282],[73.222,17.303],[73.21,17.304],[73.205,17.299],[73.196,17.307],[73.189,17.298],[73.202,17.288],[73.205,17.268],[73.212,17.276],[73.223,17.267],[73.222,17.256],[73.229,17.251],[73.223,17.248],[73.232,17.246],[73.232,17.233],[73.235,17.227],[73.243,17.226],[73.247,17.21],[73.245,17.197],[73.235,17.202],[73.231,17.198],[73.253,17.189],[73.273,17.12],[73.266,17.113],[73.283,17.113],[73.283,17.08],[73.298,17.078],[73.298,17.075],[73.288,17.075],[73.288,17.054],[73.278,17.04],[73.29,17.048],[73.288,17.044],[73.295,17.045],[73.303,17.037],[73.315,17.04],[73.32,17.038],[73.314,17.038],[73.317,17.034],[73.314,17.033],[73.284,17.04],[73.28,17.032],[73.293,17.023],[73.289,17.007],[73.286,17.018],[73.29,17.022],[73.283,17.018],[73.275,17.025],[73.278,17.034],[73.266,17.048],[73.256,17.048],[73.254,17.027],[73.257,17.02],[73.276,17.023],[73.284,17.012],[73.283,17.001],[73.269,17],[73.271,16.987],[73.28,16.992],[73.294,16.986],[73.292,16.957],[73.282,16.95],[73.287,16.916],[73.277,16.892],[73.294,16.898],[73.313,16.889],[73.297,16.89],[73.286,16.881],[73.295,16.862],[73.295,16.858],[73.288,16.858],[73.293,16.849],[73.288,16.843],[73.294,16.839],[73.295,16.817],[73.311,16.807],[73.32,16.81],[73.327,16.821],[73.333,16.817],[73.318,16.806],[73.318,16.795],[73.308,16.78],[73.305,16.729],[73.319,16.704],[73.318,16.697],[73.34,16.686],[73.33,16.686],[73.333,16.653],[73.322,16.642],[73.324,16.636],[73.33,16.642],[73.34,16.638],[73.342,16.628],[73.331,16.62],[73.352,16.625],[73.351,16.612],[73.346,16.613],[73.341,16.605],[73.349,16.603],[73.353,16.597],[73.347,16.595],[73.331,16.608],[73.32,16.607],[73.317,16.601],[73.324,16.582],[73.345,16.576],[73.343,16.566],[73.362,16.568],[73.355,16.566],[73.356,16.555],[73.375,16.552],[73.381,16.558],[73.394,16.553],[73.383,16.555],[73.373,16.55],[73.346,16.557],[73.352,16.55],[73.351,16.543],[73.359,16.541],[73.368,16.545],[73.373,16.54],[73.354,16.539],[73.358,16.526],[73.39,16.514],[73.39,16.51],[73.367,16.513],[73.349,16.504],[73.364,16.516],[73.347,16.53],[73.335,16.562],[73.322,16.552],[73.318,16.557],[73.319,16.55],[73.31,16.539],[73.317,16.531],[73.316,16.513],[73.325,16.514],[73.35,16.446],[73.365,16.44],[73.357,16.44],[73.358,16.424],[73.367,16.41],[73.365,16.398],[73.38,16.396],[73.386,16.403],[73.395,16.4],[73.405,16.405],[73.401,16.39],[73.389,16.395],[73.374,16.376],[73.371,16.39],[73.368,16.363],[73.384,16.359],[73.391,16.366],[73.393,16.359],[73.406,16.358],[73.411,16.362],[73.41,16.358],[73.397,16.355],[73.389,16.362],[73.39,16.347],[73.385,16.337],[73.395,16.332],[73.394,16.315],[73.41,16.278],[73.417,16.292],[73.417,16.286],[73.436,16.287],[73.415,16.283],[73.411,16.273],[73.43,16.199],[73.443,16.211],[73.447,16.225],[73.442,16.207],[73.448,16.212],[73.449,16.208],[73.439,16.205],[73.444,16.198],[73.436,16.199],[73.457,16.121],[73.463,16.086],[73.457,16.081],[73.468,16.071],[73.462,16.063],[73.455,16.063],[73.455,16.055],[73.467,16.054],[73.468,16.047],[73.483,16.036],[73.491,16.012],[73.489,15.988],[73.5,15.97],[73.506,15.968],[73.502,15.955],[73.51,15.937],[73.522,15.938],[73.532,15.933],[73.537,15.938],[73.565,15.92],[73.569,15.913],[73.59,15.912],[73.591,15.9],[73.603,15.885],[73.613,15.855],[73.619,15.852],[73.621,15.859],[73.63,15.846],[73.639,15.82],[73.636,15.816],[73.65,15.803],[73.653,15.794],[73.662,15.805],[73.654,15.788],[73.663,15.758],[73.669,15.758],[73.675,15.753],[73.667,15.757],[73.658,15.748],[73.648,15.746],[73.68,15.724],[73.692,15.727],[73.707,15.722],[73.719,15.722],[73.737,15.717],[73.749,15.731],[73.758,15.733],[73.793,15.724],[73.82,15.74],[73.833,15.738],[73.839,15.761],[73.845,15.763],[73.852,15.778],[73.857,15.778],[73.865,15.798],[73.876,15.793],[73.875,15.783],[73.887,15.77],[73.882,15.749],[73.909,15.742],[73.915,15.745],[73.945,15.742],[73.959,15.711],[73.957,15.697],[73.966,15.695],[73.971,15.687],[73.976,15.66],[73.969,15.644],[73.976,15.629],[73.999,15.611],[74.028,15.605],[74.036,15.609],[74.039,15.621],[74.081,15.626],[74.126,15.65],[74.105,15.659],[74.097,15.671],[74.118,15.671],[74.134,15.678],[74.142,15.7],[74.131,15.718],[74.16,15.734],[74.168,15.749],[74.204,15.753],[74.211,15.759],[74.217,15.779],[74.227,15.786],[74.239,15.785],[74.235,15.754],[74.25,15.741],[74.274,15.753],[74.292,15.739],[74.324,15.757],[74.33,15.77],[74.351,15.763],[74.365,15.774],[74.376,15.801],[74.374,15.81],[74.366,15.815],[74.375,15.828],[74.389,15.836],[74.389,15.844],[74.345,15.852],[74.367,15.871],[74.374,15.892],[74.393,15.852],[74.412,15.853],[74.399,15.874],[74.399,15.896],[74.392,15.901],[74.435,15.951],[74.45,15.983],[74.45,15.999],[74.47,16.041],[74.468,16.047],[74.44,16.057],[74.416,16.051],[74.39,16.035],[74.379,16.037],[74.382,16.054],[74.368,16.053],[74.381,16.078],[74.397,16.078],[74.397,16.087],[74.415,16.092],[74.418,16.101],[74.435,16.111],[74.465,16.102],[74.479,16.088],[74.489,16.087],[74.497,16.112],[74.486,16.147],[74.495,16.155],[74.498,16.181],[74.513,16.188],[74.513,16.201],[74.502,16.214],[74.508,16.223],[74.503,16.231],[74.484,16.247],[74.473,16.239],[74.463,16.242],[74.461,16.248],[74.423,16.257],[74.421,16.281],[74.391,16.276],[74.39,16.29],[74.38,16.294],[74.363,16.287],[74.353,16.292],[74.36,16.28],[74.337,16.266],[74.334,16.268],[74.329,16.279],[74.332,16.286],[74.349,16.291],[74.341,16.312],[74.332,16.311],[74.332,16.316],[74.34,16.317],[74.337,16.323],[74.323,16.325],[74.329,16.333],[74.323,16.34],[74.334,16.341],[74.324,16.354],[74.332,16.357],[74.325,16.379],[74.333,16.376],[74.335,16.389],[74.343,16.391],[74.352,16.366],[74.362,16.365],[74.36,16.379],[74.369,16.394],[74.365,16.403],[74.343,16.4],[74.337,16.42],[74.344,16.426],[74.339,16.452],[74.322,16.45],[74.305,16.461],[74.296,16.459],[74.3,16.503],[74.289,16.504],[74.281,16.489],[74.283,16.483],[74.269,16.476],[74.253,16.495],[74.286,16.503],[74.284,16.516],[74.277,16.521],[74.272,16.533],[74.276,16.545],[74.288,16.539],[74.29,16.523],[74.294,16.532],[74.307,16.529],[74.314,16.502],[74.324,16.506],[74.322,16.545],[74.329,16.553],[74.346,16.546],[74.366,16.557],[74.369,16.553],[74.363,16.549],[74.363,16.539],[74.39,16.528],[74.396,16.536],[74.396,16.56],[74.401,16.561],[74.403,16.579],[74.429,16.583],[74.441,16.599],[74.472,16.605],[74.463,16.644],[74.465,16.653],[74.477,16.661],[74.486,16.639],[74.498,16.627],[74.551,16.633],[74.55,16.592],[74.566,16.59],[74.57,16.581],[74.56,16.571],[74.56,16.56],[74.574,16.552],[74.592,16.556],[74.593,16.564],[74.605,16.562],[74.617,16.568],[74.624,16.582],[74.636,16.576],[74.643,16.607],[74.664,16.601],[74.679,16.607],[74.69,16.604],[74.694,16.615],[74.666,16.629],[74.661,16.638],[74.672,16.664],[74.696,16.675],[74.687,16.679],[74.696,16.686],[74.698,16.715],[74.737,16.716],[74.775,16.741],[74.779,16.749],[74.8,16.746],[74.804,16.751],[74.85,16.76],[74.855,16.771],[74.924,16.77],[74.916,16.786],[74.912,16.856],[74.937,16.869],[74.94,16.877],[74.964,16.878],[74.967,16.905],[74.953,16.906],[74.927,16.926],[74.929,16.935],[74.938,16.941],[74.952,16.936],[74.955,16.93],[74.969,16.936],[74.986,16.929],[75.004,16.946],[75.03,16.942],[75.032,16.926],[75.048,16.939],[75.065,16.939],[75.09,16.949],[75.098,16.914],[75.119,16.91],[75.124,16.9],[75.138,16.893],[75.141,16.874],[75.172,16.865],[75.19,16.874],[75.193,16.87],[75.183,16.842],[75.216,16.84],[75.23,16.841],[75.243,16.864],[75.268,16.861],[75.283,16.874],[75.292,16.901],[75.286,16.909],[75.284,16.943],[75.288,16.955],[75.345,16.953],[75.395,16.976],[75.431,16.963],[75.444,16.979],[75.468,16.985],[75.469,16.98],[75.482,16.976],[75.49,16.965],[75.492,16.943],[75.511,16.947],[75.533,16.967],[75.57,16.964],[75.57,17.006],[75.576,17.008],[75.61,17.003],[75.611,16.97],[75.636,16.966],[75.645,16.951],[75.675,16.96],[75.678,16.964],[75.669,16.978],[75.672,17.036],[75.654,17.031],[75.644,17.036],[75.663,17.062],[75.678,17.063],[75.678,17.094],[75.674,17.114],[75.654,17.113],[75.653,17.133],[75.628,17.17],[75.631,17.186],[75.643,17.188],[75.644,17.194],[75.662,17.208],[75.66,17.261],[75.657,17.271],[75.632,17.272],[75.625,17.294],[75.606,17.303],[75.616,17.329],[75.613,17.342],[75.585,17.35],[75.579,17.383],[75.616,17.392],[75.61,17.42],[75.615,17.422],[75.636,17.478],[75.65,17.473],[75.662,17.46],[75.678,17.458],[75.691,17.413],[75.715,17.409],[75.737,17.422],[75.77,17.407],[75.782,17.379],[75.802,17.37],[75.815,17.374],[75.816,17.398],[75.825,17.423],[75.839,17.421],[75.856,17.408],[75.862,17.386],[75.879,17.4],[75.878,17.417],[75.887,17.417],[75.896,17.395],[75.894,17.354],[75.911,17.346],[75.931,17.324],[75.972,17.336],[76,17.338],[76.015,17.351],[76.037,17.349],[76.055,17.354],[76.063,17.352],[76.079,17.33],[76.087,17.334],[76.096,17.358],[76.121,17.366],[76.163,17.341],[76.164,17.3],[76.176,17.297],[76.184,17.311],[76.176,17.321],[76.172,17.349],[76.183,17.357],[76.229,17.363],[76.23,17.37],[76.244,17.375],[76.25,17.358],[76.27,17.357],[76.276,17.331],[76.317,17.329],[76.313,17.343],[76.344,17.35],[76.352,17.311],[76.382,17.312],[76.393,17.336],[76.411,17.348],[76.408,17.369],[76.362,17.375],[76.373,17.434],[76.334,17.432],[76.331,17.469],[76.35,17.472],[76.372,17.486],[76.375,17.494],[76.343,17.494],[76.346,17.511],[76.366,17.517],[76.366,17.522],[76.361,17.536],[76.34,17.543],[76.332,17.595],[76.416,17.604],[76.429,17.644],[76.443,17.642],[76.441,17.649],[76.452,17.656],[76.489,17.661],[76.485,17.67],[76.486,17.714],[76.524,17.715],[76.524,17.759],[76.56,17.763],[76.573,17.76],[76.565,17.754],[76.569,17.704],[76.573,17.702],[76.587,17.708],[76.593,17.718],[76.604,17.756],[76.614,17.768],[76.627,17.756],[76.631,17.729],[76.655,17.716],[76.663,17.688],[76.678,17.687],[76.691,17.68],[76.691,17.702],[76.701,17.707],[76.703,17.719],[76.698,17.726],[76.728,17.737],[76.718,17.748],[76.721,17.768],[76.713,17.771],[76.716,17.782],[76.725,17.785],[76.739,17.779],[76.749,17.786],[76.763,17.787],[76.766,17.797],[76.776,17.799],[76.788,17.826],[76.766,17.851],[76.737,17.857],[76.741,17.898],[76.766,17.898],[76.775,17.877],[76.803,17.868],[76.808,17.883],[76.833,17.883],[76.832,17.891],[76.854,17.898],[76.881,17.893],[76.889,17.897],[76.9,17.915],[76.916,17.915],[76.919,17.937],[76.913,17.937],[76.92,17.985],[76.918,18.033],[76.955,18.04],[76.949,18.046],[76.953,18.063],[76.947,18.074],[76.95,18.082],[76.964,18.088],[76.968,18.097],[76.953,18.11],[76.923,18.116],[76.932,18.137],[76.925,18.145],[76.933,18.158],[76.944,18.155],[76.954,18.185],[76.988,18.188],[76.998,18.167],[77.024,18.163],[77.022,18.178],[77.033,18.184],[77.049,18.173],[77.05,18.161],[77.058,18.152],[77.086,18.15],[77.097,18.158],[77.109,18.153],[77.116,18.168],[77.096,18.195],[77.121,18.207],[77.139,18.207],[77.142,18.216],[77.15,18.217],[77.148,18.238],[77.157,18.253],[77.166,18.256],[77.171,18.281],[77.192,18.274],[77.206,18.278],[77.195,18.313],[77.2,18.319],[77.21,18.314],[77.227,18.345],[77.221,18.347],[77.231,18.366],[77.245,18.371],[77.233,18.386],[77.24,18.409],[77.258,18.41],[77.265,18.418],[77.302,18.438],[77.313,18.439],[77.317,18.454],[77.326,18.455],[77.326,18.449],[77.333,18.448],[77.342,18.43],[77.354,18.449],[77.37,18.448],[77.364,18.43],[77.37,18.401],[77.4,18.398],[77.41,18.389],[77.408,18.378],[77.392,18.366],[77.398,18.347],[77.393,18.341],[77.379,18.339],[77.378,18.329],[77.355,18.319],[77.359,18.311],[77.408,18.3],[77.428,18.309],[77.436,18.306],[77.437,18.282],[77.445,18.277],[77.445,18.27],[77.465,18.26],[77.48,18.269],[77.492,18.266],[77.51,18.278],[77.51,18.307],[77.52,18.307],[77.55,18.291],[77.57,18.308],[77.567,18.318],[77.553,18.331],[77.527,18.339],[77.52,18.349],[77.521,18.365],[77.549,18.388],[77.555,18.418],[77.526,18.427],[77.528,18.44],[77.535,18.442],[77.56,18.435],[77.585,18.445],[77.584,18.454],[77.55,18.458],[77.546,18.463],[77.571,18.467],[77.577,18.484],[77.591,18.481],[77.593,18.474],[77.601,18.474],[77.603,18.491],[77.586,18.503],[77.587,18.51],[77.601,18.522],[77.593,18.523],[77.597,18.548],[77.611,18.548],[77.613,18.542],[77.616,18.549],[77.629,18.551],[77.634,18.545],[77.64,18.554],[77.649,18.553],[77.652,18.55],[77.645,18.536],[77.658,18.527],[77.676,18.541],[77.712,18.554],[77.737,18.555],[77.748,18.605],[77.73,18.643],[77.733,18.662],[77.728,18.664],[77.733,18.676],[77.749,18.69],[77.758,18.707],[77.764,18.708],[77.769,18.691],[77.786,18.684],[77.787,18.694],[77.802,18.716],[77.803,18.729],[77.837,18.807],[77.908,18.83],[77.929,18.822],[77.943,18.822],[77.944,18.842],[77.93,18.846],[77.932,18.851],[77.925,18.854],[77.925,18.859],[77.899,18.868],[77.899,18.884],[77.888,18.885],[77.882,18.909],[77.857,18.906],[77.84,18.911],[77.854,18.952],[77.83,18.95],[77.827,18.946],[77.813,18.949],[77.817,18.982],[77.787,18.984],[77.782,18.976],[77.767,18.981],[77.765,19.015],[77.757,19.029],[77.762,19.062],[77.797,19.051],[77.794,19.071],[77.801,19.084],[77.803,19.102],[77.815,19.104],[77.829,19.085],[77.848,19.09],[77.845,19.114],[77.831,19.136],[77.849,19.155],[77.853,19.177],[77.858,19.181],[77.845,19.188],[77.847,19.197],[77.862,19.226],[77.867,19.255],[77.885,19.26],[77.9,19.256],[77.906,19.267],[77.901,19.277],[77.862,19.284],[77.861,19.302],[77.888,19.312],[77.893,19.321],[77.912,19.318],[77.941,19.343],[77.949,19.341],[77.985,19.309],[78.018,19.296],[78.033,19.274],[78.046,19.271],[78.051,19.242],[78.075,19.247],[78.082,19.255],[78.099,19.245],[78.127,19.246],[78.15,19.23],[78.17,19.236],[78.183,19.242],[78.186,19.249],[78.183,19.279],[78.193,19.303],[78.197,19.332],[78.18,19.353],[78.188,19.396],[78.182,19.412],[78.198,19.407],[78.224,19.434],[78.252,19.43],[78.273,19.454],[78.297,19.449],[78.309,19.456],[78.31,19.486],[78.299,19.504],[78.295,19.537],[78.279,19.558],[78.297,19.558],[78.3,19.567],[78.311,19.572],[78.311,19.604],[78.288,19.654],[78.27,19.663],[78.286,19.69],[78.316,19.691],[78.323,19.704],[78.345,19.714],[78.345,19.734],[78.353,19.738],[78.368,19.781],[78.36,19.806],[78.336,19.819],[78.339,19.839],[78.294,19.85],[78.308,19.908],[78.32,19.915],[78.328,19.916],[78.335,19.91],[78.323,19.895],[78.336,19.883],[78.384,19.879],[78.386,19.853],[78.398,19.836],[78.429,19.823],[78.476,19.816],[78.494,19.793],[78.504,19.792],[78.512,19.814],[78.526,19.822],[78.585,19.812],[78.604,19.818],[78.635,19.804],[78.696,19.79],[78.716,19.767],[78.738,19.779],[78.763,19.776],[78.785,19.779],[78.808,19.758],[78.838,19.762],[78.846,19.758],[78.863,19.697],[78.859,19.656],[78.891,19.655],[78.916,19.668],[78.935,19.662],[78.954,19.663],[78.969,19.649],[78.963,19.617],[78.966,19.605],[78.981,19.585],[78.95,19.557],[78.955,19.552],[78.978,19.551],[78.993,19.562],[79.018,19.54],[79.052,19.545],[79.063,19.531],[79.103,19.528],[79.105,19.513],[79.14,19.501],[79.178,19.461],[79.189,19.459],[79.223,19.468],[79.207,19.492],[79.216,19.511],[79.237,19.527],[79.24,19.559],[79.25,19.578],[79.238,19.6],[79.237,19.609],[79.244,19.613],[79.305,19.59],[79.314,19.566],[79.33,19.574],[79.369,19.571],[79.371,19.562],[79.414,19.533],[79.441,19.534],[79.458,19.519],[79.47,19.497],[79.513,19.518],[79.515,19.542],[79.543,19.549],[79.552,19.52],[79.583,19.503],[79.598,19.504],[79.616,19.559],[79.64,19.575],[79.713,19.583],[79.74,19.603],[79.785,19.594],[79.793,19.58],[79.817,19.569],[79.828,19.537],[79.87,19.505],[79.911,19.492],[79.94,19.465],[79.946,19.441],[79.973,19.401],[79.957,19.335],[79.962,19.297],[79.945,19.284],[79.92,19.226],[79.923,19.203],[79.943,19.171],[79.941,19.164],[79.926,19.161],[79.906,19.142],[79.871,19.123],[79.858,19.104],[79.86,19.035],[79.891,19.045],[79.916,19.047],[79.926,19.042],[79.934,19.022],[79.931,18.975],[79.941,18.938],[79.939,18.859],[79.926,18.838],[79.894,18.831],[79.916,18.797],[79.932,18.784],[80.012,18.767],[80.019,18.751],[80.033,18.746],[80.046,18.721],[80.062,18.717],[80.111,18.676],[80.158,18.696],[80.171,18.677],[80.189,18.676],[80.202,18.697],[80.214,18.701],[80.225,18.696],[80.247,18.701],[80.268,18.718],[80.241,18.749],[80.242,18.76],[80.249,18.765],[80.277,18.765],[80.294,18.791],[80.319,18.796],[80.346,18.811],[80.349,18.824],[80.326,18.87],[80.268,18.929],[80.264,18.941],[80.268,18.987],[80.293,19.022],[80.289,19.046],[80.316,19.065],[80.322,19.075],[80.32,19.088],[80.332,19.101],[80.321,19.124],[80.325,19.142],[80.336,19.148],[80.345,19.163],[80.373,19.175],[80.387,19.189],[80.377,19.217],[80.383,19.239],[80.437,19.261],[80.476,19.335],[80.514,19.348],[80.532,19.374],[80.568,19.401],[80.584,19.377],[80.589,19.344],[80.61,19.307],[80.625,19.307],[80.658,19.324],[80.672,19.326],[80.684,19.32],[80.682,19.296],[80.689,19.283],[80.749,19.287],[80.778,19.319],[80.799,19.325],[80.803,19.332],[80.845,19.361],[80.813,19.383],[80.788,19.427],[80.835,19.442],[80.867,19.443],[80.892,19.466],[80.89,19.499],[80.879,19.519],[80.845,19.529],[80.828,19.563],[80.785,19.56],[80.766,19.568],[80.764,19.585],[80.721,19.608],[80.657,19.612],[80.666,19.692],[80.634,19.718],[80.582,19.738],[80.571,19.755],[80.54,19.775],[80.542,19.819],[80.508,19.83],[80.469,19.825],[80.46,19.811],[80.48,19.795],[80.483,19.781],[80.478,19.772],[80.452,19.793],[80.395,19.795],[80.398,19.816],[80.417,19.809],[80.432,19.81],[80.46,19.828],[80.475,19.857],[80.498,19.869],[80.492,19.891],[80.483,19.899],[80.461,19.903],[80.444,19.894],[80.408,19.906],[80.403,19.91],[80.406,19.933],[80.425,19.937],[80.444,19.953],[80.453,19.945],[80.465,19.946],[80.47,19.934],[80.48,19.928],[80.502,19.925],[80.52,19.931],[80.526,19.949],[80.534,19.953],[80.532,19.967],[80.546,19.987],[80.533,20.004],[80.546,20.066],[80.535,20.085],[80.54,20.11],[80.524,20.124],[80.504,20.129],[80.498,20.139],[80.451,20.145],[80.44,20.129],[80.394,20.144],[80.386,20.163],[80.395,20.182],[80.414,20.19],[80.412,20.202],[80.398,20.213],[80.383,20.242],[80.423,20.253],[80.465,20.272],[80.494,20.275],[80.511,20.27],[80.542,20.307],[80.584,20.319],[80.605,20.32],[80.607,20.325],[80.617,20.326],[80.618,20.334],[80.601,20.369],[80.602,20.376],[80.59,20.384],[80.586,20.396],[80.59,20.413],[80.603,20.433],[80.595,20.446],[80.603,20.462],[80.613,20.542],[80.61,20.556],[80.62,20.567],[80.613,20.591],[80.622,20.604],[80.586,20.614],[80.567,20.612],[80.559,20.61],[80.551,20.599],[80.512,20.585],[80.5,20.587],[80.482,20.617],[80.485,20.635],[80.508,20.655],[80.553,20.673],[80.573,20.674],[80.58,20.684],[80.575,20.698],[80.56,20.712],[80.555,20.747],[80.546,20.765],[80.543,20.792],[80.556,20.82],[80.55,20.889],[80.538,20.926],[80.542,20.934],[80.474,20.927],[80.456,20.932],[80.441,20.965],[80.438,20.992],[80.424,21.01],[80.447,21.037],[80.442,21.081],[80.433,21.097],[80.44,21.112],[80.449,21.112],[80.439,21.121],[80.457,21.173],[80.475,21.171],[80.495,21.183],[80.508,21.182],[80.521,21.204],[80.542,21.199],[80.558,21.204],[80.572,21.217],[80.603,21.227],[80.635,21.25],[80.655,21.29],[80.673,21.298],[80.673,21.311],[80.657,21.331]]]]},"properties":{"ID_0":105,"ISO":"IND","NAME_0":"India","ID_1":21,"NAME_1":"Maharashtra"}},
{"type":"Feature","geometry":{"type":"Polygon","coordinates":[[[94.682,25.46],[94.666,25.455],[94.633,25.466],[94.557,25.513],[94.565,25.568],[94.56,25.568],[94.562,25.578],[94.556,25.586],[94.584,25.634],[94.595,25.644],[94.576,25.645],[94.596,25.691],[94.573,25.698],[94.552,25.662],[94.532,25.65],[94.531,25.643],[94.524,25.643],[94.505,25.617],[94.502,25.62],[94.493,25.614],[94.491,25.62],[94.474,25.622],[94.448,25.598],[94.43,25.593],[94.422,25.576],[94.426,25.561],[94.42,25.543],[94.389,25.537],[94.365,25.521],[94.329,25.508],[94.314,25.494],[94.303,25.495],[94.287,25.512],[94.274,25.503],[94.257,25.503],[94.252,25.499],[94.229,25.496],[94.215,25.5],[94.191,25.531],[94.195,25.552],[94.168,25.547],[94.16,25.555],[94.139,25.524],[94.092,25.533],[94.096,25.542],[94.086,25.56],[94.069,25.559],[94.054,25.577],[94.035,25.581],[94.026,25.593],[94.015,25.596],[94.008,25.591],[94.01,25.571],[93.98,25.571],[93.965,25.557],[93.944,25.563],[93.892,25.568],[93.862,25.558],[93.836,25.563],[93.833,25.556],[93.825,25.556],[93.82,25.544],[93.771,25.54],[93.766,25.5],[93.773,25.498],[93.788,25.506],[93.804,25.499],[93.814,25.485],[93.809,25.466],[93.781,25.425],[93.747,25.406],[93.74,25.384],[93.723,25.376],[93.718,25.362],[93.712,25.358],[93.693,25.362],[93.687,25.331],[93.672,25.329],[93.673,25.312],[93.666,25.308],[93.65,25.269],[93.644,25.266],[93.608,25.202],[93.593,25.204],[93.59,25.22],[93.575,25.228],[93.563,25.247],[93.555,25.251],[93.541,25.245],[93.521,25.249],[93.505,25.244],[93.511,25.276],[93.477,25.279],[93.474,25.309],[93.46,25.295],[93.445,25.292],[93.426,25.281],[93.421,25.266],[93.404,25.263],[93.389,25.246],[93.385,25.226],[93.353,25.182],[93.347,25.164],[93.349,25.125],[93.336,25.096],[93.324,25.092],[93.313,25.078],[93.305,25.048],[93.3,25.053],[93.292,25.047],[93.284,25.052],[93.268,25.05],[93.256,25.029],[93.258,25.022],[93.249,25.019],[93.247,25.004],[93.263,25.004],[93.256,25.002],[93.252,24.981],[93.253,24.973],[93.263,24.966],[93.262,24.951],[93.249,24.955],[93.254,24.943],[93.244,24.944],[93.24,24.939],[93.248,24.94],[93.243,24.931],[93.25,24.93],[93.253,24.919],[93.239,24.915],[93.243,24.904],[93.23,24.895],[93.235,24.89],[93.226,24.881],[93.229,24.877],[93.209,24.857],[93.197,24.856],[93.202,24.844],[93.194,24.844],[93.202,24.84],[93.193,24.836],[93.197,24.834],[93.192,24.823],[93.197,24.811],[93.182,24.805],[93.179,24.796],[93.174,24.804],[93.153,24.79],[93.137,24.811],[93.131,24.806],[93.121,24.809],[93.123,24.82],[93.11,24.81],[93.113,24.802],[93.101,24.778],[93.106,24.77],[93.099,24.744],[93.102,24.742],[93.103,24.747],[93.107,24.742],[93.093,24.724],[93.089,24.709],[93.079,24.714],[93.076,24.71],[93.093,24.688],[93.092,24.678],[93.102,24.68],[93.105,24.675],[93.096,24.653],[93.085,24.648],[93.089,24.628],[93.079,24.626],[93.079,24.621],[93.087,24.611],[93.075,24.596],[93.089,24.59],[93.099,24.591],[93.107,24.584],[93.097,24.583],[93.087,24.571],[93.061,24.575],[93.073,24.561],[93.066,24.547],[93.061,24.555],[93.053,24.545],[93.048,24.531],[93.053,24.52],[93.041,24.515],[93.044,24.506],[93.036,24.497],[93.049,24.475],[93.048,24.464],[93.038,24.461],[93.032,24.429],[93.039,24.411],[93.016,24.403],[93.006,24.412],[93,24.403],[93.024,24.39],[93.017,24.38],[93.022,24.374],[93.022,24.347],[93.043,24.343],[93.035,24.318],[93.008,24.28],[93.014,24.272],[93.007,24.254],[93.018,24.236],[93.027,24.233],[93.019,24.229],[93.022,24.21],[93.017,24.2],[93.003,24.198],[93.011,24.182],[93.003,24.174],[93.005,24.161],[92.991,24.15],[92.989,24.132],[92.974,24.124],[92.976,24.115],[92.996,24.117],[93.014,24.105],[93.027,24.104],[93.054,24.091],[93.079,24.103],[93.09,24.084],[93.102,24.074],[93.101,24.045],[93.129,24.064],[93.135,24.079],[93.148,24.088],[93.17,24.075],[93.17,24.055],[93.194,24.056],[93.217,24.05],[93.224,24.084],[93.248,24.085],[93.264,24.073],[93.267,24.06],[93.252,24.034],[93.255,24.024],[93.274,24.034],[93.288,24.052],[93.337,24.053],[93.342,24.067],[93.334,24.09],[93.354,24.098],[93.347,24.113],[93.357,24.109],[93.366,24.093],[93.415,24.079],[93.433,24.062],[93.444,24.028],[93.453,24.023],[93.467,23.999],[93.469,23.974],[93.515,23.947],[93.531,23.961],[93.555,23.965],[93.564,23.99],[93.58,23.97],[93.603,23.97],[93.621,23.991],[93.616,24.011],[93.621,24.014],[93.652,24.014],[93.663,24.005],[93.678,24.011],[93.74,23.999],[93.747,24.009],[93.757,24.009],[93.773,23.982],[93.794,23.968],[93.808,23.933],[93.816,23.93],[93.866,23.938],[93.877,23.947],[93.907,23.957],[93.954,23.95],[93.969,23.934],[94.018,23.934],[94.043,23.918],[94.057,23.898],[94.096,23.894],[94.123,23.843],[94.135,23.846],[94.139,23.856],[94.161,23.853],[94.171,23.935],[94.196,23.938],[94.194,23.965],[94.245,24.044],[94.233,24.067],[94.247,24.063],[94.26,24.09],[94.258,24.143],[94.263,24.168],[94.284,24.18],[94.295,24.24],[94.313,24.254],[94.328,24.292],[94.326,24.339],[94.352,24.342],[94.383,24.379],[94.386,24.385],[94.365,24.4],[94.367,24.405],[94.399,24.413],[94.404,24.421],[94.409,24.444],[94.4,24.462],[94.411,24.47],[94.403,24.488],[94.43,24.493],[94.465,24.576],[94.485,24.582],[94.502,24.596],[94.531,24.632],[94.551,24.675],[94.553,24.693],[94.547,24.707],[94.551,24.717],[94.562,24.718],[94.577,24.712],[94.573,24.722],[94.582,24.731],[94.586,24.73],[94.585,24.715],[94.591,24.711],[94.611,24.722],[94.618,24.744],[94.633,24.765],[94.625,24.796],[94.635,24.815],[94.638,24.842],[94.656,24.863],[94.657,24.874],[94.689,24.895],[94.702,24.928],[94.719,24.942],[94.704,24.964],[94.703,24.978],[94.742,25.025],[94.751,25.064],[94.746,25.137],[94.714,25.15],[94.703,25.16],[94.687,25.158],[94.648,25.174],[94.631,25.19],[94.609,25.191],[94.585,25.216],[94.599,25.267],[94.599,25.289],[94.622,25.337],[94.631,25.387],[94.649,25.406],[94.674,25.416],[94.682,25.46]]]},"properties":{"ID_0":105,"ISO":"IND","NAME_0":"India","ID_1":22,"NAME_1":"Manipur"}},
{"type":"Feature","geometry":{"type":"Polygon","coordinates":[[[92.426,25.032],[92.438,25.034],[92.447,25.042],[92.457,25.035],[92.463,25.037],[92.46,25.055],[92.475,25.071],[92.484,25.108],[92.527,25.106],[92.543,25.1],[92.525,25.126],[92.525,25.14],[92.558,25.13],[92.582,25.132],[92.622,25.118],[92.638,25.145],[92.66,25.159],[92.667,25.177],[92.679,25.183],[92.694,25.181],[92.705,25.191],[92.747,25.208],[92.78,25.203],[92.804,25.219],[92.786,25.231],[92.772,25.233],[92.765,25.249],[92.777,25.261],[92.77,25.269],[92.789,25.279],[92.792,25.285],[92.784,25.308],[92.788,25.318],[92.784,25.333],[92.772,25.34],[92.761,25.335],[92.74,25.365],[92.737,25.381],[92.718,25.375],[92.674,25.417],[92.66,25.41],[92.654,25.435],[92.642,25.42],[92.629,25.435],[92.629,25.425],[92.609,25.417],[92.598,25.472],[92.585,25.468],[92.582,25.473],[92.571,25.464],[92.567,25.467],[92.568,25.481],[92.576,25.49],[92.622,25.516],[92.645,25.537],[92.65,25.56],[92.661,25.57],[92.66,25.585],[92.653,25.592],[92.641,25.587],[92.629,25.569],[92.609,25.566],[92.603,25.557],[92.587,25.553],[92.581,25.56],[92.573,25.56],[92.561,25.574],[92.558,25.612],[92.54,25.618],[92.511,25.617],[92.502,25.623],[92.481,25.664],[92.465,25.682],[92.432,25.691],[92.427,25.71],[92.442,25.721],[92.433,25.731],[92.417,25.73],[92.412,25.737],[92.416,25.74],[92.411,25.743],[92.387,25.743],[92.385,25.754],[92.363,25.737],[92.334,25.725],[92.308,25.726],[92.271,25.711],[92.237,25.708],[92.229,25.716],[92.211,25.696],[92.171,25.667],[92.161,25.672],[92.165,25.678],[92.161,25.696],[92.15,25.715],[92.166,25.734],[92.151,25.784],[92.153,25.813],[92.181,25.851],[92.18,25.87],[92.203,25.89],[92.216,25.894],[92.225,25.907],[92.223,25.911],[92.201,25.908],[92.197,25.918],[92.181,25.909],[92.164,25.912],[92.156,25.945],[92.165,25.954],[92.167,25.968],[92.222,25.999],[92.302,26.076],[92.297,26.079],[92.274,26.065],[92.269,26.068],[92.241,26.063],[92.212,26.071],[92.18,26.069],[92.178,26.08],[92.155,26.068],[92.133,26.046],[92.093,26.049],[92.053,26.033],[92.035,26.04],[91.991,26.041],[91.978,26.026],[91.934,26.015],[91.922,26],[91.916,26.01],[91.917,26.021],[91.883,26.03],[91.87,26.052],[91.876,26.098],[91.819,26.119],[91.811,26.105],[91.802,26.105],[91.79,26.087],[91.779,26.091],[91.759,26.071],[91.731,26.059],[91.735,26.057],[91.726,26.047],[91.723,26.03],[91.72,25.954],[91.701,25.942],[91.669,25.905],[91.662,25.91],[91.651,25.908],[91.611,25.94],[91.611,25.945],[91.63,25.945],[91.638,25.965],[91.625,25.986],[91.633,26.005],[91.632,26.022],[91.62,26.027],[91.597,26.021],[91.597,26.017],[91.588,26.03],[91.576,26.033],[91.551,25.975],[91.537,25.968],[91.537,25.962],[91.519,25.958],[91.52,25.941],[91.502,25.921],[91.506,25.913],[91.536,25.934],[91.531,25.924],[91.509,25.91],[91.501,25.898],[91.503,25.892],[91.493,25.896],[91.483,25.891],[91.475,25.871],[91.494,25.866],[91.508,25.867],[91.53,25.89],[91.533,25.884],[91.525,25.873],[91.508,25.865],[91.469,25.859],[91.444,25.841],[91.419,25.855],[91.353,25.838],[91.334,25.839],[91.276,25.747],[91.255,25.748],[91.224,25.723],[91.192,25.73],[91.189,25.763],[91.18,25.776],[91.19,25.821],[91.203,25.841],[91.196,25.859],[91.179,25.843],[91.153,25.85],[91.132,25.842],[91.121,25.831],[91.081,25.829],[91.067,25.826],[91.063,25.82],[91.05,25.829],[91.073,25.838],[91.079,25.853],[91.066,25.846],[91.049,25.849],[91.021,25.823],[91.001,25.822],[91.013,25.857],[91.027,25.867],[91.029,25.888],[91.014,25.884],[90.985,25.89],[90.967,25.887],[90.961,25.928],[90.946,25.939],[90.943,25.948],[90.932,25.94],[90.916,25.943],[90.919,25.913],[90.895,25.932],[90.896,25.937],[90.883,25.952],[90.873,25.943],[90.843,25.945],[90.837,25.938],[90.836,25.947],[90.824,25.945],[90.81,25.952],[90.792,25.936],[90.778,25.908],[90.758,25.911],[90.759,25.922],[90.745,25.912],[90.741,25.915],[90.753,25.934],[90.744,25.933],[90.74,25.941],[90.747,25.957],[90.725,25.949],[90.718,25.955],[90.686,25.951],[90.676,25.936],[90.627,25.917],[90.625,25.899],[90.614,25.9],[90.607,25.912],[90.608,25.92],[90.629,25.937],[90.582,25.96],[90.571,25.939],[90.553,25.929],[90.525,25.901],[90.513,25.896],[90.534,25.936],[90.534,25.958],[90.506,25.996],[90.477,26.015],[90.458,26],[90.429,25.989],[90.417,25.992],[90.411,26.006],[90.396,26.014],[90.365,26.01],[90.339,25.997],[90.324,25.974],[90.287,25.964],[90.213,25.954],[90.208,25.962],[90.194,25.957],[90.183,25.944],[90.176,25.957],[90.158,25.958],[90.153,25.965],[90.14,25.958],[90.123,25.957],[90.119,25.961],[90.105,25.942],[90.101,25.942],[90.096,25.94],[90.088,25.936],[90.092,25.929],[90.081,25.925],[90.078,25.918],[90.072,25.919],[90.063,25.916],[90.059,25.91],[90.052,25.899],[90.042,25.891],[90.028,25.894],[90.015,25.889],[90.005,25.879],[90.014,25.872],[90.019,25.871],[90.022,25.866],[90.012,25.85],[89.997,25.844],[90.002,25.842],[89.976,25.834],[89.968,25.826],[89.951,25.825],[89.945,25.824],[89.946,25.82],[89.946,25.816],[89.952,25.811],[89.953,25.783],[89.955,25.774],[89.934,25.753],[89.934,25.745],[89.916,25.739],[89.899,25.744],[89.893,25.735],[89.894,25.727],[89.913,25.707],[89.919,25.703],[89.921,25.694],[89.932,25.69],[89.942,25.678],[89.947,25.659],[89.98,25.638],[89.983,25.627],[89.999,25.622],[90.005,25.624],[90.018,25.608],[90.006,25.588],[90.002,25.584],[89.995,25.586],[89.979,25.591],[89.973,25.575],[89.936,25.563],[89.918,25.563],[89.886,25.558],[89.878,25.549],[89.87,25.544],[89.875,25.542],[89.871,25.537],[89.876,25.529],[89.87,25.521],[89.874,25.514],[89.88,25.489],[89.869,25.476],[89.864,25.473],[89.855,25.476],[89.857,25.462],[89.84,25.439],[89.822,25.385],[89.822,25.356],[89.837,25.334],[89.835,25.32],[89.847,25.31],[89.834,25.296],[89.881,25.287],[89.911,25.309],[89.937,25.301],[89.949,25.304],[89.953,25.296],[89.971,25.303],[89.98,25.298],[89.986,25.282],[89.999,25.279],[90.008,25.282],[90.034,25.267],[90.06,25.263],[90.081,25.245],[90.115,25.227],[90.175,25.224],[90.229,25.203],[90.241,25.207],[90.318,25.19],[90.342,25.194],[90.38,25.164],[90.414,25.16],[90.452,25.145],[90.46,25.152],[90.494,25.161],[90.508,25.171],[90.516,25.17],[90.517,25.175],[90.583,25.171],[90.616,25.178],[90.626,25.172],[90.649,25.173],[90.648,25.182],[90.665,25.186],[90.671,25.197],[90.673,25.167],[90.693,25.172],[90.688,25.166],[90.704,25.155],[90.708,25.163],[90.712,25.16],[90.72,25.167],[90.739,25.154],[90.746,25.159],[90.74,25.165],[90.764,25.166],[90.77,25.177],[90.785,25.184],[90.789,25.178],[90.8,25.178],[90.81,25.172],[90.809,25.165],[90.814,25.163],[90.82,25.166],[90.854,25.156],[90.886,25.164],[90.93,25.161],[91.082,25.197],[91.132,25.193],[91.204,25.2],[91.252,25.195],[91.274,25.204],[91.298,25.191],[91.295,25.186],[91.326,25.182],[91.342,25.172],[91.36,25.17],[91.368,25.176],[91.375,25.167],[91.403,25.164],[91.416,25.165],[91.42,25.17],[91.43,25.156],[91.446,25.149],[91.471,25.15],[91.47,25.135],[91.474,25.134],[91.503,25.135],[91.513,25.145],[91.559,25.149],[91.567,25.159],[91.579,25.161],[91.58,25.173],[91.617,25.176],[91.619,25.17],[91.603,25.16],[91.606,25.146],[91.626,25.145],[91.628,25.128],[91.645,25.123],[91.679,25.138],[91.696,25.139],[91.708,25.151],[91.707,25.159],[91.744,25.151],[91.753,25.18],[91.782,25.168],[91.835,25.182],[91.867,25.178],[91.922,25.187],[91.973,25.182],[91.98,25.176],[91.989,25.176],[92.014,25.19],[92.031,25.182],[92.067,25.19],[92.109,25.179],[92.132,25.167],[92.145,25.159],[92.139,25.146],[92.168,25.137],[92.168,25.132],[92.184,25.128],[92.188,25.122],[92.203,25.128],[92.232,25.12],[92.216,25.12],[92.212,25.116],[92.228,25.107],[92.234,25.097],[92.315,25.072],[92.33,25.082],[92.348,25.078],[92.357,25.068],[92.347,25.052],[92.37,25.051],[92.375,25.044],[92.401,25.041],[92.407,25.035],[92.426,25.032]]]},"properties":{"ID_0":105,"ISO":"IND","NAME_0":"India","ID_1":23,"NAME_1":"Meghalaya"}},
{"type":"Feature","geometry":{"type":"Polygon","coordinates":[[[93,24.403],[92.98,24.41],[92.96,24.396],[92.951,24.405],[92.936,24.396],[92.912,24.413],[92.905,24.394],[92.894,24.395],[92.891,24.402],[92.874,24.397],[92.863,24.399],[92.844,24.38],[92.829,24.378],[92.825,24.39],[92.831,24.401],[92.809,24.419],[92.801,24.419],[92.803,24.427],[92.765,24.521],[92.754,24.507],[92.714,24.413],[92.704,24.376],[92.697,24.374],[92.691,24.355],[92.684,24.347],[92.675,24.35],[92.658,24.344],[92.649,24.329],[92.641,24.329],[92.638,24.336],[92.624,24.333],[92.612,24.253],[92.588,24.245],[92.565,24.25],[92.551,24.246],[92.533,24.181],[92.525,24.173],[92.514,24.174],[92.509,24.169],[92.513,24.163],[92.51,24.163],[92.505,24.167],[92.502,24.162],[92.488,24.162],[92.485,24.159],[92.483,24.157],[92.484,24.154],[92.479,24.149],[92.481,24.141],[92.473,24.142],[92.467,24.135],[92.463,24.136],[92.442,24.153],[92.437,24.151],[92.435,24.163],[92.434,24.174],[92.433,24.183],[92.419,24.194],[92.422,24.253],[92.314,24.253],[92.297,24.252],[92.295,24.248],[92.295,24.241],[92.297,24.238],[92.296,24.234],[92.299,24.232],[92.298,24.227],[92.301,24.225],[92.314,24.223],[92.31,24.215],[92.316,24.213],[92.329,24.191],[92.327,24.186],[92.33,24.175],[92.332,24.164],[92.334,24.151],[92.336,24.144],[92.335,24.144],[92.332,24.144],[92.329,24.14],[92.328,24.135],[92.328,24.125],[92.332,24.113],[92.329,24.11],[92.332,24.105],[92.33,24.101],[92.329,24.082],[92.323,24.077],[92.327,24.075],[92.317,24.067],[92.322,24.059],[92.32,24.051],[92.315,24.049],[92.317,24.038],[92.314,24.035],[92.319,24.031],[92.317,24.028],[92.322,24.019],[92.319,24.019],[92.317,24.018],[92.327,24.004],[92.329,23.99],[92.32,23.975],[92.313,23.97],[92.313,23.961],[92.313,23.957],[92.313,23.935],[92.321,23.926],[92.331,23.921],[92.33,23.906],[92.324,23.905],[92.322,23.891],[92.318,23.888],[92.319,23.884],[92.317,23.882],[92.317,23.879],[92.32,23.878],[92.322,23.87],[92.318,23.867],[92.32,23.865],[92.307,23.864],[92.301,23.866],[92.295,23.865],[92.295,23.87],[92.294,23.871],[92.288,23.867],[92.274,23.844],[92.277,23.837],[92.282,23.831],[92.284,23.824],[92.283,23.823],[92.287,23.817],[92.281,23.815],[92.269,23.818],[92.259,23.815],[92.261,23.807],[92.262,23.805],[92.267,23.762],[92.266,23.739],[92.269,23.729],[92.295,23.693],[92.295,23.676],[92.28,23.644],[92.286,23.637],[92.281,23.63],[92.3,23.625],[92.293,23.616],[92.294,23.596],[92.302,23.588],[92.306,23.591],[92.318,23.555],[92.313,23.534],[92.323,23.525],[92.328,23.492],[92.323,23.49],[92.333,23.479],[92.323,23.474],[92.338,23.464],[92.332,23.461],[92.339,23.456],[92.336,23.449],[92.341,23.431],[92.35,23.434],[92.353,23.415],[92.362,23.409],[92.36,23.381],[92.369,23.379],[92.364,23.37],[92.374,23.371],[92.38,23.362],[92.384,23.35],[92.373,23.323],[92.375,23.318],[92.381,23.321],[92.388,23.309],[92.389,23.289],[92.4,23.269],[92.396,23.267],[92.409,23.246],[92.409,23.242],[92.361,23.238],[92.362,23.192],[92.37,23.184],[92.366,23.177],[92.372,23.16],[92.365,23.137],[92.373,23.128],[92.366,23.106],[92.384,23.087],[92.394,23.058],[92.385,23.038],[92.382,23.01],[92.385,22.987],[92.381,22.982],[92.375,22.935],[92.381,22.93],[92.397,22.932],[92.406,22.916],[92.421,22.92],[92.419,22.913],[92.433,22.887],[92.448,22.894],[92.451,22.878],[92.458,22.872],[92.454,22.866],[92.464,22.856],[92.459,22.854],[92.465,22.843],[92.458,22.842],[92.465,22.833],[92.458,22.821],[92.478,22.798],[92.478,22.784],[92.487,22.773],[92.481,22.762],[92.492,22.754],[92.485,22.75],[92.506,22.744],[92.503,22.741],[92.511,22.737],[92.504,22.736],[92.532,22.656],[92.54,22.579],[92.534,22.575],[92.531,22.562],[92.542,22.554],[92.547,22.526],[92.553,22.521],[92.551,22.492],[92.566,22.392],[92.588,22.321],[92.586,22.289],[92.598,22.257],[92.605,22.183],[92.614,22.173],[92.61,22.121],[92.588,22.14],[92.57,22.129],[92.605,22.058],[92.599,22.038],[92.612,22],[92.61,21.977],[92.612,21.982],[92.638,21.989],[92.659,22.015],[92.684,22.018],[92.69,22.041],[92.684,22.105],[92.69,22.107],[92.694,22.077],[92.699,22.148],[92.703,22.154],[92.718,22.153],[92.733,22.15],[92.738,22.139],[92.77,22.123],[92.774,22.111],[92.817,22.096],[92.826,22.08],[92.837,22.076],[92.845,22.063],[92.868,22.065],[92.875,22.03],[92.894,22.012],[92.911,21.946],[92.916,21.949],[92.916,21.965],[92.928,21.996],[92.939,22.009],[92.932,22.018],[92.942,22.018],[92.956,22.03],[92.967,22.027],[92.988,21.983],[92.999,21.978],[93.009,21.984],[93.01,22.011],[93,22.05],[93.014,22.085],[93.013,22.102],[93.023,22.106],[93.052,22.099],[93.066,22.102],[93.066,22.113],[93.047,22.139],[93.055,22.165],[93.047,22.198],[93.077,22.21],[93.097,22.199],[93.117,22.201],[93.131,22.179],[93.154,22.178],[93.163,22.182],[93.17,22.2],[93.159,22.21],[93.147,22.247],[93.19,22.25],[93.209,22.261],[93.196,22.325],[93.207,22.33],[93.199,22.337],[93.193,22.371],[93.197,22.38],[93.191,22.396],[93.194,22.409],[93.189,22.414],[93.191,22.427],[93.175,22.451],[93.157,22.452],[93.142,22.463],[93.135,22.475],[93.138,22.495],[93.129,22.51],[93.134,22.52],[93.131,22.526],[93.112,22.532],[93.118,22.559],[93.136,22.582],[93.146,22.586],[93.144,22.599],[93.136,22.623],[93.115,22.639],[93.118,22.651],[93.104,22.674],[93.104,22.696],[93.092,22.709],[93.099,22.714],[93.113,22.744],[93.099,22.81],[93.116,22.816],[93.111,22.828],[93.121,22.837],[93.122,22.863],[93.133,22.875],[93.139,22.913],[93.163,22.914],[93.168,22.919],[93.153,22.931],[93.152,22.95],[93.143,22.964],[93.148,22.976],[93.143,22.994],[93.129,23.001],[93.136,23.013],[93.133,23.048],[93.142,23.061],[93.168,23.049],[93.194,23.06],[93.22,23.045],[93.234,23.022],[93.253,23.006],[93.268,23.012],[93.279,23.006],[93.298,23.006],[93.333,23.036],[93.345,23.065],[93.353,23.065],[93.357,23.073],[93.358,23.078],[93.351,23.08],[93.362,23.095],[93.365,23.117],[93.394,23.139],[93.391,23.148],[93.379,23.144],[93.374,23.15],[93.395,23.224],[93.378,23.256],[93.375,23.275],[93.381,23.29],[93.379,23.333],[93.366,23.354],[93.376,23.363],[93.399,23.364],[93.396,23.374],[93.414,23.388],[93.398,23.411],[93.397,23.433],[93.406,23.467],[93.408,23.508],[93.428,23.534],[93.424,23.569],[93.435,23.589],[93.428,23.654],[93.445,23.682],[93.417,23.712],[93.418,23.733],[93.405,23.762],[93.411,23.808],[93.399,23.824],[93.397,23.841],[93.399,23.93],[93.371,23.941],[93.356,23.961],[93.352,23.978],[93.334,23.987],[93.34,24.012],[93.337,24.024],[93.342,24.031],[93.333,24.04],[93.342,24.045],[93.337,24.053],[93.288,24.052],[93.274,24.034],[93.255,24.024],[93.252,24.034],[93.267,24.06],[93.264,24.073],[93.248,24.085],[93.224,24.084],[93.217,24.05],[93.194,24.056],[93.17,24.055],[93.17,24.075],[93.148,24.088],[93.135,24.079],[93.129,24.064],[93.101,24.045],[93.102,24.074],[93.09,24.084],[93.079,24.103],[93.054,24.091],[93.027,24.104],[93.014,24.105],[92.996,24.117],[92.976,24.115],[92.974,24.124],[92.989,24.132],[92.991,24.15],[93.005,24.161],[93.003,24.174],[93.011,24.182],[93.003,24.198],[93.017,24.2],[93.022,24.21],[93.019,24.229],[93.027,24.233],[93.018,24.236],[93.007,24.254],[93.014,24.272],[93.008,24.28],[93.035,24.318],[93.043,24.343],[93.022,24.347],[93.022,24.374],[93.017,24.38],[93.024,24.39],[93,24.403]]]},"properties":{"ID_0":105,"ISO":"IND","NAME_0":"India","ID_1":24,"NAME_1":"Mizoram"}},
{"type":"Feature","geometry":{"type":"Polygon","coordinates":[[[95.238,26.686],[95.236,26.712],[95.216,26.735],[95.22,26.76],[95.245,26.787],[95.215,26.798],[95.199,26.84],[95.209,26.851],[95.196,26.85],[95.185,26.865],[95.213,26.886],[95.23,26.886],[95.234,26.891],[95.234,26.921],[95.226,26.934],[95.214,26.937],[95.209,26.957],[95.213,26.959],[95.207,26.963],[95.215,26.97],[95.205,26.982],[95.21,26.983],[95.195,26.99],[95.2,27.006],[95.196,27.043],[95.149,27],[95.117,26.984],[95.11,26.967],[95.087,26.953],[95.038,26.938],[95.021,26.925],[94.993,26.926],[94.992,26.918],[94.986,26.918],[94.957,26.944],[94.934,26.939],[94.928,26.952],[94.886,26.932],[94.87,26.915],[94.852,26.881],[94.821,26.854],[94.813,26.825],[94.797,26.819],[94.805,26.812],[94.802,26.806],[94.773,26.795],[94.756,26.772],[94.746,26.782],[94.737,26.767],[94.687,26.733],[94.628,26.719],[94.621,26.721],[94.61,26.74],[94.604,26.739],[94.593,26.726],[94.603,26.724],[94.605,26.717],[94.596,26.718],[94.592,26.703],[94.583,26.706],[94.572,26.696],[94.575,26.691],[94.563,26.691],[94.563,26.707],[94.545,26.711],[94.528,26.701],[94.523,26.704],[94.516,26.687],[94.498,26.674],[94.468,26.67],[94.459,26.655],[94.463,26.635],[94.455,26.639],[94.408,26.614],[94.406,26.602],[94.415,26.583],[94.408,26.561],[94.412,26.558],[94.405,26.555],[94.408,26.55],[94.399,26.532],[94.378,26.525],[94.378,26.513],[94.351,26.509],[94.356,26.503],[94.352,26.496],[94.324,26.479],[94.324,26.471],[94.317,26.463],[94.303,26.467],[94.294,26.481],[94.285,26.54],[94.29,26.564],[94.277,26.559],[94.24,26.511],[94.211,26.49],[94.201,26.47],[94.187,26.461],[94.174,26.421],[94.179,26.389],[94.176,26.372],[94.164,26.36],[94.168,26.353],[94.18,26.354],[94.176,26.344],[94.147,26.335],[94.139,26.342],[94.119,26.334],[94.129,26.323],[94.108,26.326],[94.103,26.309],[94.077,26.285],[94.07,26.26],[94.065,26.262],[94.049,26.25],[94.038,26.23],[94.036,26.203],[94.013,26.186],[94.005,26.173],[94,26.158],[94.005,26.142],[93.991,26.134],[93.998,26.131],[93.991,26.118],[94.002,26.111],[93.994,26.106],[93.992,26.093],[93.986,26.088],[93.991,26.073],[93.973,26.045],[93.966,26.042],[93.955,26.007],[93.961,25.997],[93.956,25.974],[93.969,25.961],[93.971,25.945],[93.983,25.926],[93.979,25.92],[93.96,25.905],[93.94,25.901],[93.935,25.891],[93.916,25.888],[93.883,25.846],[93.852,25.863],[93.842,25.863],[93.824,25.847],[93.819,25.826],[93.808,25.816],[93.796,25.814],[93.78,25.846],[93.781,25.859],[93.792,25.87],[93.787,25.879],[93.798,25.91],[93.789,25.933],[93.793,25.937],[93.787,25.947],[93.789,25.953],[93.773,25.966],[93.77,25.954],[93.763,25.955],[93.749,25.942],[93.752,25.936],[93.705,25.921],[93.688,25.909],[93.705,25.849],[93.704,25.854],[93.691,25.848],[93.678,25.829],[93.648,25.824],[93.641,25.818],[93.629,25.804],[93.622,25.78],[93.608,25.777],[93.606,25.767],[93.603,25.771],[93.594,25.764],[93.588,25.768],[93.584,25.758],[93.573,25.761],[93.565,25.741],[93.556,25.742],[93.557,25.738],[93.547,25.734],[93.55,25.719],[93.544,25.702],[93.538,25.703],[93.531,25.693],[93.526,25.7],[93.5,25.657],[93.484,25.652],[93.483,25.646],[93.476,25.648],[93.457,25.641],[93.462,25.633],[93.447,25.639],[93.434,25.63],[93.428,25.631],[93.408,25.609],[93.407,25.596],[93.39,25.595],[93.391,25.589],[93.382,25.585],[93.385,25.578],[93.376,25.577],[93.373,25.569],[93.365,25.57],[93.364,25.561],[93.348,25.563],[93.332,25.547],[93.34,25.537],[93.352,25.538],[93.35,25.534],[93.372,25.501],[93.386,25.493],[93.39,25.469],[93.396,25.464],[93.417,25.453],[93.435,25.455],[93.462,25.435],[93.463,25.411],[93.478,25.38],[93.452,25.344],[93.462,25.337],[93.457,25.325],[93.474,25.309],[93.477,25.279],[93.511,25.276],[93.505,25.244],[93.521,25.249],[93.541,25.245],[93.555,25.251],[93.563,25.247],[93.575,25.228],[93.59,25.22],[93.593,25.204],[93.608,25.202],[93.644,25.266],[93.65,25.269],[93.666,25.308],[93.673,25.312],[93.672,25.329],[93.687,25.331],[93.693,25.362],[93.712,25.358],[93.718,25.362],[93.723,25.376],[93.74,25.384],[93.747,25.406],[93.781,25.425],[93.809,25.466],[93.814,25.485],[93.804,25.499],[93.788,25.506],[93.773,25.498],[93.766,25.5],[93.771,25.54],[93.82,25.544],[93.825,25.556],[93.833,25.556],[93.836,25.563],[93.862,25.558],[93.892,25.568],[93.944,25.563],[93.965,25.557],[93.98,25.571],[94.01,25.571],[94.008,25.591],[94.015,25.596],[94.026,25.593],[94.035,25.581],[94.054,25.577],[94.069,25.559],[94.086,25.56],[94.096,25.542],[94.092,25.533],[94.139,25.524],[94.16,25.555],[94.168,25.547],[94.195,25.552],[94.191,25.531],[94.215,25.5],[94.229,25.496],[94.252,25.499],[94.257,25.503],[94.274,25.503],[94.287,25.512],[94.303,25.495],[94.314,25.494],[94.329,25.508],[94.365,25.521],[94.389,25.537],[94.42,25.543],[94.426,25.561],[94.422,25.576],[94.43,25.593],[94.448,25.598],[94.474,25.622],[94.491,25.62],[94.493,25.614],[94.502,25.62],[94.505,25.617],[94.524,25.643],[94.531,25.643],[94.532,25.65],[94.552,25.662],[94.573,25.698],[94.596,25.691],[94.576,25.645],[94.595,25.644],[94.584,25.634],[94.556,25.586],[94.562,25.578],[94.56,25.568],[94.565,25.568],[94.557,25.513],[94.633,25.466],[94.666,25.455],[94.682,25.46],[94.696,25.468],[94.747,25.479],[94.757,25.492],[94.773,25.481],[94.785,25.49],[94.812,25.495],[94.834,25.547],[94.849,25.561],[94.905,25.567],[94.888,25.588],[94.889,25.593],[94.92,25.611],[94.938,25.669],[94.989,25.709],[95.009,25.739],[95.034,25.741],[95.053,25.763],[95.046,25.783],[95.052,25.805],[95.037,25.82],[95.033,25.847],[95.015,25.872],[95.022,25.888],[95.022,25.91],[95.036,25.927],[95.037,25.935],[95.045,25.935],[95.057,25.947],[95.079,25.951],[95.106,25.968],[95.118,25.988],[95.163,26.031],[95.166,26.053],[95.186,26.08],[95.171,26.097],[95.152,26.095],[95.138,26.103],[95.127,26.101],[95.121,26.11],[95.128,26.137],[95.118,26.169],[95.126,26.183],[95.125,26.197],[95.143,26.214],[95.121,26.239],[95.13,26.256],[95.121,26.275],[95.131,26.292],[95.128,26.336],[95.133,26.343],[95.128,26.355],[95.136,26.388],[95.122,26.398],[95.105,26.401],[95.106,26.43],[95.087,26.452],[95.066,26.45],[95.067,26.462],[95.121,26.53],[95.115,26.548],[95.127,26.562],[95.144,26.563],[95.154,26.581],[95.155,26.619],[95.182,26.643],[95.21,26.652],[95.238,26.686]]]},"properties":{"ID_0":105,"ISO":"IND","NAME_0":"India","ID_1":25,"NAME_1":"Nagaland"}},
{"type":"Feature","geometry":{"type":"MultiPolygon","coordinates":[[[[84.757,19.111],[84.757,19.102],[84.764,19.102],[84.766,19.107],[84.758,19.105],[84.761,19.11],[84.757,19.111]]],[[[84.73,19.089],[84.761,19.071],[84.783,19.111],[84.766,19.1],[84.759,19.101],[84.758,19.087],[84.751,19.082],[84.749,19.09],[84.73,19.089]]],[[[86.369,19.974],[86.365,19.969],[86.372,19.969],[86.369,19.974]]],[[[86.321,19.999],[86.319,20.002],[86.316,19.999],[86.321,19.993],[86.321,19.999]]],[[[86.336,19.991],[86.336,20.003],[86.329,20.011],[86.327,19.999],[86.336,19.991]]],[[[86.315,20.032],[86.301,20.026],[86.316,20.022],[86.321,20.01],[86.325,20.016],[86.315,20.032]]],[[[86.266,20.034],[86.262,20.032],[86.268,20.031],[86.266,20.034]]],[[[86.426,20.039],[86.426,20.044],[86.421,20.032],[86.426,20.039]]],[[[86.295,20.05],[86.291,20.048],[86.3,20.044],[86.295,20.05]]],[[[86.27,20.058],[86.256,20.051],[86.245,20.029],[86.267,20.035],[86.28,20.027],[86.308,20.034],[86.273,20.055],[86.268,20.053],[86.27,20.058]]],[[[86.502,20.176],[86.49,20.17],[86.495,20.162],[86.508,20.173],[86.502,20.176]]],[[[86.792,20.374],[86.792,20.365],[86.796,20.372],[86.792,20.374]]],[[[86.794,20.38],[86.791,20.376],[86.796,20.374],[86.794,20.38]]],[[[86.803,20.421],[86.807,20.413],[86.8,20.411],[86.8,20.39],[86.806,20.388],[86.804,20.371],[86.815,20.407],[86.812,20.416],[86.803,20.421]]],[[[86.79,20.388],[86.795,20.393],[86.791,20.429],[86.79,20.388]]],[[[86.805,20.492],[86.804,20.464],[86.809,20.477],[86.805,20.492]]],[[[86.798,20.692],[86.799,20.701],[86.79,20.675],[86.798,20.692]]],[[[87.009,20.708],[87.017,20.714],[87.016,20.722],[87.002,20.709],[87.009,20.708]]],[[[87.091,20.758],[87.085,20.764],[87.083,20.758],[87.072,20.754],[87.092,20.752],[87.091,20.758]]],[[[86.871,20.772],[86.854,20.776],[86.83,20.76],[86.819,20.719],[86.805,20.705],[86.802,20.683],[86.774,20.646],[86.806,20.645],[86.819,20.639],[86.822,20.647],[86.813,20.662],[86.806,20.667],[86.798,20.663],[86.795,20.666],[86.797,20.673],[86.803,20.677],[86.83,20.673],[86.842,20.652],[86.854,20.657],[86.864,20.678],[86.856,20.683],[86.856,20.686],[86.884,20.707],[86.876,20.718],[86.878,20.733],[86.877,20.716],[86.885,20.707],[86.857,20.684],[86.865,20.679],[86.859,20.665],[86.893,20.695],[86.929,20.715],[86.973,20.715],[86.994,20.709],[87.001,20.716],[87.007,20.743],[86.992,20.771],[86.947,20.766],[86.871,20.772]]],[[[86.984,20.782],[86.981,20.778],[86.988,20.779],[86.984,20.782]]],[[[86.882,20.789],[86.865,20.782],[86.887,20.772],[86.952,20.775],[86.882,20.789]]],[[[87.017,20.803],[87.019,20.823],[87.003,20.832],[87.006,20.81],[87.014,20.797],[87.017,20.803]]],[[[87.124,21.52],[87.119,21.517],[87.124,21.514],[87.124,21.52]]],[[[86.723,22.215],[86.682,22.22],[86.665,22.239],[86.651,22.233],[86.646,22.261],[86.609,22.279],[86.591,22.275],[86.578,22.298],[86.571,22.293],[86.568,22.297],[86.552,22.295],[86.54,22.304],[86.532,22.298],[86.521,22.311],[86.525,22.312],[86.524,22.319],[86.508,22.324],[86.5,22.341],[86.484,22.344],[86.479,22.334],[86.468,22.332],[86.458,22.322],[86.438,22.323],[86.439,22.306],[86.433,22.302],[86.422,22.314],[86.401,22.319],[86.376,22.337],[86.353,22.345],[86.347,22.359],[86.32,22.38],[86.318,22.391],[86.302,22.405],[86.301,22.415],[86.288,22.425],[86.28,22.446],[86.265,22.44],[86.22,22.449],[86.212,22.46],[86.218,22.468],[86.209,22.463],[86.202,22.47],[86.197,22.468],[86.156,22.479],[86.145,22.475],[86.146,22.479],[86.107,22.485],[86.069,22.543],[86.038,22.564],[86.018,22.544],[86.028,22.534],[86.022,22.521],[86.015,22.524],[85.996,22.509],[85.981,22.51],[85.969,22.5],[85.967,22.482],[85.958,22.476],[85.954,22.456],[85.993,22.422],[86.009,22.424],[86.021,22.375],[86.016,22.373],[86.017,22.362],[85.993,22.338],[85.998,22.331],[86.005,22.336],[86.02,22.329],[86.006,22.316],[86.008,22.31],[86.018,22.305],[86.043,22.306],[86.008,22.293],[85.998,22.275],[85.985,22.267],[85.982,22.252],[85.97,22.243],[86.027,22.185],[86.015,22.173],[86.011,22.158],[85.995,22.132],[86,22.109],[85.979,22.083],[85.943,22.019],[85.929,22.019],[85.912,22.005],[85.905,21.967],[85.891,21.979],[85.882,21.975],[85.84,21.976],[85.818,21.97],[85.815,21.98],[85.784,21.979],[85.761,21.99],[85.756,22.008],[85.776,22.028],[85.779,22.036],[85.77,22.051],[85.788,22.077],[85.814,22.07],[85.831,22.077],[85.825,22.087],[85.809,22.092],[85.815,22.102],[85.802,22.111],[85.779,22.093],[85.758,22.085],[85.746,22.07],[85.722,22.058],[85.688,22.056],[85.682,22.049],[85.672,22.051],[85.672,22.06],[85.645,22.09],[85.626,22.08],[85.611,22.077],[85.607,22.082],[85.591,22.074],[85.554,22.091],[85.54,22.087],[85.534,22.097],[85.515,22.108],[85.486,22.116],[85.418,22.153],[85.394,22.159],[85.385,22.152],[85.363,22.155],[85.358,22.12],[85.345,22.127],[85.323,22.125],[85.3,22.107],[85.274,22.08],[85.231,22],[85.215,22.011],[85.211,22.043],[85.183,22.055],[85.172,22.068],[85.164,22.065],[85.171,22.048],[85.156,22.07],[85.141,22.074],[85.119,22.066],[85.1,22.085],[85.095,22.099],[85.044,22.111],[85.027,22.101],[85.02,22.103],[85.002,22.08],[84.987,22.077],[84.98,22.085],[84.98,22.091],[85.024,22.112],[85.031,22.137],[85.025,22.154],[85.048,22.174],[85.047,22.186],[85.069,22.231],[85.068,22.243],[85.074,22.251],[85.071,22.272],[85.105,22.291],[85.114,22.29],[85.114,22.314],[85.088,22.314],[85.093,22.341],[85.082,22.341],[85.074,22.349],[85.083,22.378],[85.077,22.408],[85.064,22.423],[85.057,22.445],[85.071,22.456],[85.074,22.467],[85.073,22.473],[85.062,22.478],[85.033,22.477],[85.032,22.47],[84.955,22.439],[84.952,22.453],[84.947,22.451],[84.917,22.434],[84.916,22.423],[84.894,22.418],[84.88,22.418],[84.877,22.443],[84.855,22.432],[84.841,22.435],[84.833,22.426],[84.813,22.432],[84.808,22.447],[84.753,22.442],[84.744,22.415],[84.662,22.414],[84.632,22.429],[84.595,22.425],[84.594,22.429],[84.543,22.417],[84.527,22.42],[84.521,22.415],[84.506,22.416],[84.477,22.406],[84.478,22.384],[84.456,22.375],[84.448,22.379],[84.427,22.365],[84.431,22.36],[84.426,22.349],[84.394,22.344],[84.367,22.35],[84.324,22.339],[84.289,22.337],[84.266,22.348],[84.247,22.374],[84.194,22.372],[84.183,22.384],[84.152,22.401],[84.136,22.421],[84.135,22.471],[84.106,22.474],[84.103,22.481],[84.072,22.494],[84.058,22.51],[84.033,22.512],[84.019,22.521],[84.003,22.521],[83.994,22.529],[83.98,22.522],[83.974,22.514],[83.976,22.502],[84.013,22.485],[84.022,22.472],[84.039,22.469],[84.042,22.464],[84.04,22.433],[84.024,22.422],[84.022,22.41],[84.002,22.38],[84.004,22.368],[83.993,22.369],[83.967,22.358],[83.916,22.36],[83.897,22.34],[83.872,22.339],[83.861,22.344],[83.843,22.326],[83.825,22.32],[83.819,22.292],[83.794,22.288],[83.779,22.275],[83.771,22.257],[83.757,22.25],[83.753,22.243],[83.693,22.246],[83.657,22.225],[83.646,22.225],[83.619,22.196],[83.602,22.152],[83.559,22.104],[83.559,22.095],[83.6,22.066],[83.584,22.055],[83.543,22.059],[83.538,22.055],[83.534,22.022],[83.549,22.007],[83.535,21.98],[83.535,21.964],[83.558,21.944],[83.553,21.932],[83.588,21.926],[83.6,21.911],[83.593,21.901],[83.582,21.897],[83.583,21.891],[83.572,21.872],[83.584,21.844],[83.574,21.83],[83.549,21.835],[83.531,21.832],[83.528,21.823],[83.536,21.818],[83.537,21.794],[83.506,21.8],[83.491,21.815],[83.484,21.794],[83.467,21.783],[83.478,21.765],[83.474,21.75],[83.484,21.742],[83.456,21.694],[83.428,21.692],[83.421,21.687],[83.42,21.675],[83.441,21.655],[83.483,21.64],[83.485,21.626],[83.47,21.627],[83.463,21.606],[83.453,21.605],[83.45,21.617],[83.441,21.618],[83.448,21.645],[83.441,21.649],[83.409,21.634],[83.381,21.613],[83.368,21.597],[83.362,21.573],[83.366,21.55],[83.335,21.496],[83.342,21.485],[83.35,21.444],[83.37,21.436],[83.381,21.41],[83.394,21.399],[83.393,21.365],[83.404,21.355],[83.403,21.348],[83.388,21.339],[83.377,21.343],[83.375,21.34],[83.281,21.375],[83.27,21.375],[83.271,21.359],[83.255,21.332],[83.261,21.327],[83.254,21.312],[83.259,21.302],[83.273,21.296],[83.275,21.286],[83.268,21.269],[83.257,21.276],[83.242,21.276],[83.218,21.26],[83.214,21.251],[83.219,21.224],[83.208,21.201],[83.211,21.191],[83.2,21.174],[83.19,21.136],[83.161,21.131],[83.134,21.105],[83.12,21.101],[83.108,21.108],[83.095,21.104],[83.071,21.108],[83.06,21.116],[83.041,21.119],[83.029,21.126],[83.03,21.131],[82.993,21.154],[82.983,21.148],[82.98,21.157],[82.965,21.156],[82.956,21.175],[82.937,21.161],[82.922,21.158],[82.902,21.163],[82.879,21.149],[82.869,21.16],[82.864,21.155],[82.84,21.163],[82.812,21.159],[82.796,21.151],[82.789,21.139],[82.752,21.16],[82.694,21.153],[82.685,21.158],[82.636,21.149],[82.634,21.136],[82.648,21.125],[82.637,21.112],[82.645,21.102],[82.626,21.077],[82.609,21.071],[82.622,21.037],[82.604,21.006],[82.567,20.967],[82.553,20.941],[82.486,20.904],[82.482,20.855],[82.478,20.847],[82.46,20.836],[82.459,20.824],[82.441,20.824],[82.437,20.83],[82.416,20.826],[82.406,20.837],[82.401,20.862],[82.383,20.87],[82.368,20.864],[82.359,20.867],[82.359,20.883],[82.347,20.884],[82.334,20.841],[82.339,20.79],[82.335,20.759],[82.346,20.729],[82.339,20.726],[82.347,20.714],[82.343,20.699],[82.351,20.678],[82.365,20.664],[82.362,20.65],[82.368,20.624],[82.358,20.615],[82.356,20.603],[82.339,20.594],[82.341,20.57],[82.324,20.554],[82.342,20.538],[82.349,20.523],[82.38,20.51],[82.388,20.453],[82.397,20.452],[82.41,20.473],[82.419,20.457],[82.418,20.438],[82.426,20.436],[82.429,20.426],[82.423,20.418],[82.424,20.41],[82.41,20.403],[82.41,20.377],[82.398,20.356],[82.394,20.336],[82.4,20.325],[82.422,20.31],[82.429,20.283],[82.405,20.264],[82.414,20.242],[82.404,20.24],[82.414,20.202],[82.406,20.179],[82.383,20.16],[82.387,20.149],[82.379,20.145],[82.393,20.108],[82.391,20.06],[82.396,20.049],[82.471,20.032],[82.502,20.014],[82.544,20.012],[82.598,19.986],[82.614,19.987],[82.632,20],[82.707,19.99],[82.712,19.944],[82.701,19.893],[82.709,19.87],[82.718,19.871],[82.703,19.831],[82.683,19.824],[82.646,19.825],[82.623,19.789],[82.603,19.784],[82.598,19.775],[82.585,19.771],[82.578,19.776],[82.579,19.797],[82.572,19.802],[82.571,19.822],[82.597,19.86],[82.593,19.865],[82.578,19.863],[82.567,19.872],[82.555,19.87],[82.551,19.875],[82.544,19.869],[82.53,19.882],[82.523,19.873],[82.512,19.884],[82.498,19.885],[82.494,19.897],[82.476,19.901],[82.458,19.895],[82.442,19.903],[82.414,19.897],[82.389,19.882],[82.368,19.854],[82.356,19.855],[82.356,19.847],[82.339,19.83],[82.327,19.838],[82.318,19.859],[82.298,19.883],[82.262,19.972],[82.231,19.998],[82.214,19.993],[82.204,19.98],[82.178,19.978],[82.166,19.998],[82.132,20.013],[82.116,20.01],[82.098,20.023],[82.093,20.033],[82.083,20.033],[82.076,20.044],[82.058,20.05],[82.024,20.01],[82.015,20.02],[82.01,20.045],[81.987,20.052],[81.974,20.076],[81.941,20.102],[81.922,20.087],[81.889,20.043],[81.874,20.046],[81.867,20.036],[81.837,19.95],[81.849,19.939],[81.846,19.915],[81.85,19.908],[81.898,19.879],[81.96,19.855],[81.957,19.836],[81.98,19.796],[81.987,19.792],[82.003,19.799],[82.048,19.788],[82.052,19.791],[82.06,19.783],[82.057,19.753],[82.044,19.738],[82.044,19.714],[82.038,19.704],[82.051,19.624],[82.045,19.602],[82.034,19.591],[82.044,19.565],[82.04,19.552],[82.046,19.539],[82.022,19.502],[82.06,19.504],[82.071,19.516],[82.092,19.51],[82.091,19.494],[82.099,19.49],[82.102,19.474],[82.097,19.461],[82.107,19.453],[82.107,19.443],[82.119,19.424],[82.167,19.43],[82.183,19.418],[82.174,19.377],[82.166,19.366],[82.145,19.37],[82.141,19.362],[82.142,19.348],[82.18,19.332],[82.183,19.32],[82.174,19.316],[82.169,19.291],[82.152,19.265],[82.152,19.224],[82.161,19.208],[82.156,19.197],[82.173,19.184],[82.169,19.177],[82.175,19.17],[82.171,19.168],[82.179,19.159],[82.175,19.153],[82.164,19.155],[82.175,19.145],[82.166,19.143],[82.168,19.134],[82.16,19.126],[82.17,19.113],[82.176,19.125],[82.191,19.116],[82.2,19.117],[82.199,19.094],[82.212,19.091],[82.194,19.06],[82.225,19.015],[82.24,18.91],[82.231,18.905],[82.214,18.912],[82.173,18.895],[82.17,18.878],[82.158,18.869],[82.163,18.866],[82.158,18.852],[82.165,18.83],[82.158,18.811],[82.162,18.805],[82.154,18.796],[82.161,18.791],[82.145,18.773],[82.131,18.77],[82.129,18.758],[82.114,18.761],[82.081,18.756],[82.087,18.747],[82.079,18.712],[82.061,18.718],[82.052,18.712],[82.049,18.718],[82.034,18.719],[81.968,18.691],[81.955,18.68],[81.961,18.668],[81.947,18.656],[81.947,18.629],[81.916,18.636],[81.893,18.654],[81.885,18.65],[81.89,18.643],[81.888,18.621],[81.913,18.613],[81.93,18.596],[81.955,18.587],[81.946,18.575],[81.947,18.559],[81.944,18.555],[81.92,18.557],[81.909,18.564],[81.901,18.557],[81.897,18.528],[81.883,18.529],[81.858,18.513],[81.844,18.482],[81.762,18.411],[81.745,18.345],[81.658,18.339],[81.649,18.331],[81.66,18.316],[81.659,18.311],[81.616,18.301],[81.593,18.301],[81.568,18.273],[81.548,18.262],[81.528,18.259],[81.526,18.237],[81.505,18.184],[81.523,18.157],[81.512,18.129],[81.509,18.092],[81.495,18.069],[81.495,18.058],[81.481,18.05],[81.474,18.029],[81.479,18.004],[81.473,17.983],[81.477,17.97],[81.455,17.947],[81.445,17.926],[81.448,17.903],[81.437,17.876],[81.43,17.875],[81.404,17.889],[81.394,17.885],[81.39,17.862],[81.398,17.847],[81.384,17.826],[81.385,17.807],[81.409,17.805],[81.419,17.821],[81.438,17.815],[81.459,17.825],[81.47,17.823],[81.481,17.803],[81.554,17.816],[81.569,17.828],[81.611,17.815],[81.643,17.839],[81.649,17.862],[81.663,17.877],[81.678,17.878],[81.688,17.885],[81.703,17.861],[81.758,17.893],[81.782,17.91],[81.801,17.936],[81.833,17.951],[81.847,17.951],[81.899,17.969],[81.914,17.98],[81.952,17.992],[81.989,18.02],[82.002,18.024],[82.002,18.045],[82.025,18.058],[82.045,18.046],[82.06,18.045],[82.066,18.049],[82.059,18.058],[82.07,18.06],[82.072,18.066],[82.092,18.053],[82.113,18.058],[82.127,18.051],[82.132,18.036],[82.142,18.044],[82.16,18.044],[82.177,18.021],[82.177,18.011],[82.197,18.009],[82.218,17.994],[82.237,17.992],[82.242,17.98],[82.267,17.986],[82.271,18.011],[82.258,18.035],[82.267,18.048],[82.298,18.062],[82.293,18.054],[82.296,18.046],[82.306,18.045],[82.306,18.038],[82.317,18.036],[82.313,18.045],[82.322,18.05],[82.33,18.04],[82.336,18.047],[82.344,18.075],[82.341,18.087],[82.332,18.094],[82.333,18.142],[82.358,18.125],[82.365,18.14],[82.349,18.162],[82.333,18.163],[82.31,18.175],[82.306,18.196],[82.32,18.201],[82.333,18.216],[82.321,18.222],[82.331,18.233],[82.337,18.266],[82.344,18.272],[82.372,18.274],[82.393,18.306],[82.384,18.319],[82.365,18.316],[82.349,18.306],[82.334,18.317],[82.345,18.322],[82.36,18.344],[82.376,18.353],[82.384,18.369],[82.373,18.398],[82.361,18.41],[82.427,18.477],[82.437,18.497],[82.474,18.537],[82.482,18.538],[82.485,18.534],[82.476,18.529],[82.481,18.515],[82.499,18.502],[82.507,18.508],[82.523,18.504],[82.524,18.49],[82.52,18.483],[82.528,18.478],[82.521,18.472],[82.528,18.468],[82.516,18.456],[82.523,18.453],[82.521,18.447],[82.527,18.447],[82.53,18.434],[82.539,18.438],[82.538,18.443],[82.554,18.438],[82.536,18.408],[82.541,18.403],[82.533,18.397],[82.535,18.39],[82.549,18.384],[82.556,18.389],[82.571,18.384],[82.601,18.369],[82.599,18.354],[82.611,18.346],[82.597,18.341],[82.602,18.317],[82.59,18.319],[82.576,18.307],[82.58,18.301],[82.588,18.302],[82.591,18.292],[82.586,18.281],[82.588,18.275],[82.581,18.27],[82.589,18.257],[82.609,18.249],[82.627,18.229],[82.645,18.24],[82.645,18.257],[82.659,18.287],[82.698,18.296],[82.703,18.308],[82.711,18.313],[82.734,18.313],[82.733,18.318],[82.746,18.32],[82.751,18.328],[82.767,18.331],[82.784,18.354],[82.778,18.371],[82.788,18.378],[82.787,18.39],[82.793,18.395],[82.781,18.399],[82.776,18.42],[82.799,18.439],[82.818,18.439],[82.845,18.41],[82.849,18.415],[82.87,18.406],[82.879,18.415],[82.885,18.413],[82.891,18.392],[82.885,18.379],[82.903,18.356],[82.928,18.361],[82.933,18.351],[82.946,18.35],[82.96,18.357],[82.976,18.355],[82.992,18.375],[83.012,18.378],[83.017,18.385],[83.037,18.37],[83.053,18.375],[83.066,18.392],[83.056,18.404],[83.062,18.421],[83.06,18.429],[83.037,18.419],[83.033,18.423],[83.038,18.427],[83.037,18.435],[83.025,18.437],[83.015,18.444],[83.052,18.477],[83.089,18.538],[83.071,18.542],[83.051,18.535],[83.032,18.548],[83.034,18.558],[83.027,18.568],[83.054,18.586],[83.052,18.593],[83.041,18.597],[83.028,18.582],[83.008,18.588],[83.021,18.61],[83.01,18.637],[83.051,18.654],[83.071,18.697],[83.117,18.748],[83.112,18.758],[83.133,18.772],[83.151,18.759],[83.169,18.759],[83.185,18.744],[83.202,18.742],[83.205,18.716],[83.222,18.745],[83.219,18.766],[83.266,18.757],[83.28,18.79],[83.304,18.799],[83.323,18.798],[83.333,18.793],[83.339,18.803],[83.356,18.8],[83.36,18.807],[83.35,18.822],[83.359,18.832],[83.373,18.821],[83.396,18.831],[83.398,18.853],[83.411,18.859],[83.385,18.873],[83.372,18.89],[83.384,18.9],[83.361,18.901],[83.347,18.927],[83.349,18.934],[83.363,18.93],[83.371,18.917],[83.38,18.923],[83.364,18.938],[83.361,18.953],[83.346,18.957],[83.341,18.918],[83.329,18.917],[83.318,18.934],[83.331,18.938],[83.332,18.943],[83.326,18.95],[83.327,18.957],[83.313,18.967],[83.305,18.99],[83.329,18.988],[83.335,19.007],[83.346,19.01],[83.355,19.009],[83.362,18.995],[83.389,19],[83.405,18.993],[83.409,18.996],[83.409,18.98],[83.443,18.948],[83.455,18.946],[83.462,18.959],[83.46,18.981],[83.45,18.982],[83.449,19],[83.475,19],[83.478,19.021],[83.465,19.036],[83.463,19.053],[83.457,19.056],[83.459,19.07],[83.47,19.07],[83.473,19.078],[83.494,19.053],[83.505,19.065],[83.514,19.025],[83.508,19.022],[83.494,19.027],[83.495,19.011],[83.531,19.005],[83.535,19.029],[83.552,19.047],[83.545,19.062],[83.546,19.074],[83.555,19.078],[83.561,19.066],[83.558,19.051],[83.579,19.05],[83.584,19.08],[83.604,19.088],[83.594,19.12],[83.614,19.134],[83.623,19.154],[83.63,19.145],[83.63,19.127],[83.649,19.122],[83.65,19.115],[83.645,19.113],[83.657,19.088],[83.657,19.075],[83.684,19.044],[83.697,19.016],[83.723,19.012],[83.72,19.004],[83.705,18.999],[83.706,18.985],[83.726,18.976],[83.746,18.918],[83.756,18.917],[83.768,18.902],[83.78,18.908],[83.761,18.945],[83.75,18.944],[83.74,18.978],[83.751,18.993],[83.769,18.999],[83.776,19.009],[83.787,19.008],[83.791,18.992],[83.803,18.982],[83.815,18.953],[83.813,18.934],[83.821,18.922],[83.817,18.909],[83.823,18.905],[83.838,18.909],[83.842,18.888],[83.837,18.865],[83.844,18.851],[83.864,18.839],[83.87,18.818],[83.883,18.82],[83.887,18.805],[83.895,18.815],[83.908,18.816],[83.934,18.807],[83.94,18.797],[83.964,18.804],[83.982,18.8],[84.007,18.804],[84.02,18.798],[84.027,18.802],[84.034,18.79],[84.048,18.783],[84.049,18.771],[84.059,18.768],[84.066,18.752],[84.082,18.745],[84.108,18.755],[84.123,18.748],[84.129,18.753],[84.131,18.765],[84.151,18.776],[84.159,18.775],[84.158,18.769],[84.18,18.769],[84.187,18.78],[84.19,18.777],[84.227,18.787],[84.231,18.78],[84.252,18.772],[84.279,18.79],[84.309,18.778],[84.332,18.792],[84.329,18.809],[84.344,18.812],[84.341,18.818],[84.345,18.827],[84.336,18.841],[84.334,18.864],[84.344,18.863],[84.351,18.851],[84.362,18.851],[84.372,18.867],[84.354,18.875],[84.351,18.883],[84.383,18.869],[84.388,18.878],[84.386,18.883],[84.368,18.889],[84.365,18.896],[84.394,18.886],[84.41,18.891],[84.406,18.906],[84.418,18.901],[84.429,18.914],[84.416,18.938],[84.42,18.949],[84.441,18.967],[84.435,18.977],[84.426,18.984],[84.426,18.989],[84.425,18.995],[84.415,19.012],[84.42,19.013],[84.422,19.009],[84.437,18.997],[84.472,18.981],[84.476,18.992],[84.478,19.008],[84.489,19.021],[84.498,19.025],[84.51,19.037],[84.548,19.046],[84.554,19.047],[84.56,19.06],[84.568,19.063],[84.571,19.06],[84.578,19.062],[84.574,19.035],[84.578,19.019],[84.588,19.013],[84.597,19.02],[84.6,19.033],[84.609,19.047],[84.614,19.047],[84.612,19.05],[84.613,19.055],[84.623,19.056],[84.625,19.053],[84.63,19.05],[84.634,19.056],[84.648,19.056],[84.655,19.052],[84.663,19.064],[84.654,19.081],[84.645,19.084],[84.634,19.075],[84.624,19.074],[84.617,19.09],[84.606,19.093],[84.596,19.115],[84.592,19.124],[84.609,19.117],[84.629,19.121],[84.642,19.125],[84.647,19.12],[84.661,19.122],[84.666,19.135],[84.665,19.157],[84.673,19.157],[84.681,19.15],[84.698,19.15],[84.702,19.151],[84.706,19.144],[84.697,19.125],[84.694,19.122],[84.698,19.11],[84.698,19.109],[84.719,19.096],[84.703,19.12],[84.719,19.13],[84.723,19.14],[84.745,19.145],[84.75,19.137],[84.745,19.133],[84.746,19.121],[84.733,19.122],[84.738,19.113],[84.733,19.113],[84.725,19.097],[84.733,19.098],[84.737,19.11],[84.746,19.118],[84.768,19.109],[84.782,19.113],[84.824,19.173],[84.913,19.26],[84.906,19.263],[84.906,19.27],[84.91,19.262],[84.919,19.265],[84.955,19.295],[84.965,19.302],[84.969,19.298],[84.968,19.305],[84.998,19.328],[85.065,19.364],[85.066,19.372],[85.084,19.383],[85.106,19.415],[85.14,19.444],[85.286,19.548],[85.386,19.606],[85.631,19.722],[85.66,19.732],[85.664,19.739],[85.776,19.778],[85.78,19.785],[85.787,19.782],[85.908,19.818],[85.905,19.832],[85.91,19.821],[86.046,19.847],[86.034,19.854],[86.024,19.844],[86.035,19.855],[86.048,19.852],[86.095,19.86],[86.228,19.901],[86.217,19.912],[86.212,19.904],[86.208,19.905],[86.212,19.906],[86.214,19.912],[86.217,19.913],[86.22,19.911],[86.225,19.917],[86.223,19.926],[86.227,19.919],[86.221,19.911],[86.228,19.904],[86.24,19.913],[86.239,19.916],[86.242,19.922],[86.24,19.916],[86.247,19.911],[86.296,19.936],[86.364,19.954],[86.366,19.958],[86.342,19.97],[86.317,19.949],[86.341,19.972],[86.324,19.984],[86.317,19.98],[86.303,19.984],[86.317,19.981],[86.322,19.984],[86.295,20.024],[86.265,20.017],[86.237,20.027],[86.244,20.034],[86.239,20.037],[86.246,20.041],[86.248,20.053],[86.269,20.063],[86.287,20.05],[86.292,20.054],[86.287,20.058],[86.29,20.061],[86.301,20.047],[86.327,20.031],[86.342,19.986],[86.349,19.981],[86.35,19.987],[86.355,19.981],[86.374,19.98],[86.382,19.996],[86.387,19.992],[86.381,19.99],[86.378,19.979],[86.389,19.977],[86.411,20],[86.413,20.012],[86.407,20.02],[86.412,20.036],[86.415,20.03],[86.419,20.048],[86.427,20.05],[86.424,20.056],[86.412,20.056],[86.422,20.058],[86.428,20.054],[86.437,20.061],[86.476,20.101],[86.477,20.11],[86.484,20.11],[86.481,20.115],[86.494,20.124],[86.521,20.169],[86.559,20.201],[86.54,20.194],[86.504,20.164],[86.489,20.143],[86.493,20.139],[86.489,20.121],[86.488,20.141],[86.481,20.126],[86.464,20.115],[86.471,20.097],[86.462,20.115],[86.48,20.126],[86.478,20.135],[86.484,20.142],[86.476,20.138],[86.475,20.141],[86.484,20.144],[86.491,20.158],[86.485,20.17],[86.474,20.162],[86.475,20.153],[86.473,20.149],[86.466,20.146],[86.46,20.162],[86.468,20.147],[86.474,20.153],[86.472,20.159],[86.476,20.164],[86.474,20.169],[86.478,20.166],[86.482,20.171],[86.493,20.173],[86.492,20.183],[86.497,20.19],[86.494,20.182],[86.51,20.177],[86.536,20.2],[86.545,20.197],[86.554,20.21],[86.582,20.218],[86.636,20.246],[86.68,20.258],[86.666,20.273],[86.671,20.282],[86.669,20.275],[86.676,20.279],[86.674,20.269],[86.68,20.263],[86.681,20.27],[86.718,20.288],[86.717,20.293],[86.709,20.292],[86.712,20.301],[86.737,20.309],[86.771,20.333],[86.774,20.347],[86.777,20.343],[86.781,20.346],[86.79,20.359],[86.787,20.372],[86.778,20.356],[86.786,20.377],[86.773,20.375],[86.764,20.366],[86.773,20.378],[86.782,20.382],[86.78,20.392],[86.766,20.398],[86.757,20.389],[86.757,20.399],[86.74,20.394],[86.752,20.4],[86.749,20.406],[86.729,20.405],[86.739,20.472],[86.734,20.479],[86.744,20.469],[86.753,20.497],[86.759,20.506],[86.773,20.506],[86.784,20.536],[86.853,20.583],[86.854,20.589],[86.856,20.586],[86.885,20.604],[86.887,20.618],[86.887,20.606],[87.045,20.709],[87,20.695],[86.987,20.698],[87.005,20.7],[86.97,20.709],[86.934,20.711],[86.902,20.698],[86.867,20.665],[86.845,20.651],[86.839,20.653],[86.829,20.672],[86.802,20.675],[86.797,20.666],[86.805,20.669],[86.814,20.664],[86.823,20.647],[86.821,20.64],[86.816,20.636],[86.807,20.643],[86.774,20.645],[86.769,20.622],[86.756,20.613],[86.765,20.627],[86.768,20.648],[86.787,20.673],[86.794,20.697],[86.816,20.724],[86.819,20.744],[86.813,20.748],[86.828,20.772],[86.881,20.798],[86.957,20.785],[86.97,20.823],[86.959,20.864],[86.91,20.956],[86.899,20.998],[86.844,21.082],[86.823,21.138],[86.828,21.177],[86.819,21.178],[86.823,21.194],[86.827,21.199],[86.829,21.193],[86.83,21.204],[86.839,21.207],[86.845,21.219],[86.838,21.211],[86.843,21.229],[86.849,21.227],[86.845,21.234],[86.884,21.294],[86.892,21.316],[86.981,21.411],[87.054,21.463],[87.063,21.461],[87.061,21.473],[87.048,21.475],[87.046,21.469],[87.044,21.475],[87.06,21.477],[87.073,21.471],[87.089,21.484],[87.114,21.508],[87.115,21.513],[87.107,21.518],[87.124,21.521],[87.125,21.515],[87.132,21.518],[87.13,21.513],[87.199,21.543],[87.201,21.548],[87.304,21.556],[87.364,21.553],[87.38,21.546],[87.391,21.55],[87.382,21.553],[87.386,21.567],[87.404,21.556],[87.413,21.57],[87.414,21.566],[87.461,21.605],[87.482,21.609],[87.482,21.614],[87.482,21.626],[87.471,21.643],[87.461,21.644],[87.46,21.657],[87.465,21.659],[87.468,21.677],[87.468,21.696],[87.469,21.698],[87.471,21.707],[87.463,21.717],[87.466,21.724],[87.465,21.726],[87.443,21.729],[87.444,21.732],[87.451,21.735],[87.443,21.742],[87.444,21.761],[87.439,21.764],[87.425,21.766],[87.395,21.762],[87.392,21.769],[87.383,21.771],[87.37,21.76],[87.37,21.768],[87.368,21.775],[87.355,21.779],[87.352,21.786],[87.34,21.784],[87.337,21.779],[87.333,21.787],[87.326,21.786],[87.323,21.786],[87.317,21.789],[87.318,21.791],[87.309,21.789],[87.306,21.794],[87.297,21.795],[87.295,21.804],[87.281,21.799],[87.273,21.804],[87.273,21.806],[87.274,21.812],[87.262,21.814],[87.268,21.82],[87.262,21.833],[87.255,21.844],[87.245,21.856],[87.249,21.867],[87.235,21.896],[87.252,21.918],[87.235,21.934],[87.232,21.94],[87.235,21.954],[87.224,21.954],[87.221,21.953],[87.203,21.956],[87.195,21.954],[87.175,21.966],[87.167,21.973],[87.16,21.949],[87.158,21.931],[87.152,21.928],[87.137,21.918],[87.114,21.922],[87.11,21.918],[87.105,21.918],[87.091,21.899],[87.089,21.895],[87.089,21.892],[87.096,21.886],[87.096,21.882],[87.095,21.86],[87.078,21.86],[87.03,21.865],[87.02,21.886],[87.005,21.896],[86.998,21.908],[87.006,21.941],[87.034,21.989],[87.022,22.012],[87.026,22.029],[87.018,22.041],[86.995,22.046],[86.957,22.083],[86.909,22.086],[86.848,22.098],[86.842,22.092],[86.832,22.095],[86.823,22.113],[86.806,22.114],[86.808,22.124],[86.797,22.126],[86.8,22.146],[86.79,22.154],[86.752,22.144],[86.715,22.143],[86.713,22.178],[86.723,22.215]]]]},"properties":{"ID_0":105,"ISO":"IND","NAME_0":"India","ID_1":26,"NAME_1":"Orissa"}},
{"type":"Feature","geometry":{"type":"MultiPolygon","coordinates":[[[[79.761,10.981],[79.743,10.985],[79.737,10.989],[79.73,10.985],[79.732,10.975],[79.73,10.971],[79.738,10.969],[79.74,10.966],[79.744,10.967],[79.741,10.963],[79.74,10.956],[79.746,10.949],[79.746,10.943],[79.74,10.944],[79.733,10.941],[79.727,10.952],[79.715,10.953],[79.704,10.952],[79.704,10.948],[79.704,10.935],[79.715,10.934],[79.716,10.938],[79.719,10.941],[79.721,10.935],[79.708,10.923],[79.704,10.921],[79.71,10.919],[79.708,10.915],[79.709,10.914],[79.721,10.911],[79.72,10.906],[79.724,10.908],[79.726,10.907],[79.728,10.902],[79.727,10.897],[79.743,10.899],[79.743,10.882],[79.748,10.895],[79.754,10.887],[79.752,10.881],[79.76,10.883],[79.761,10.891],[79.773,10.89],[79.776,10.882],[79.77,10.878],[79.767,10.873],[79.772,10.873],[79.776,10.876],[79.785,10.874],[79.803,10.871],[79.811,10.864],[79.79,10.862],[79.807,10.853],[79.799,10.845],[79.792,10.849],[79.793,10.839],[79.803,10.834],[79.806,10.828],[79.808,10.831],[79.813,10.829],[79.814,10.818],[79.813,10.814],[79.836,10.812],[79.851,10.814],[79.852,10.826],[79.824,10.818],[79.852,10.828],[79.853,10.878],[79.848,10.884],[79.853,10.89],[79.853,10.912],[79.848,10.913],[79.854,10.918],[79.855,10.976],[79.851,10.976],[79.835,10.977],[79.834,10.977],[79.824,10.979],[79.825,10.985],[79.814,10.987],[79.81,10.982],[79.803,10.985],[79.796,10.983],[79.79,10.973],[79.777,10.968],[79.774,10.977],[79.761,10.981]]],[[[79.706,11.977],[79.691,11.996],[79.692,12.017],[79.679,12.019],[79.669,12.007],[79.663,12.006],[79.659,11.997],[79.652,11.998],[79.647,11.993],[79.644,11.973],[79.66,11.977],[79.665,11.968],[79.671,11.975],[79.699,11.972],[79.695,11.961],[79.702,11.952],[79.683,11.947],[79.678,11.937],[79.698,11.917],[79.695,11.931],[79.706,11.929],[79.704,11.913],[79.725,11.892],[79.716,11.887],[79.715,11.875],[79.692,11.878],[79.692,11.898],[79.703,11.898],[79.703,11.903],[79.683,11.905],[79.68,11.879],[79.669,11.875],[79.66,11.877],[79.659,11.866],[79.696,11.873],[79.693,11.854],[79.704,11.838],[79.707,11.847],[79.73,11.847],[79.728,11.832],[79.738,11.835],[79.744,11.86],[79.75,11.861],[79.756,11.85],[79.747,11.833],[79.752,11.824],[79.76,11.823],[79.767,11.84],[79.782,11.84],[79.794,11.83],[79.793,11.818],[79.8,11.808],[79.806,11.832],[79.8,11.84],[79.808,11.837],[79.82,11.869],[79.805,11.875],[79.82,11.874],[79.806,11.882],[79.791,11.879],[79.801,11.884],[79.824,11.882],[79.832,11.905],[79.822,11.907],[79.818,11.902],[79.818,11.906],[79.822,11.909],[79.826,11.908],[79.824,11.917],[79.831,11.907],[79.838,11.941],[79.825,11.94],[79.811,11.943],[79.805,11.963],[79.798,11.964],[79.792,11.957],[79.79,11.943],[79.788,11.938],[79.776,11.946],[79.773,11.947],[79.769,11.941],[79.764,11.935],[79.748,11.929],[79.748,11.915],[79.741,11.907],[79.737,11.907],[79.734,11.947],[79.714,11.955],[79.716,11.967],[79.718,11.969],[79.727,11.962],[79.745,11.971],[79.752,11.976],[79.75,11.986],[79.735,11.994],[79.729,11.986],[79.725,11.978],[79.717,11.975],[79.706,11.977]]],[[[75.378,12.146],[75.372,12.146],[75.367,12.135],[75.346,12.139],[75.325,12.145],[75.321,12.144],[75.311,12.136],[75.31,12.132],[75.311,12.125],[75.284,12.115],[75.278,12.102],[75.266,12.104],[75.256,12.109],[75.247,12.104],[75.241,12.109],[75.237,12.11],[75.221,12.101],[75.224,12.054],[75.227,12.044],[75.225,12.032],[75.231,12.024],[75.251,12.006],[75.29,11.954],[75.302,11.948],[75.305,11.952],[75.282,11.987],[75.263,12.003],[75.263,12.012],[75.271,12.03],[75.286,12.024],[75.286,12.03],[75.291,12.028],[75.291,12.02],[75.296,12.018],[75.298,12.027],[75.292,12.032],[75.302,12.025],[75.3,12.033],[75.312,12.049],[75.305,12.053],[75.301,12.058],[75.297,12.064],[75.315,12.088],[75.31,12.091],[75.309,12.103],[75.32,12.107],[75.328,12.107],[75.33,12.103],[75.336,12.099],[75.352,12.109],[75.369,12.121],[75.379,12.122],[75.382,12.129],[75.383,12.124],[75.392,12.126],[75.402,12.134],[75.4,12.141],[75.389,12.146],[75.378,12.146]]],[[[82.285,16.698],[82.258,16.702],[82.259,16.69],[82.285,16.698]]],[[[82.3,16.714],[82.301,16.733],[82.294,16.743],[82.281,16.723],[82.22,16.718],[82.21,16.731],[82.22,16.745],[82.222,16.75],[82.218,16.752],[82.189,16.727],[82.175,16.725],[82.179,16.716],[82.194,16.708],[82.215,16.71],[82.247,16.691],[82.258,16.69],[82.243,16.708],[82.246,16.717],[82.286,16.707],[82.299,16.714],[82.3,16.714]]]]},"properties":{"ID_0":105,"ISO":"IND","NAME_0":"India","ID_1":27,"NAME_1":"Puducherry"}},
{"type":"Feature","geometry":{"type":"Polygon","coordinates":[[[76.77,30.906],[76.754,30.918],[76.749,30.929],[76.738,30.93],[76.726,30.939],[76.724,30.951],[76.713,30.963],[76.705,30.963],[76.694,30.972],[76.663,30.971],[76.653,30.982],[76.61,31.004],[76.614,31.022],[76.599,31.054],[76.61,31.061],[76.605,31.078],[76.612,31.096],[76.626,31.11],[76.624,31.118],[76.589,31.128],[76.599,31.151],[76.59,31.157],[76.59,31.183],[76.612,31.203],[76.635,31.213],[76.625,31.221],[76.626,31.227],[76.616,31.229],[76.581,31.216],[76.576,31.226],[76.585,31.24],[76.602,31.251],[76.571,31.28],[76.546,31.256],[76.535,31.255],[76.537,31.284],[76.531,31.284],[76.528,31.27],[76.518,31.262],[76.514,31.283],[76.498,31.273],[76.489,31.273],[76.467,31.31],[76.431,31.283],[76.428,31.289],[76.448,31.306],[76.418,31.337],[76.379,31.391],[76.39,31.397],[76.382,31.411],[76.373,31.414],[76.375,31.422],[76.363,31.441],[76.357,31.43],[76.359,31.416],[76.347,31.406],[76.316,31.402],[76.318,31.381],[76.33,31.38],[76.337,31.353],[76.33,31.345],[76.318,31.352],[76.316,31.347],[76.296,31.342],[76.302,31.326],[76.296,31.319],[76.261,31.306],[76.256,31.315],[76.223,31.313],[76.206,31.305],[76.173,31.307],[76.166,31.341],[76.14,31.353],[76.135,31.362],[76.134,31.383],[76.153,31.397],[76.153,31.414],[76.116,31.465],[76.108,31.495],[76.043,31.592],[76.044,31.603],[76.023,31.615],[76.003,31.647],[76.005,31.663],[75.992,31.685],[75.976,31.695],[75.977,31.705],[75.966,31.733],[75.958,31.74],[75.96,31.75],[75.922,31.817],[75.933,31.815],[75.953,31.824],[75.971,31.815],[75.956,31.832],[75.895,31.95],[75.866,31.969],[75.842,31.974],[75.836,31.982],[75.806,31.985],[75.784,31.994],[75.738,32.036],[75.71,32.036],[75.69,32.062],[75.649,32.077],[75.599,32.066],[75.579,32.082],[75.611,32.1],[75.631,32.119],[75.655,32.146],[75.662,32.165],[75.656,32.177],[75.62,32.185],[75.623,32.235],[75.652,32.255],[75.676,32.264],[75.736,32.274],[75.755,32.286],[75.763,32.302],[75.844,32.379],[75.872,32.398],[75.932,32.417],[75.935,32.425],[75.924,32.439],[75.851,32.508],[75.856,32.538],[75.875,32.571],[75.873,32.576],[75.838,32.538],[75.825,32.509],[75.804,32.487],[75.779,32.475],[75.746,32.476],[75.712,32.418],[75.685,32.401],[75.648,32.389],[75.593,32.382],[75.529,32.349],[75.516,32.298],[75.501,32.276],[75.495,32.277],[75.49,32.288],[75.49,32.31],[75.468,32.318],[75.472,32.34],[75.415,32.324],[75.379,32.329],[75.332,32.345],[75.322,32.337],[75.337,32.323],[75.334,32.304],[75.34,32.289],[75.367,32.269],[75.357,32.252],[75.363,32.235],[75.346,32.218],[75.314,32.215],[75.333,32.205],[75.317,32.193],[75.314,32.159],[75.283,32.142],[75.272,32.113],[75.239,32.087],[75.228,32.085],[75.223,32.113],[75.212,32.119],[75.195,32.117],[75.185,32.084],[75.172,32.079],[75.164,32.068],[75.144,32.083],[75.116,32.083],[75.097,32.07],[75.092,32.059],[75.086,32.063],[75.077,32.061],[75.081,32.056],[75.076,32.061],[75.069,32.058],[75.051,32.041],[75.023,32.039],[75.005,32.029],[74.977,32.042],[74.964,32.043],[74.966,32.051],[74.96,32.055],[74.926,32.066],[74.907,32.063],[74.899,32.05],[74.872,32.051],[74.862,32.045],[74.868,32.033],[74.865,32.024],[74.859,32.027],[74.84,32.02],[74.846,32.009],[74.818,31.997],[74.82,31.976],[74.809,31.955],[74.801,31.962],[74.759,31.946],[74.748,31.952],[74.746,31.942],[74.736,31.937],[74.727,31.942],[74.718,31.958],[74.709,31.958],[74.703,31.925],[74.695,31.919],[74.685,31.923],[74.66,31.918],[74.652,31.909],[74.651,31.898],[74.638,31.897],[74.623,31.881],[74.6,31.886],[74.596,31.865],[74.583,31.857],[74.58,31.844],[74.556,31.829],[74.56,31.815],[74.549,31.798],[74.555,31.792],[74.544,31.776],[74.552,31.753],[74.518,31.745],[74.517,31.723],[74.578,31.623],[74.601,31.568],[74.604,31.534],[74.599,31.528],[74.575,31.521],[74.572,31.506],[74.566,31.502],[74.58,31.496],[74.595,31.5],[74.609,31.487],[74.626,31.487],[74.621,31.478],[74.642,31.46],[74.625,31.424],[74.595,31.397],[74.552,31.298],[74.53,31.299],[74.511,31.272],[74.522,31.248],[74.511,31.231],[74.515,31.209],[74.509,31.187],[74.501,31.182],[74.505,31.139],[74.523,31.13],[74.526,31.122],[74.543,31.122],[74.546,31.089],[74.552,31.086],[74.566,31.084],[74.585,31.095],[74.593,31.087],[74.601,31.109],[74.592,31.133],[74.621,31.137],[74.626,31.136],[74.625,31.123],[74.631,31.121],[74.651,31.135],[74.659,31.127],[74.677,31.131],[74.682,31.12],[74.69,31.117],[74.694,31.095],[74.672,31.062],[74.623,31.047],[74.6,31.044],[74.572,31.067],[74.558,31.068],[74.532,31.013],[74.538,30.994],[74.514,30.985],[74.497,30.967],[74.485,30.97],[74.471,30.966],[74.421,30.926],[74.416,30.906],[74.395,30.904],[74.383,30.892],[74.366,30.885],[74.362,30.872],[74.372,30.853],[74.363,30.846],[74.343,30.854],[74.316,30.848],[74.308,30.821],[74.286,30.8],[74.297,30.792],[74.297,30.783],[74.262,30.768],[74.282,30.73],[74.268,30.731],[74.254,30.723],[74.232,30.72],[74.186,30.659],[74.151,30.633],[74.13,30.628],[74.118,30.632],[74.109,30.606],[74.098,30.616],[74.091,30.613],[74.093,30.575],[74.068,30.555],[74.084,30.545],[74.078,30.529],[74.067,30.52],[74.056,30.522],[74.04,30.538],[74.034,30.536],[74.026,30.525],[73.984,30.501],[73.969,30.48],[73.963,30.458],[73.935,30.463],[73.937,30.443],[73.928,30.421],[73.903,30.417],[73.873,30.383],[73.871,30.369],[73.909,30.337],[73.958,30.262],[73.966,30.195],[73.961,30.143],[73.967,30.121],[73.958,30.12],[73.918,30.068],[73.895,30.047],[73.881,29.996],[73.891,29.97],[74.069,29.969],[74.252,29.955],[74.519,29.943],[74.525,29.952],[74.552,29.929],[74.573,29.926],[74.586,29.915],[74.647,29.905],[74.639,29.914],[74.64,29.922],[74.681,29.949],[74.691,29.969],[74.724,29.962],[74.737,29.969],[74.776,29.974],[74.801,29.993],[74.817,29.985],[74.821,29.973],[74.85,29.959],[74.872,29.959],[74.881,29.968],[74.894,29.953],[74.885,29.939],[74.916,29.949],[74.943,29.903],[74.97,29.89],[74.969,29.881],[74.99,29.856],[75.006,29.868],[75.014,29.865],[75.037,29.882],[75.052,29.875],[75.065,29.879],[75.078,29.912],[75.085,29.915],[75.103,29.897],[75.104,29.873],[75.085,29.859],[75.081,29.849],[75.104,29.838],[75.107,29.827],[75.093,29.819],[75.09,29.807],[75.102,29.803],[75.125,29.806],[75.135,29.78],[75.142,29.777],[75.154,29.781],[75.159,29.784],[75.149,29.796],[75.155,29.82],[75.182,29.839],[75.201,29.83],[75.198,29.796],[75.212,29.787],[75.231,29.752],[75.221,29.733],[75.217,29.73],[75.206,29.735],[75.194,29.725],[75.187,29.712],[75.198,29.696],[75.195,29.688],[75.159,29.669],[75.158,29.663],[75.173,29.649],[75.173,29.63],[75.185,29.623],[75.199,29.623],[75.221,29.607],[75.223,29.599],[75.211,29.582],[75.228,29.559],[75.223,29.546],[75.291,29.562],[75.296,29.568],[75.305,29.588],[75.28,29.603],[75.281,29.61],[75.308,29.633],[75.318,29.671],[75.33,29.672],[75.35,29.659],[75.334,29.688],[75.335,29.694],[75.359,29.706],[75.362,29.713],[75.379,29.711],[75.384,29.734],[75.397,29.749],[75.397,29.761],[75.41,29.775],[75.42,29.774],[75.444,29.786],[75.443,29.794],[75.435,29.799],[75.444,29.808],[75.506,29.774],[75.512,29.76],[75.53,29.773],[75.556,29.766],[75.563,29.744],[75.569,29.743],[75.593,29.749],[75.613,29.746],[75.623,29.754],[75.625,29.773],[75.641,29.771],[75.656,29.776],[75.687,29.752],[75.697,29.755],[75.706,29.809],[75.71,29.812],[75.748,29.812],[75.772,29.825],[75.796,29.807],[75.82,29.815],[75.829,29.812],[75.829,29.801],[75.844,29.776],[75.855,29.77],[75.864,29.752],[75.879,29.747],[75.897,29.756],[75.903,29.746],[75.923,29.735],[75.965,29.731],[76.018,29.756],[76.036,29.747],[76.063,29.777],[76.07,29.776],[76.074,29.781],[76.078,29.806],[76.094,29.812],[76.116,29.796],[76.139,29.817],[76.167,29.818],[76.186,29.831],[76.194,29.845],[76.211,29.843],[76.212,29.853],[76.229,29.855],[76.242,29.869],[76.225,29.885],[76.197,29.884],[76.185,29.889],[76.182,29.923],[76.171,29.923],[76.166,29.929],[76.179,29.946],[76.204,29.944],[76.195,29.966],[76.199,29.973],[76.189,30.004],[76.191,30.016],[76.215,30.027],[76.198,30.038],[76.235,30.087],[76.255,30.105],[76.229,30.109],[76.191,30.135],[76.194,30.141],[76.212,30.135],[76.204,30.159],[76.251,30.119],[76.28,30.114],[76.293,30.119],[76.323,30.108],[76.349,30.128],[76.326,30.149],[76.343,30.153],[76.364,30.128],[76.375,30.124],[76.39,30.128],[76.385,30.146],[76.402,30.158],[76.381,30.183],[76.399,30.199],[76.41,30.202],[76.42,30.198],[76.429,30.18],[76.422,30.164],[76.426,30.148],[76.436,30.137],[76.446,30.137],[76.444,30.123],[76.452,30.101],[76.491,30.097],[76.501,30.077],[76.534,30.083],[76.555,30.099],[76.581,30.087],[76.577,30.075],[76.601,30.08],[76.627,30.106],[76.629,30.135],[76.623,30.145],[76.628,30.155],[76.623,30.17],[76.642,30.189],[76.639,30.206],[76.604,30.215],[76.612,30.231],[76.584,30.257],[76.576,30.256],[76.544,30.231],[76.533,30.227],[76.546,30.244],[76.548,30.265],[76.61,30.271],[76.623,30.291],[76.626,30.284],[76.651,30.299],[76.662,30.3],[76.673,30.313],[76.675,30.326],[76.679,30.321],[76.715,30.333],[76.715,30.34],[76.739,30.36],[76.73,30.367],[76.711,30.365],[76.718,30.377],[76.705,30.381],[76.7,30.394],[76.727,30.405],[76.725,30.42],[76.749,30.427],[76.758,30.439],[76.767,30.436],[76.764,30.425],[76.771,30.418],[76.808,30.412],[76.832,30.434],[76.84,30.421],[76.865,30.409],[76.866,30.395],[76.88,30.386],[76.876,30.37],[76.88,30.36],[76.898,30.363],[76.927,30.389],[76.929,30.4],[76.905,30.405],[76.904,30.425],[76.889,30.441],[76.898,30.468],[76.889,30.485],[76.912,30.494],[76.92,30.518],[76.92,30.525],[76.885,30.54],[76.906,30.558],[76.899,30.564],[76.905,30.581],[76.899,30.588],[76.913,30.6],[76.902,30.608],[76.9,30.62],[76.884,30.627],[76.877,30.637],[76.859,30.641],[76.862,30.679],[76.835,30.656],[76.835,30.664],[76.819,30.661],[76.82,30.686],[76.811,30.685],[76.806,30.68],[76.794,30.669],[76.745,30.69],[76.738,30.689],[76.733,30.697],[76.726,30.696],[76.725,30.704],[76.727,30.708],[76.715,30.713],[76.715,30.715],[76.716,30.729],[76.71,30.735],[76.701,30.745],[76.691,30.747],[76.693,30.757],[76.691,30.76],[76.708,30.77],[76.718,30.769],[76.729,30.776],[76.735,30.783],[76.738,30.79],[76.74,30.791],[76.746,30.795],[76.751,30.797],[76.768,30.795],[76.776,30.784],[76.773,30.783],[76.769,30.777],[76.776,30.776],[76.781,30.774],[76.796,30.786],[76.802,30.782],[76.803,30.778],[76.793,30.767],[76.828,30.764],[76.847,30.793],[76.834,30.805],[76.828,30.833],[76.801,30.843],[76.769,30.877],[76.763,30.893],[76.77,30.906]]]},"properties":{"ID_0":105,"ISO":"IND","NAME_0":"India","ID_1":28,"NAME_1":"Punjab"}},
{"type":"Feature","geometry":{"type":"Polygon","coordinates":[[[74.519,29.943],[74.252,29.955],[74.069,29.969],[73.891,29.97],[73.881,29.996],[73.895,30.047],[73.918,30.068],[73.958,30.12],[73.967,30.121],[73.961,30.143],[73.966,30.195],[73.838,30.109],[73.787,30.066],[73.611,30.022],[73.391,29.938],[73.271,29.557],[73.089,29.249],[73,29.147],[72.942,29.027],[72.711,28.935],[72.52,28.829],[72.447,28.793],[72.403,28.778],[72.385,28.764],[72.302,28.665],[72.209,28.4],[72.184,28.358],[72.156,28.337],[72.126,28.304],[71.996,28.207],[71.933,28.127],[71.912,28.048],[71.897,27.957],[71.658,27.869],[71.41,27.866],[71.273,27.842],[71.174,27.812],[70.907,27.701],[70.884,27.698],[70.819,27.704],[70.758,27.717],[70.715,27.776],[70.678,27.839],[70.672,27.914],[70.661,27.931],[70.563,28.02],[70.51,28.036],[70.479,28.034],[70.366,28.008],[70.303,27.946],[70.208,27.885],[70.157,27.834],[70.108,27.767],[70.016,27.556],[69.936,27.502],[69.862,27.403],[69.813,27.36],[69.666,27.251],[69.578,27.165],[69.513,27.017],[69.501,26.9],[69.484,26.806],[69.508,26.748],[69.522,26.736],[69.722,26.654],[69.772,26.614],[69.815,26.592],[69.879,26.581],[70.025,26.599],[70.066,26.599],[70.107,26.59],[70.139,26.574],[70.168,26.551],[70.184,26.487],[70.176,26.433],[70.178,26.35],[70.165,26.291],[70.173,26.245],[70.159,26.194],[70.145,26.166],[70.083,26.074],[70.08,26.058],[70.096,25.944],[70.178,25.819],[70.203,25.805],[70.245,25.766],[70.28,25.701],[70.4,25.664],[70.46,25.673],[70.536,25.677],[70.617,25.707],[70.647,25.707],[70.666,25.697],[70.681,25.661],[70.676,25.524],[70.688,25.517],[70.674,25.389],[70.744,25.321],[70.766,25.265],[70.894,25.144],[70.926,24.995],[70.945,24.935],[71.024,24.821],[71.073,24.712],[71.107,24.681],[71.119,24.669],[71.172,24.649],[71.207,24.64],[71.242,24.627],[71.261,24.621],[71.298,24.608],[71.322,24.64],[71.351,24.653],[71.357,24.654],[71.368,24.627],[71.383,24.622],[71.488,24.674],[71.537,24.679],[71.551,24.671],[71.583,24.677],[71.598,24.664],[71.617,24.671],[71.645,24.653],[71.65,24.64],[71.662,24.633],[71.716,24.654],[71.746,24.654],[71.799,24.671],[71.809,24.666],[71.815,24.655],[71.812,24.622],[71.847,24.615],[71.858,24.604],[71.869,24.623],[71.863,24.655],[71.876,24.675],[71.894,24.666],[71.92,24.667],[71.926,24.659],[71.917,24.651],[71.919,24.646],[71.935,24.627],[71.944,24.627],[71.993,24.653],[71.99,24.667],[72.001,24.683],[72.041,24.695],[72.052,24.706],[72.085,24.697],[72.092,24.675],[72.082,24.668],[72.085,24.653],[72.121,24.632],[72.151,24.634],[72.165,24.615],[72.186,24.609],[72.201,24.616],[72.211,24.613],[72.208,24.617],[72.23,24.633],[72.249,24.621],[72.275,24.622],[72.315,24.609],[72.331,24.612],[72.34,24.623],[72.354,24.618],[72.342,24.594],[72.326,24.587],[72.314,24.585],[72.3,24.6],[72.279,24.6],[72.251,24.58],[72.272,24.55],[72.29,24.558],[72.295,24.538],[72.337,24.544],[72.335,24.559],[72.358,24.553],[72.365,24.539],[72.374,24.537],[72.371,24.529],[72.386,24.501],[72.421,24.508],[72.442,24.504],[72.448,24.493],[72.439,24.479],[72.437,24.461],[72.456,24.438],[72.465,24.407],[72.508,24.41],[72.51,24.418],[72.501,24.45],[72.512,24.447],[72.514,24.465],[72.545,24.507],[72.574,24.488],[72.589,24.473],[72.659,24.456],[72.697,24.457],[72.693,24.419],[72.707,24.391],[72.733,24.361],[72.815,24.358],[72.829,24.365],[72.868,24.366],[72.901,24.351],[72.924,24.326],[72.934,24.336],[72.991,24.364],[72.981,24.38],[72.963,24.384],[72.964,24.392],[72.991,24.421],[72.981,24.451],[73,24.471],[73.013,24.482],[73.022,24.465],[73.051,24.465],[73.094,24.495],[73.107,24.457],[73.108,24.426],[73.093,24.413],[73.085,24.394],[73.098,24.386],[73.111,24.387],[73.127,24.369],[73.17,24.351],[73.19,24.356],[73.211,24.375],[73.231,24.365],[73.216,24.35],[73.211,24.334],[73.201,24.334],[73.193,24.344],[73.181,24.301],[73.151,24.311],[73.145,24.308],[73.139,24.28],[73.116,24.263],[73.101,24.238],[73.111,24.231],[73.092,24.221],[73.083,24.185],[73.117,24.153],[73.114,24.139],[73.123,24.14],[73.172,24.111],[73.194,24.105],[73.198,24.111],[73.224,24.098],[73.199,24.051],[73.201,24.045],[73.229,24.028],[73.246,24.011],[73.275,24.028],[73.291,24.027],[73.307,24.051],[73.327,24.063],[73.332,24.074],[73.335,24.115],[73.361,24.114],[73.373,24.128],[73.37,24.088],[73.397,24.073],[73.414,24.051],[73.411,23.998],[73.405,23.991],[73.42,23.983],[73.42,23.936],[73.425,23.931],[73.408,23.916],[73.396,23.917],[73.362,23.862],[73.36,23.855],[73.373,23.822],[73.363,23.787],[73.376,23.767],[73.39,23.769],[73.4,23.784],[73.42,23.779],[73.432,23.762],[73.451,23.753],[73.455,23.74],[73.477,23.721],[73.479,23.709],[73.509,23.703],[73.511,23.673],[73.501,23.651],[73.512,23.645],[73.501,23.634],[73.513,23.617],[73.527,23.611],[73.532,23.614],[73.577,23.655],[73.619,23.651],[73.642,23.631],[73.661,23.623],[73.65,23.608],[73.651,23.581],[73.638,23.563],[73.637,23.548],[73.637,23.531],[73.657,23.516],[73.658,23.504],[73.644,23.497],[73.633,23.452],[73.653,23.44],[73.682,23.457],[73.704,23.456],[73.717,23.419],[73.726,23.413],[73.765,23.459],[73.783,23.435],[73.832,23.447],[73.836,23.431],[73.895,23.353],[73.894,23.337],[73.939,23.341],[73.947,23.374],[73.962,23.381],[73.971,23.377],[73.991,23.338],[74.033,23.332],[74.03,23.32],[74.038,23.306],[74.048,23.311],[74.05,23.307],[74.044,23.296],[74.102,23.296],[74.114,23.277],[74.134,23.269],[74.139,23.227],[74.125,23.207],[74.127,23.179],[74.146,23.175],[74.155,23.158],[74.183,23.152],[74.189,23.158],[74.19,23.172],[74.208,23.192],[74.237,23.183],[74.246,23.188],[74.25,23.178],[74.267,23.166],[74.288,23.119],[74.283,23.095],[74.31,23.08],[74.323,23.063],[74.355,23.076],[74.361,23.09],[74.391,23.112],[74.433,23.106],[74.445,23.093],[74.467,23.085],[74.512,23.089],[74.514,23.096],[74.543,23.107],[74.546,23.132],[74.608,23.145],[74.655,23.182],[74.669,23.201],[74.716,23.195],[74.746,23.212],[74.751,23.23],[74.746,23.233],[74.724,23.22],[74.695,23.223],[74.696,23.229],[74.722,23.243],[74.703,23.262],[74.701,23.272],[74.673,23.275],[74.646,23.26],[74.632,23.263],[74.622,23.281],[74.587,23.284],[74.572,23.301],[74.553,23.283],[74.536,23.31],[74.534,23.323],[74.519,23.322],[74.518,23.329],[74.538,23.334],[74.546,23.364],[74.56,23.364],[74.571,23.378],[74.574,23.423],[74.598,23.43],[74.613,23.452],[74.613,23.461],[74.655,23.464],[74.669,23.484],[74.684,23.487],[74.687,23.496],[74.701,23.504],[74.734,23.501],[74.742,23.519],[74.764,23.525],[74.774,23.543],[74.785,23.548],[74.796,23.546],[74.803,23.534],[74.845,23.554],[74.873,23.578],[74.886,23.606],[74.906,23.623],[74.922,23.622],[74.94,23.63],[74.939,23.643],[74.931,23.648],[74.924,23.669],[74.908,23.683],[74.923,23.697],[74.924,23.719],[74.941,23.735],[74.932,23.756],[74.939,23.771],[74.93,23.794],[74.91,23.801],[74.916,23.846],[74.907,23.856],[74.906,23.874],[74.915,23.912],[74.923,23.925],[74.921,23.936],[74.941,23.961],[74.969,23.98],[74.972,24.004],[74.988,24.014],[74.993,24.03],[74.981,24.041],[74.979,24.072],[74.965,24.083],[74.96,24.11],[74.936,24.124],[74.937,24.139],[74.924,24.149],[74.928,24.157],[74.9,24.174],[74.881,24.214],[74.887,24.225],[74.906,24.234],[74.905,24.245],[74.897,24.249],[74.894,24.262],[74.87,24.281],[74.853,24.27],[74.815,24.277],[74.773,24.272],[74.753,24.283],[74.757,24.296],[74.784,24.317],[74.786,24.349],[74.782,24.358],[74.787,24.372],[74.802,24.387],[74.812,24.409],[74.825,24.408],[74.827,24.424],[74.857,24.452],[74.858,24.467],[74.841,24.467],[74.834,24.46],[74.818,24.462],[74.825,24.479],[74.817,24.491],[74.792,24.493],[74.779,24.483],[74.751,24.492],[74.731,24.51],[74.712,24.511],[74.716,24.523],[74.729,24.535],[74.748,24.536],[74.749,24.552],[74.757,24.555],[74.748,24.597],[74.79,24.611],[74.783,24.637],[74.809,24.67],[74.817,24.672],[74.813,24.686],[74.792,24.684],[74.789,24.679],[74.775,24.688],[74.79,24.727],[74.78,24.743],[74.803,24.755],[74.799,24.796],[74.81,24.796],[74.819,24.765],[74.85,24.699],[74.854,24.697],[74.856,24.705],[74.873,24.669],[74.893,24.655],[74.897,24.666],[74.902,24.656],[74.909,24.662],[74.943,24.66],[74.943,24.669],[74.952,24.67],[74.957,24.683],[74.962,24.68],[74.962,24.701],[75,24.708],[74.991,24.734],[74.993,24.753],[75.02,24.753],[75.021,24.773],[75.013,24.794],[75.007,24.796],[74.97,24.791],[74.929,24.795],[74.917,24.787],[74.91,24.788],[74.905,24.797],[74.885,24.802],[74.878,24.813],[74.859,24.813],[74.858,24.795],[74.849,24.793],[74.838,24.808],[74.859,24.82],[74.856,24.853],[74.842,24.875],[74.838,24.897],[74.827,24.899],[74.824,24.929],[74.833,24.967],[74.846,24.974],[74.853,24.975],[74.862,24.966],[74.867,24.937],[74.877,24.939],[74.879,24.949],[74.885,24.95],[74.89,24.941],[74.901,24.94],[74.904,24.93],[74.913,24.928],[74.907,24.907],[74.92,24.892],[74.93,24.888],[74.931,24.894],[74.949,24.895],[74.945,24.878],[75.013,24.874],[75.03,24.861],[75.043,24.859],[75.06,24.875],[75.056,24.882],[75.063,24.877],[75.082,24.889],[75.09,24.88],[75.119,24.889],[75.116,24.965],[75.12,24.976],[75.149,24.981],[75.134,24.983],[75.138,24.986],[75.164,24.992],[75.169,25.01],[75.165,25.022],[75.155,25.029],[75.159,25.045],[75.167,25.044],[75.174,25.054],[75.201,25.034],[75.205,25.042],[75.227,25.039],[75.31,25.046],[75.346,25.043],[75.354,25.037],[75.352,25.025],[75.329,25.018],[75.319,25.007],[75.323,24.982],[75.337,24.963],[75.314,24.9],[75.303,24.943],[75.29,24.952],[75.285,24.977],[75.276,24.977],[75.266,24.962],[75.277,24.948],[75.276,24.94],[75.285,24.937],[75.293,24.923],[75.282,24.923],[75.278,24.913],[75.272,24.918],[75.267,24.914],[75.261,24.905],[75.261,24.89],[75.288,24.88],[75.294,24.871],[75.311,24.869],[75.326,24.887],[75.372,24.878],[75.408,24.892],[75.424,24.893],[75.417,24.864],[75.344,24.833],[75.33,24.832],[75.32,24.818],[75.306,24.813],[75.279,24.853],[75.242,24.861],[75.227,24.859],[75.248,24.881],[75.25,24.896],[75.241,24.903],[75.223,24.89],[75.219,24.906],[75.208,24.91],[75.201,24.884],[75.228,24.848],[75.241,24.847],[75.252,24.837],[75.247,24.822],[75.217,24.82],[75.206,24.81],[75.203,24.789],[75.192,24.789],[75.186,24.768],[75.187,24.76],[75.198,24.757],[75.217,24.722],[75.224,24.735],[75.25,24.729],[75.267,24.733],[75.304,24.721],[75.351,24.717],[75.364,24.71],[75.452,24.693],[75.483,24.698],[75.535,24.72],[75.552,24.714],[75.582,24.723],[75.613,24.688],[75.659,24.702],[75.68,24.728],[75.731,24.756],[75.76,24.765],[75.786,24.766],[75.839,24.73],[75.842,24.717],[75.827,24.672],[75.844,24.669],[75.849,24.653],[75.846,24.631],[75.828,24.613],[75.839,24.609],[75.838,24.596],[75.845,24.61],[75.863,24.613],[75.866,24.607],[75.874,24.607],[75.876,24.591],[75.884,24.582],[75.911,24.577],[75.917,24.571],[75.908,24.565],[75.907,24.552],[75.921,24.544],[75.925,24.533],[75.909,24.515],[75.902,24.522],[75.893,24.522],[75.891,24.51],[75.905,24.505],[75.912,24.492],[75.909,24.456],[75.899,24.442],[75.847,24.419],[75.829,24.423],[75.813,24.437],[75.815,24.465],[75.791,24.475],[75.784,24.452],[75.776,24.454],[75.768,24.44],[75.749,24.428],[75.756,24.428],[75.755,24.409],[75.727,24.405],[75.73,24.389],[75.739,24.395],[75.742,24.353],[75.738,24.348],[75.765,24.311],[75.781,24.309],[75.797,24.314],[75.811,24.303],[75.817,24.291],[75.811,24.285],[75.812,24.27],[75.819,24.268],[75.813,24.257],[75.827,24.246],[75.821,24.241],[75.808,24.241],[75.805,24.23],[75.792,24.223],[75.774,24.221],[75.769,24.193],[75.743,24.14],[75.776,24.139],[75.79,24.11],[75.802,24.118],[75.812,24.103],[75.836,24.111],[75.834,24.075],[75.78,24.062],[75.78,24.036],[75.771,24.012],[75.761,24.013],[75.762,23.998],[75.738,23.995],[75.736,23.981],[75.7,23.969],[75.696,23.99],[75.684,23.993],[75.686,24.018],[75.677,24.02],[75.669,24.034],[75.641,24.018],[75.635,24],[75.597,23.999],[75.584,23.992],[75.576,24.001],[75.569,23.999],[75.572,24.017],[75.567,24.023],[75.543,24.026],[75.514,24.049],[75.489,24],[75.465,23.981],[75.456,23.921],[75.487,23.911],[75.504,23.892],[75.517,23.889],[75.561,23.86],[75.576,23.842],[75.572,23.835],[75.56,23.837],[75.556,23.826],[75.563,23.817],[75.583,23.815],[75.583,23.8],[75.612,23.807],[75.626,23.8],[75.652,23.802],[75.659,23.789],[75.674,23.784],[75.684,23.761],[75.699,23.792],[75.687,23.819],[75.718,23.819],[75.722,23.827],[75.716,23.846],[75.724,23.848],[75.729,23.858],[75.728,23.865],[75.707,23.868],[75.698,23.877],[75.702,23.904],[75.731,23.902],[75.736,23.894],[75.75,23.89],[75.759,23.881],[75.762,23.857],[75.777,23.854],[75.794,23.874],[75.803,23.871],[75.83,23.885],[75.837,23.881],[75.841,23.888],[75.861,23.896],[75.879,23.885],[75.921,23.904],[75.932,23.902],[75.948,23.922],[75.976,23.933],[75.981,23.943],[75.98,23.974],[75.96,23.997],[75.96,24.025],[76.002,24.035],[76.027,24.05],[76.033,24.064],[76.047,24.076],[76.085,24.082],[76.109,24.097],[76.123,24.092],[76.135,24.095],[76.129,24.119],[76.137,24.131],[76.129,24.175],[76.12,24.18],[76.121,24.196],[76.123,24.205],[76.147,24.228],[76.154,24.244],[76.143,24.285],[76.15,24.292],[76.169,24.296],[76.172,24.316],[76.185,24.332],[76.206,24.311],[76.195,24.285],[76.202,24.277],[76.206,24.233],[76.216,24.217],[76.223,24.223],[76.248,24.228],[76.283,24.216],[76.29,24.237],[76.327,24.254],[76.353,24.249],[76.4,24.223],[76.414,24.207],[76.423,24.214],[76.418,24.224],[76.424,24.227],[76.453,24.217],[76.47,24.231],[76.479,24.218],[76.505,24.205],[76.513,24.173],[76.523,24.163],[76.531,24.163],[76.555,24.168],[76.58,24.181],[76.577,24.191],[76.566,24.201],[76.571,24.213],[76.597,24.23],[76.588,24.25],[76.614,24.242],[76.616,24.263],[76.64,24.262],[76.647,24.272],[76.668,24.267],[76.679,24.271],[76.685,24.283],[76.693,24.285],[76.702,24.249],[76.688,24.232],[76.674,24.193],[76.701,24.171],[76.721,24.162],[76.729,24.171],[76.755,24.172],[76.759,24.166],[76.769,24.165],[76.791,24.126],[76.801,24.12],[76.815,24.127],[76.828,24.126],[76.856,24.139],[76.873,24.14],[76.886,24.132],[76.9,24.131],[76.916,24.189],[76.933,24.187],[76.944,24.206],[76.923,24.217],[76.916,24.232],[76.874,24.271],[76.859,24.312],[76.84,24.339],[76.837,24.361],[76.852,24.375],[76.848,24.396],[76.836,24.417],[76.846,24.419],[76.851,24.435],[76.838,24.451],[76.846,24.453],[76.851,24.469],[76.845,24.491],[76.835,24.494],[76.815,24.534],[76.846,24.551],[76.866,24.549],[76.874,24.543],[76.873,24.532],[76.88,24.525],[76.889,24.527],[76.9,24.548],[76.913,24.544],[76.919,24.53],[76.915,24.488],[76.941,24.467],[76.965,24.461],[76.975,24.465],[76.98,24.475],[77.002,24.478],[77.006,24.494],[77.024,24.501],[77.025,24.517],[77.032,24.529],[77.05,24.527],[77.065,24.57],[77.058,24.595],[77.059,24.642],[77.027,24.711],[76.992,24.717],[76.972,24.732],[76.963,24.76],[76.952,24.765],[76.909,24.747],[76.887,24.754],[76.847,24.75],[76.847,24.77],[76.802,24.82],[76.802,24.827],[76.832,24.84],[76.895,24.84],[76.927,24.85],[76.943,24.86],[76.949,24.873],[76.934,24.884],[76.914,24.888],[76.913,24.897],[76.925,24.91],[76.921,24.917],[76.907,24.923],[76.891,24.92],[76.893,24.935],[76.872,24.955],[76.867,24.965],[76.868,25.001],[76.854,25.01],[76.874,25.013],[76.882,25.034],[76.91,25.036],[76.969,25.056],[76.975,25.071],[76.994,25.08],[77.077,25.058],[77.09,25.066],[77.114,25.069],[77.128,25.089],[77.14,25.096],[77.14,25.091],[77.158,25.088],[77.165,25.099],[77.163,25.11],[77.17,25.114],[77.189,25.112],[77.197,25.117],[77.221,25.11],[77.262,25.119],[77.303,25.084],[77.357,25.102],[77.369,25.108],[77.368,25.114],[77.387,25.122],[77.399,25.113],[77.387,25.133],[77.391,25.188],[77.403,25.187],[77.418,25.193],[77.406,25.226],[77.392,25.231],[77.376,25.249],[77.363,25.25],[77.35,25.272],[77.373,25.294],[77.372,25.32],[77.364,25.333],[77.353,25.332],[77.349,25.324],[77.336,25.326],[77.356,25.368],[77.345,25.38],[77.344,25.388],[77.361,25.413],[77.354,25.424],[77.344,25.422],[77.305,25.436],[77.283,25.424],[77.26,25.399],[77.22,25.373],[77.215,25.325],[77.21,25.324],[77.211,25.334],[77.198,25.331],[77.205,25.311],[77.154,25.313],[77.116,25.335],[77.075,25.34],[77.058,25.322],[77.039,25.325],[77.024,25.301],[76.959,25.297],[76.953,25.279],[76.942,25.275],[76.929,25.279],[76.933,25.287],[76.929,25.297],[76.893,25.322],[76.843,25.331],[76.77,25.312],[76.76,25.323],[76.767,25.336],[76.74,25.348],[76.715,25.342],[76.703,25.348],[76.681,25.345],[76.644,25.376],[76.636,25.38],[76.625,25.375],[76.603,25.389],[76.589,25.431],[76.564,25.442],[76.556,25.48],[76.52,25.53],[76.522,25.55],[76.51,25.58],[76.515,25.634],[76.499,25.648],[76.511,25.673],[76.478,25.695],[76.482,25.718],[76.503,25.729],[76.531,25.734],[76.522,25.766],[76.529,25.798],[76.593,25.874],[76.627,25.871],[76.638,25.902],[76.646,25.909],[76.674,25.912],[76.715,25.901],[76.733,25.903],[76.762,25.922],[76.753,25.932],[76.756,25.942],[76.786,25.94],[76.806,25.953],[76.819,25.971],[76.82,25.989],[76.837,26.002],[76.84,26.011],[76.83,26.03],[76.87,26.056],[76.888,26.093],[76.939,26.106],[76.986,26.132],[76.994,26.138],[77.005,26.159],[77.035,26.182],[77.092,26.191],[77.114,26.231],[77.124,26.238],[77.158,26.239],[77.17,26.245],[77.185,26.237],[77.203,26.237],[77.29,26.296],[77.308,26.315],[77.318,26.346],[77.329,26.348],[77.335,26.357],[77.366,26.372],[77.383,26.362],[77.402,26.369],[77.432,26.365],[77.44,26.379],[77.426,26.396],[77.428,26.407],[77.475,26.415],[77.523,26.415],[77.551,26.441],[77.609,26.459],[77.627,26.483],[77.668,26.508],[77.695,26.501],[77.714,26.504],[77.727,26.515],[77.731,26.53],[77.744,26.545],[77.767,26.553],[77.798,26.55],[77.813,26.555],[77.825,26.573],[77.82,26.6],[77.842,26.615],[77.879,26.62],[77.889,26.633],[77.895,26.662],[77.904,26.666],[77.948,26.665],[77.969,26.677],[77.992,26.703],[78.049,26.69],[78.069,26.679],[78.086,26.683],[78.089,26.738],[78.116,26.755],[78.096,26.772],[78.1,26.797],[78.119,26.803],[78.146,26.792],[78.176,26.791],[78.179,26.801],[78.161,26.827],[78.168,26.832],[78.192,26.83],[78.21,26.836],[78.214,26.849],[78.204,26.856],[78.191,26.889],[78.205,26.877],[78.227,26.883],[78.23,26.894],[78.253,26.905],[78.262,26.924],[78.258,26.934],[78.233,26.934],[78.216,26.954],[78.205,26.939],[78.19,26.947],[78.139,26.957],[78.111,26.953],[78.113,26.927],[78.095,26.929],[78.101,26.905],[78.091,26.912],[78.087,26.902],[78.061,26.916],[78.042,26.915],[78.048,26.875],[78.038,26.877],[78.022,26.861],[78.016,26.864],[78.028,26.876],[78.018,26.882],[78.022,26.895],[78.014,26.908],[78.007,26.911],[77.992,26.911],[77.975,26.898],[77.963,26.913],[77.942,26.9],[77.929,26.913],[77.91,26.914],[77.907,26.924],[77.9,26.925],[77.903,26.901],[77.896,26.89],[77.89,26.889],[77.871,26.906],[77.821,26.926],[77.815,26.923],[77.799,26.928],[77.789,26.922],[77.773,26.936],[77.753,26.938],[77.744,26.923],[77.729,26.926],[77.719,26.916],[77.711,26.903],[77.72,26.897],[77.716,26.881],[77.698,26.88],[77.694,26.873],[77.678,26.878],[77.665,26.86],[77.625,26.847],[77.616,26.848],[77.605,26.833],[77.6,26.843],[77.556,26.822],[77.536,26.825],[77.521,26.822],[77.512,26.828],[77.514,26.845],[77.498,26.848],[77.481,26.788],[77.497,26.774],[77.493,26.767],[77.48,26.754],[77.448,26.747],[77.464,26.77],[77.451,26.781],[77.429,26.77],[77.439,26.819],[77.417,26.843],[77.426,26.853],[77.422,26.867],[77.437,26.868],[77.442,26.878],[77.454,26.877],[77.455,26.89],[77.482,26.904],[77.58,26.931],[77.587,26.945],[77.594,26.938],[77.649,26.974],[77.665,26.967],[77.67,26.977],[77.692,26.979],[77.715,26.992],[77.736,26.988],[77.74,26.998],[77.748,26.999],[77.743,27.006],[77.755,27.023],[77.744,27.024],[77.736,27.034],[77.726,27.032],[77.72,27.014],[77.722,27],[77.704,27],[77.682,27.033],[77.684,27.045],[77.673,27.052],[77.657,27.023],[77.634,27.027],[77.627,27.016],[77.616,27.027],[77.591,27.032],[77.584,27.039],[77.557,27.037],[77.567,27.06],[77.566,27.078],[77.546,27.081],[77.529,27.067],[77.521,27.067],[77.514,27.07],[77.517,27.089],[77.498,27.095],[77.514,27.108],[77.529,27.104],[77.544,27.116],[77.591,27.123],[77.597,27.129],[77.594,27.148],[77.607,27.154],[77.605,27.168],[77.615,27.175],[77.636,27.17],[77.655,27.176],[77.673,27.2],[77.657,27.213],[77.64,27.217],[77.644,27.239],[77.626,27.262],[77.613,27.26],[77.607,27.273],[77.614,27.279],[77.603,27.295],[77.592,27.301],[77.614,27.315],[77.614,27.343],[77.575,27.327],[77.543,27.342],[77.539,27.353],[77.522,27.358],[77.497,27.381],[77.476,27.388],[77.467,27.384],[77.432,27.399],[77.427,27.417],[77.415,27.425],[77.43,27.462],[77.415,27.466],[77.407,27.476],[77.396,27.478],[77.392,27.502],[77.382,27.517],[77.352,27.52],[77.335,27.53],[77.333,27.539],[77.34,27.547],[77.33,27.571],[77.35,27.593],[77.335,27.602],[77.326,27.597],[77.311,27.612],[77.342,27.653],[77.337,27.696],[77.331,27.711],[77.302,27.713],[77.298,27.719],[77.296,27.73],[77.312,27.739],[77.301,27.756],[77.304,27.788],[77.295,27.8],[77.276,27.807],[77.262,27.816],[77.253,27.798],[77.232,27.786],[77.227,27.796],[77.207,27.801],[77.194,27.822],[77.187,27.815],[77.189,27.798],[77.169,27.785],[77.162,27.791],[77.181,27.809],[77.172,27.816],[77.151,27.816],[77.151,27.792],[77.127,27.776],[77.12,27.789],[77.101,27.785],[77.077,27.801],[77.072,27.81],[77.038,27.82],[77.024,27.798],[77.021,27.778],[77.028,27.78],[77.039,27.775],[77.05,27.761],[77.067,27.764],[77.079,27.738],[77.053,27.728],[77.029,27.749],[77.011,27.747],[77.003,27.739],[76.994,27.742],[76.979,27.706],[76.97,27.657],[76.934,27.675],[76.924,27.661],[76.903,27.659],[76.892,27.68],[76.897,27.686],[76.881,27.699],[76.883,27.703],[76.9,27.695],[76.915,27.701],[76.903,27.716],[76.883,27.724],[76.884,27.731],[76.891,27.742],[76.896,27.786],[76.907,27.808],[76.9,27.821],[76.904,27.833],[76.927,27.834],[76.926,27.894],[76.938,27.896],[76.939,27.919],[76.919,27.925],[76.925,27.978],[76.919,27.998],[76.934,28.048],[76.947,28.071],[76.962,28.144],[76.942,28.149],[76.942,28.155],[76.921,28.162],[76.884,28.192],[76.9,28.205],[76.897,28.208],[76.866,28.212],[76.864,28.225],[76.85,28.227],[76.833,28.225],[76.824,28.215],[76.806,28.216],[76.801,28.212],[76.806,28.2],[76.798,28.194],[76.794,28.2],[76.79,28.194],[76.796,28.17],[76.791,28.157],[76.755,28.147],[76.739,28.129],[76.71,28.132],[76.699,28.116],[76.69,28.115],[76.682,28.098],[76.651,28.097],[76.648,28.068],[76.651,28.044],[76.661,28.029],[76.66,28.019],[76.637,28.011],[76.599,28.01],[76.567,27.984],[76.538,27.971],[76.531,27.979],[76.538,28.005],[76.539,28.039],[76.526,28.045],[76.505,28.035],[76.492,28.047],[76.462,28.045],[76.454,28.05],[76.458,28.062],[76.484,28.058],[76.498,28.065],[76.47,28.086],[76.459,28.085],[76.449,28.093],[76.461,28.112],[76.473,28.113],[76.477,28.106],[76.498,28.107],[76.498,28.123],[76.487,28.123],[76.49,28.134],[76.47,28.139],[76.471,28.155],[76.437,28.152],[76.427,28.146],[76.397,28.148],[76.393,28.141],[76.377,28.138],[76.36,28.143],[76.353,28.166],[76.336,28.177],[76.305,28.184],[76.279,28.179],[76.278,28.169],[76.299,28.163],[76.296,28.155],[76.317,28.153],[76.331,28.139],[76.356,28.128],[76.34,28.11],[76.332,28.107],[76.308,28.111],[76.297,28.101],[76.325,28.092],[76.337,28.073],[76.355,28.074],[76.341,28.036],[76.33,28.025],[76.317,28.021],[76.297,28.026],[76.29,28.03],[76.29,28.049],[76.282,28.059],[76.251,28.071],[76.226,28.055],[76.208,28.056],[76.2,28.061],[76.177,28.059],[76.177,28.049],[76.193,28.035],[76.204,28.042],[76.214,28.04],[76.214,28.032],[76.203,28.03],[76.196,28.022],[76.174,28.022],[76.154,27.993],[76.162,27.988],[76.161,27.98],[76.179,27.973],[76.166,27.915],[76.199,27.899],[76.2,27.888],[76.189,27.876],[76.193,27.864],[76.205,27.856],[76.206,27.848],[76.223,27.841],[76.208,27.828],[76.194,27.831],[76.173,27.807],[76.128,27.833],[76.128,27.847],[76.122,27.854],[76.088,27.868],[76.08,27.851],[76.06,27.857],[76.05,27.848],[76.009,27.863],[76.005,27.857],[75.963,27.865],[75.973,27.877],[75.975,27.893],[75.967,27.899],[75.977,27.909],[75.956,27.92],[75.929,27.917],[75.924,27.933],[75.939,27.951],[75.945,27.94],[75.963,27.937],[75.973,27.958],[75.968,27.962],[75.987,27.985],[75.955,27.989],[75.956,28.001],[75.98,28.001],[75.989,28.004],[75.991,28.01],[75.973,28.018],[75.97,28.031],[75.981,28.039],[76.01,28.037],[76.005,28.055],[76.017,28.056],[76.036,28.074],[76.031,28.084],[76.016,28.089],[76.002,28.061],[75.985,28.051],[75.975,28.057],[75.988,28.071],[75.982,28.08],[75.936,28.094],[75.947,28.11],[75.977,28.127],[75.991,28.128],[75.995,28.151],[76.028,28.173],[76.066,28.168],[76.065,28.144],[76.088,28.144],[76.093,28.155],[76.075,28.172],[76.066,28.199],[76.045,28.203],[76.053,28.224],[76.036,28.227],[76.011,28.242],[76.007,28.253],[76.019,28.281],[75.987,28.296],[75.968,28.324],[75.955,28.319],[75.951,28.333],[75.956,28.338],[75.927,28.345],[75.922,28.369],[75.897,28.38],[75.897,28.39],[75.889,28.394],[75.883,28.387],[75.835,28.398],[75.828,28.409],[75.818,28.406],[75.817,28.412],[75.803,28.414],[75.788,28.404],[75.77,28.408],[75.765,28.421],[75.785,28.439],[75.785,28.451],[75.778,28.458],[75.735,28.473],[75.737,28.487],[75.69,28.499],[75.664,28.521],[75.663,28.536],[75.637,28.548],[75.629,28.546],[75.618,28.602],[75.585,28.606],[75.577,28.617],[75.556,28.615],[75.549,28.643],[75.54,28.649],[75.529,28.75],[75.516,28.772],[75.499,28.788],[75.513,28.837],[75.498,28.856],[75.488,28.86],[75.488,28.898],[75.467,28.926],[75.469,28.938],[75.498,28.941],[75.503,28.961],[75.517,28.975],[75.511,29.011],[75.473,29.02],[75.435,29.017],[75.441,29.042],[75.43,29.056],[75.43,29.065],[75.381,29.07],[75.381,29.111],[75.396,29.128],[75.361,29.143],[75.368,29.15],[75.369,29.17],[75.389,29.171],[75.401,29.189],[75.396,29.213],[75.386,29.221],[75.399,29.24],[75.396,29.262],[75.38,29.264],[75.358,29.255],[75.35,29.247],[75.345,29.226],[75.315,29.236],[75.323,29.252],[75.325,29.278],[75.319,29.293],[75.279,29.277],[75.272,29.254],[75.249,29.256],[75.235,29.252],[75.223,29.235],[75.212,29.235],[75.195,29.244],[75.18,29.269],[75.164,29.264],[75.161,29.254],[75.147,29.246],[75.114,29.243],[75.108,29.227],[75.078,29.232],[75.063,29.239],[75.065,29.247],[75.04,29.287],[75.024,29.292],[74.991,29.272],[74.977,29.281],[74.953,29.282],[74.94,29.305],[74.951,29.326],[74.936,29.338],[74.927,29.365],[74.888,29.387],[74.871,29.385],[74.864,29.396],[74.841,29.404],[74.81,29.398],[74.776,29.36],[74.757,29.356],[74.732,29.354],[74.711,29.369],[74.689,29.365],[74.65,29.372],[74.642,29.331],[74.596,29.328],[74.597,29.362],[74.573,29.386],[74.57,29.406],[74.558,29.419],[74.531,29.425],[74.529,29.45],[74.535,29.465],[74.543,29.467],[74.579,29.459],[74.614,29.527],[74.567,29.563],[74.575,29.627],[74.586,29.635],[74.579,29.655],[74.603,29.721],[74.605,29.753],[74.587,29.769],[74.578,29.767],[74.571,29.753],[74.538,29.754],[74.526,29.741],[74.472,29.744],[74.465,29.788],[74.471,29.802],[74.492,29.827],[74.533,29.839],[74.554,29.866],[74.534,29.903],[74.505,29.908],[74.519,29.943]]]},"properties":{"ID_0":105,"ISO":"IND","NAME_0":"India","ID_1":29,"NAME_1":"Rajasthan"}},
{"type":"Feature","geometry":{"type":"Polygon","coordinates":[[[88.752,27.148],[88.76,27.157],[88.761,27.175],[88.788,27.186],[88.79,27.202],[88.801,27.221],[88.801,27.248],[88.83,27.263],[88.872,27.259],[88.899,27.275],[88.907,27.284],[88.914,27.316],[88.922,27.326],[88.89,27.336],[88.881,27.363],[88.867,27.368],[88.859,27.386],[88.84,27.378],[88.809,27.405],[88.803,27.427],[88.795,27.433],[88.795,27.447],[88.783,27.456],[88.789,27.526],[88.775,27.538],[88.767,27.565],[88.785,27.575],[88.789,27.588],[88.805,27.603],[88.81,27.642],[88.826,27.645],[88.847,27.669],[88.846,27.7],[88.839,27.71],[88.85,27.718],[88.862,27.739],[88.853,27.768],[88.854,27.817],[88.88,27.838],[88.886,27.861],[88.881,27.87],[88.881,27.893],[88.87,27.902],[88.861,27.923],[88.836,27.932],[88.836,27.947],[88.844,27.956],[88.841,27.991],[88.833,28.012],[88.799,28.031],[88.782,28.051],[88.751,28.073],[88.686,28.079],[88.667,28.074],[88.638,28.104],[88.633,28.121],[88.621,28.131],[88.607,28.126],[88.616,28.104],[88.575,28.086],[88.567,28.089],[88.554,28.085],[88.552,28.064],[88.539,28.039],[88.528,28.037],[88.501,28.049],[88.483,28.046],[88.462,28.02],[88.427,28.008],[88.402,27.984],[88.39,27.978],[88.345,27.989],[88.316,27.98],[88.305,27.97],[88.28,27.968],[88.272,27.958],[88.244,27.949],[88.238,27.951],[88.23,27.968],[88.222,27.964],[88.203,27.967],[88.196,27.947],[88.189,27.944],[88.174,27.945],[88.139,27.963],[88.124,27.951],[88.129,27.938],[88.117,27.926],[88.114,27.912],[88.13,27.882],[88.151,27.877],[88.181,27.856],[88.199,27.854],[88.204,27.837],[88.176,27.82],[88.2,27.791],[88.184,27.775],[88.181,27.747],[88.161,27.741],[88.151,27.702],[88.157,27.69],[88.147,27.665],[88.123,27.645],[88.116,27.61],[88.087,27.589],[88.078,27.572],[88.084,27.565],[88.072,27.556],[88.062,27.535],[88.07,27.526],[88.06,27.517],[88.064,27.512],[88.046,27.496],[88.047,27.478],[88.07,27.458],[88.075,27.445],[88.071,27.439],[88.083,27.426],[88.07,27.425],[88.049,27.405],[88.044,27.371],[88.06,27.355],[88.069,27.336],[88.055,27.324],[88.044,27.304],[88.047,27.292],[88.034,27.286],[88.033,27.25],[88.017,27.219],[88.033,27.221],[88.058,27.214],[88.075,27.201],[88.067,27.19],[88.073,27.174],[88.083,27.165],[88.086,27.142],[88.137,27.117],[88.155,27.112],[88.184,27.135],[88.214,27.135],[88.233,27.12],[88.278,27.131],[88.295,27.125],[88.3,27.128],[88.304,27.129],[88.32,27.117],[88.324,27.105],[88.341,27.111],[88.345,27.107],[88.352,27.101],[88.371,27.099],[88.411,27.091],[88.432,27.082],[88.454,27.09],[88.474,27.121],[88.496,27.125],[88.522,27.15],[88.53,27.15],[88.53,27.166],[88.521,27.178],[88.559,27.189],[88.591,27.194],[88.619,27.188],[88.639,27.168],[88.656,27.162],[88.684,27.18],[88.712,27.165],[88.718,27.144],[88.725,27.139],[88.733,27.137],[88.752,27.148]]]},"properties":{"ID_0":105,"ISO":"IND","NAME_0":"India","ID_1":30,"NAME_1":"Sikkim"}},
{"type":"Feature","geometry":{"type":"MultiPolygon","coordinates":[[[[78.115,8.617],[78.11,8.615],[78.117,8.61],[78.121,8.614],[78.115,8.617]]],[[[78.12,8.638],[78.111,8.632],[78.115,8.626],[78.12,8.627],[78.118,8.617],[78.123,8.629],[78.123,8.634],[78.122,8.628],[78.116,8.628],[78.116,8.632],[78.12,8.638]]],[[[78.117,8.657],[78.117,8.642],[78.122,8.644],[78.124,8.638],[78.125,8.65],[78.117,8.657]]],[[[78.492,9.093],[78.488,9.09],[78.493,9.086],[78.492,9.093]]],[[[78.58,9.112],[78.572,9.102],[78.586,9.109],[78.58,9.112]]],[[[78.828,9.171],[78.815,9.158],[78.828,9.165],[78.828,9.171]]],[[[78.941,9.185],[78.905,9.183],[78.898,9.179],[78.941,9.185]]],[[[79.07,9.208],[79.058,9.197],[79.068,9.2],[79.085,9.192],[79.092,9.196],[79.089,9.2],[79.086,9.194],[79.07,9.208]]],[[[79.126,9.218],[79.121,9.216],[79.136,9.215],[79.126,9.218]]],[[[79.232,9.245],[79.235,9.24],[79.239,9.241],[79.232,9.245]]],[[[79.184,9.249],[79.179,9.247],[79.181,9.24],[79.198,9.232],[79.202,9.234],[79.201,9.241],[79.198,9.233],[79.183,9.242],[79.184,9.249]]],[[[79.219,9.251],[79.208,9.249],[79.201,9.241],[79.222,9.247],[79.219,9.251]]],[[[79.312,9.328],[79.279,9.312],[79.268,9.293],[79.22,9.292],[79.204,9.277],[79.206,9.273],[79.213,9.273],[79.221,9.267],[79.215,9.254],[79.224,9.259],[79.248,9.26],[79.299,9.247],[79.343,9.224],[79.44,9.158],[79.415,9.183],[79.44,9.162],[79.43,9.174],[79.326,9.262],[79.315,9.282],[79.328,9.294],[79.335,9.312],[79.33,9.319],[79.312,9.328]]],[[[79.7,10.31],[79.704,10.304],[79.711,10.307],[79.7,10.31]]],[[[79.677,10.31],[79.67,10.307],[79.683,10.305],[79.677,10.31]]],[[[79.696,10.321],[79.689,10.319],[79.693,10.314],[79.716,10.312],[79.717,10.315],[79.703,10.316],[79.696,10.321]]],[[[79.839,11.237],[79.837,11.233],[79.842,11.233],[79.839,11.237]]],[[[80.076,13.527],[80.069,13.538],[80.051,13.531],[80.045,13.522],[80.018,13.525],[80.008,13.532],[79.99,13.527],[79.99,13.51],[80.006,13.515],[80.014,13.504],[80.033,13.502],[80.037,13.499],[80.036,13.484],[80.006,13.488],[79.995,13.459],[79.987,13.462],[79.962,13.451],[79.963,13.418],[79.951,13.408],[79.936,13.41],[79.932,13.404],[79.936,13.385],[79.95,13.382],[79.954,13.374],[79.948,13.367],[79.94,13.369],[79.94,13.358],[79.926,13.336],[79.911,13.344],[79.892,13.325],[79.871,13.312],[79.859,13.314],[79.851,13.303],[79.8,13.304],[79.787,13.285],[79.78,13.282],[79.754,13.303],[79.746,13.28],[79.721,13.272],[79.722,13.266],[79.775,13.234],[79.785,13.223],[79.783,13.218],[79.774,13.218],[79.752,13.205],[79.744,13.195],[79.723,13.222],[79.7,13.203],[79.689,13.207],[79.696,13.234],[79.692,13.239],[79.681,13.228],[79.673,13.229],[79.674,13.247],[79.684,13.257],[79.669,13.282],[79.663,13.268],[79.638,13.276],[79.633,13.274],[79.63,13.261],[79.621,13.259],[79.601,13.268],[79.589,13.26],[79.585,13.247],[79.58,13.245],[79.565,13.249],[79.549,13.267],[79.541,13.279],[79.536,13.311],[79.523,13.316],[79.487,13.317],[79.479,13.321],[79.429,13.324],[79.375,13.303],[79.405,13.285],[79.422,13.287],[79.425,13.281],[79.409,13.247],[79.411,13.212],[79.417,13.212],[79.418,13.218],[79.436,13.23],[79.442,13.229],[79.446,13.217],[79.422,13.209],[79.424,13.187],[79.378,13.182],[79.369,13.176],[79.371,13.169],[79.361,13.156],[79.348,13.163],[79.347,13.135],[79.355,13.13],[79.344,13.124],[79.335,13.128],[79.331,13.121],[79.317,13.119],[79.308,13.097],[79.297,13.097],[79.299,13.115],[79.285,13.123],[79.274,13.121],[79.267,13.141],[79.256,13.137],[79.247,13.148],[79.237,13.127],[79.218,13.136],[79.215,13.128],[79.222,13.116],[79.218,13.104],[79.207,13.091],[79.189,13.085],[79.179,13.06],[79.169,13.053],[79.177,13.038],[79.173,13.019],[79.153,13.007],[79.119,13.023],[79.104,13.024],[79.083,13.012],[79.069,13.014],[79.054,13.028],[79.053,13.038],[79.026,13.05],[79.023,13.056],[79,13.058],[78.98,13.077],[78.946,13.064],[78.937,13.07],[78.93,13.066],[78.914,13.068],[78.909,13.05],[78.901,13.052],[78.893,13.035],[78.917,13.033],[78.929,13.021],[78.925,13.019],[78.916,13.023],[78.882,13.02],[78.884,13.082],[78.876,13.086],[78.865,13.085],[78.858,13.071],[78.832,13.07],[78.808,13.078],[78.778,13.053],[78.746,13.045],[78.702,13.056],[78.694,13.004],[78.651,13.018],[78.637,12.997],[78.614,12.979],[78.638,12.954],[78.629,12.953],[78.647,12.919],[78.626,12.919],[78.606,12.874],[78.604,12.857],[78.592,12.839],[78.598,12.811],[78.588,12.805],[78.59,12.792],[78.583,12.785],[78.582,12.771],[78.566,12.759],[78.567,12.752],[78.546,12.744],[78.55,12.739],[78.546,12.729],[78.554,12.726],[78.546,12.707],[78.552,12.697],[78.545,12.693],[78.548,12.686],[78.524,12.68],[78.519,12.692],[78.521,12.697],[78.526,12.695],[78.526,12.701],[78.512,12.708],[78.511,12.722],[78.504,12.713],[78.494,12.73],[78.484,12.735],[78.48,12.73],[78.484,12.723],[78.494,12.711],[78.509,12.705],[78.51,12.699],[78.504,12.693],[78.493,12.703],[78.493,12.694],[78.486,12.691],[78.497,12.676],[78.489,12.663],[78.474,12.659],[78.458,12.662],[78.463,12.635],[78.455,12.612],[78.447,12.617],[78.425,12.615],[78.418,12.621],[78.4,12.613],[78.368,12.612],[78.329,12.638],[78.322,12.637],[78.309,12.65],[78.29,12.653],[78.264,12.692],[78.233,12.694],[78.227,12.689],[78.228,12.674],[78.2,12.676],[78.19,12.681],[78.199,12.69],[78.196,12.697],[78.22,12.703],[78.227,12.715],[78.221,12.753],[78.199,12.755],[78.184,12.763],[78.179,12.76],[78.166,12.765],[78.158,12.76],[78.121,12.77],[78.114,12.787],[78.086,12.803],[78.076,12.821],[78.066,12.819],[78.065,12.83],[78.051,12.832],[78.047,12.842],[78.04,12.838],[78.015,12.846],[78.017,12.834],[78.009,12.834],[78.007,12.82],[77.993,12.814],[78.006,12.803],[78.001,12.795],[77.981,12.796],[77.981,12.81],[77.971,12.823],[77.957,12.822],[77.958,12.836],[77.947,12.838],[77.946,12.849],[77.933,12.845],[77.94,12.829],[77.933,12.813],[77.925,12.814],[77.909,12.822],[77.915,12.844],[77.934,12.856],[77.934,12.862],[77.92,12.863],[77.918,12.869],[77.929,12.875],[77.918,12.878],[77.914,12.874],[77.902,12.873],[77.901,12.868],[77.887,12.867],[77.882,12.858],[77.826,12.859],[77.814,12.844],[77.8,12.838],[77.792,12.84],[77.785,12.834],[77.788,12.824],[77.801,12.821],[77.801,12.806],[77.794,12.806],[77.791,12.796],[77.799,12.787],[77.788,12.781],[77.772,12.76],[77.774,12.751],[77.785,12.745],[77.783,12.739],[77.753,12.725],[77.752,12.718],[77.763,12.714],[77.75,12.687],[77.734,12.691],[77.727,12.683],[77.733,12.672],[77.731,12.664],[77.715,12.663],[77.714,12.67],[77.704,12.674],[77.702,12.658],[77.695,12.651],[77.678,12.649],[77.668,12.651],[77.666,12.664],[77.67,12.671],[77.654,12.674],[77.59,12.658],[77.588,12.643],[77.598,12.621],[77.582,12.605],[77.581,12.584],[77.57,12.558],[77.579,12.507],[77.606,12.5],[77.575,12.468],[77.597,12.465],[77.617,12.486],[77.625,12.477],[77.618,12.443],[77.62,12.408],[77.613,12.398],[77.604,12.354],[77.591,12.349],[77.586,12.336],[77.569,12.324],[77.556,12.297],[77.545,12.293],[77.543,12.284],[77.524,12.281],[77.518,12.27],[77.502,12.266],[77.491,12.273],[77.47,12.262],[77.463,12.236],[77.474,12.225],[77.466,12.202],[77.482,12.19],[77.511,12.184],[77.539,12.194],[77.556,12.187],[77.604,12.195],[77.629,12.186],[77.655,12.188],[77.701,12.173],[77.72,12.172],[77.739,12.148],[77.74,12.129],[77.768,12.106],[77.746,12.069],[77.716,12.049],[77.689,12.01],[77.664,11.953],[77.665,11.94],[77.647,11.939],[77.643,11.944],[77.591,11.926],[77.586,11.929],[77.573,11.924],[77.548,11.931],[77.524,11.921],[77.484,11.932],[77.477,11.876],[77.47,11.884],[77.453,11.889],[77.451,11.844],[77.456,11.839],[77.441,11.791],[77.419,11.751],[77.413,11.751],[77.412,11.762],[77.382,11.776],[77.359,11.779],[77.346,11.764],[77.326,11.759],[77.285,11.798],[77.278,11.79],[77.242,11.802],[77.237,11.788],[77.227,11.784],[77.19,11.783],[77.166,11.774],[77.137,11.772],[77.127,11.761],[77.103,11.763],[77.109,11.713],[77.096,11.723],[77.072,11.725],[77.074,11.73],[77.05,11.758],[77.062,11.772],[77.057,11.777],[77.041,11.778],[77.028,11.762],[77.022,11.765],[77.032,11.784],[77.023,11.795],[77.009,11.797],[77.004,11.803],[76.973,11.801],[76.975,11.791],[76.96,11.765],[76.944,11.781],[76.936,11.777],[76.9,11.783],[76.888,11.766],[76.881,11.725],[76.854,11.699],[76.856,11.694],[76.828,11.644],[76.83,11.629],[76.839,11.623],[76.838,11.616],[76.851,11.602],[76.837,11.574],[76.833,11.587],[76.817,11.597],[76.746,11.611],[76.735,11.605],[76.608,11.6],[76.581,11.609],[76.575,11.606],[76.56,11.61],[76.554,11.613],[76.54,11.671],[76.504,11.698],[76.485,11.682],[76.474,11.684],[76.474,11.678],[76.451,11.655],[76.423,11.659],[76.436,11.638],[76.425,11.623],[76.38,11.622],[76.371,11.593],[76.35,11.583],[76.336,11.578],[76.329,11.589],[76.298,11.564],[76.294,11.565],[76.291,11.581],[76.278,11.584],[76.271,11.593],[76.226,11.564],[76.242,11.529],[76.243,11.524],[76.233,11.519],[76.245,11.494],[76.24,11.46],[76.258,11.473],[76.266,11.469],[76.278,11.475],[76.288,11.466],[76.284,11.462],[76.289,11.456],[76.298,11.459],[76.321,11.445],[76.334,11.459],[76.361,11.448],[76.391,11.428],[76.41,11.434],[76.408,11.415],[76.448,11.381],[76.51,11.361],[76.509,11.347],[76.538,11.352],[76.54,11.321],[76.529,11.303],[76.53,11.296],[76.54,11.292],[76.522,11.281],[76.514,11.262],[76.446,11.23],[76.443,11.2],[76.438,11.195],[76.453,11.18],[76.467,11.186],[76.466,11.199],[76.488,11.203],[76.506,11.202],[76.521,11.19],[76.593,11.197],[76.623,11.186],[76.668,11.211],[76.678,11.219],[76.679,11.227],[76.697,11.231],[76.726,11.209],[76.718,11.198],[76.721,11.185],[76.714,11.178],[76.706,11.18],[76.689,11.165],[76.686,11.158],[76.691,11.145],[76.697,11.133],[76.704,11.132],[76.703,11.142],[76.71,11.14],[76.722,11.123],[76.735,11.125],[76.739,11.121],[76.741,11.11],[76.734,11.093],[76.739,11.084],[76.746,11.084],[76.748,11.075],[76.734,11.064],[76.737,11.048],[76.751,11.047],[76.767,11.032],[76.775,11.034],[76.79,11.05],[76.792,11.042],[76.782,11.029],[76.757,11.025],[76.707,11.031],[76.69,11.017],[76.68,10.999],[76.678,10.98],[76.66,10.96],[76.657,10.939],[76.647,10.929],[76.649,10.924],[76.675,10.906],[76.7,10.901],[76.733,10.881],[76.744,10.885],[76.773,10.882],[76.785,10.871],[76.818,10.862],[76.845,10.827],[76.837,10.816],[76.84,10.808],[76.853,10.809],[76.86,10.8],[76.888,10.8],[76.898,10.771],[76.88,10.726],[76.884,10.707],[76.875,10.707],[76.856,10.675],[76.87,10.664],[76.873,10.629],[76.852,10.624],[76.805,10.626],[76.809,10.594],[76.83,10.585],[76.825,10.562],[76.83,10.553],[76.825,10.538],[76.831,10.525],[76.82,10.491],[76.817,10.438],[76.807,10.415],[76.815,10.402],[76.821,10.403],[76.823,10.394],[76.816,10.387],[76.839,10.36],[76.826,10.334],[76.82,10.295],[76.83,10.291],[76.839,10.278],[76.841,10.284],[76.851,10.283],[76.864,10.29],[76.862,10.267],[76.885,10.255],[76.892,10.233],[76.905,10.225],[76.928,10.23],[76.939,10.221],[76.959,10.219],[76.971,10.209],[77.007,10.236],[77.039,10.248],[77.043,10.262],[77.034,10.272],[77.046,10.274],[77.053,10.28],[77.052,10.285],[77.108,10.307],[77.163,10.346],[77.222,10.34],[77.214,10.306],[77.251,10.254],[77.245,10.245],[77.247,10.221],[77.256,10.226],[77.27,10.224],[77.28,10.207],[77.27,10.197],[77.264,10.18],[77.257,10.136],[77.26,10.119],[77.253,10.111],[77.225,10.118],[77.203,10.104],[77.195,10.106],[77.188,10.096],[77.195,10.074],[77.218,10.057],[77.248,10.02],[77.241,10],[77.248,9.995],[77.245,9.986],[77.251,9.981],[77.25,9.973],[77.261,9.964],[77.25,9.943],[77.235,9.943],[77.217,9.906],[77.204,9.894],[77.207,9.878],[77.199,9.866],[77.209,9.854],[77.224,9.849],[77.224,9.843],[77.214,9.839],[77.209,9.815],[77.227,9.806],[77.234,9.789],[77.21,9.78],[77.211,9.766],[77.219,9.76],[77.206,9.737],[77.208,9.722],[77.19,9.716],[77.192,9.686],[77.18,9.66],[77.166,9.648],[77.162,9.62],[77.152,9.606],[77.175,9.597],[77.186,9.606],[77.196,9.604],[77.197,9.596],[77.223,9.573],[77.23,9.576],[77.255,9.565],[77.275,9.577],[77.275,9.581],[77.304,9.593],[77.315,9.589],[77.311,9.57],[77.325,9.563],[77.341,9.595],[77.351,9.588],[77.343,9.585],[77.345,9.567],[77.336,9.557],[77.338,9.55],[77.349,9.546],[77.351,9.526],[77.371,9.509],[77.387,9.517],[77.386,9.507],[77.395,9.504],[77.396,9.497],[77.386,9.486],[77.387,9.467],[77.377,9.459],[77.379,9.451],[77.364,9.443],[77.352,9.45],[77.334,9.431],[77.335,9.424],[77.322,9.406],[77.328,9.39],[77.326,9.379],[77.32,9.376],[77.323,9.359],[77.31,9.335],[77.311,9.328],[77.284,9.327],[77.284,9.301],[77.267,9.291],[77.274,9.263],[77.268,9.262],[77.259,9.224],[77.267,9.209],[77.25,9.19],[77.24,9.19],[77.237,9.179],[77.248,9.176],[77.252,9.143],[77.23,9.115],[77.212,9.106],[77.209,9.098],[77.196,9.088],[77.19,9.075],[77.193,9.065],[77.18,9.045],[77.182,9.037],[77.154,9.037],[77.145,9.027],[77.147,9.022],[77.132,9.012],[77.134,9],[77.143,8.998],[77.147,8.987],[77.158,8.978],[77.163,8.962],[77.175,8.957],[77.18,8.947],[77.18,8.916],[77.185,8.91],[77.194,8.922],[77.205,8.917],[77.207,8.914],[77.202,8.907],[77.206,8.893],[77.221,8.888],[77.227,8.872],[77.242,8.865],[77.247,8.832],[77.227,8.801],[77.217,8.797],[77.215,8.776],[77.198,8.769],[77.202,8.761],[77.198,8.758],[77.183,8.761],[77.184,8.748],[77.177,8.735],[77.163,8.735],[77.157,8.741],[77.155,8.738],[77.162,8.715],[77.179,8.7],[77.188,8.684],[77.19,8.655],[77.219,8.618],[77.228,8.613],[77.228,8.598],[77.252,8.571],[77.265,8.537],[77.248,8.501],[77.223,8.488],[77.206,8.504],[77.199,8.504],[77.186,8.493],[77.199,8.46],[77.209,8.451],[77.21,8.438],[77.189,8.435],[77.18,8.409],[77.154,8.377],[77.149,8.375],[77.141,8.383],[77.135,8.379],[77.143,8.362],[77.136,8.346],[77.147,8.355],[77.155,8.351],[77.151,8.331],[77.16,8.313],[77.15,8.322],[77.122,8.323],[77.101,8.312],[77.105,8.302],[77.091,8.297],[77.167,8.245],[77.185,8.219],[77.223,8.197],[77.239,8.177],[77.262,8.17],[77.297,8.15],[77.306,8.128],[77.316,8.121],[77.335,8.126],[77.434,8.097],[77.551,8.077],[77.553,8.084],[77.566,8.092],[77.565,8.1],[77.559,8.097],[77.559,8.12],[77.576,8.136],[77.65,8.16],[77.716,8.166],[77.746,8.177],[77.755,8.183],[77.752,8.186],[77.782,8.201],[77.782,8.22],[77.799,8.234],[77.804,8.248],[77.802,8.24],[77.889,8.273],[77.901,8.286],[77.954,8.314],[77.957,8.323],[77.982,8.341],[78.023,8.359],[78.067,8.371],[78.068,8.375],[78.05,8.38],[78.056,8.381],[78.065,8.42],[78.089,8.454],[78.13,8.497],[78.122,8.522],[78.139,8.589],[78.128,8.616],[78.127,8.638],[78.121,8.623],[78.126,8.619],[78.121,8.613],[78.125,8.606],[78.117,8.605],[78.122,8.598],[78.112,8.6],[78.117,8.608],[78.11,8.612],[78.102,8.592],[78.113,8.586],[78.129,8.602],[78.126,8.595],[78.132,8.598],[78.136,8.592],[78.12,8.588],[78.115,8.58],[78.11,8.585],[78.107,8.58],[78.097,8.581],[78.095,8.598],[78.102,8.596],[78.103,8.601],[78.097,8.602],[78.107,8.614],[78.102,8.615],[78.101,8.629],[78.108,8.635],[78.101,8.64],[78.113,8.643],[78.114,8.651],[78.105,8.652],[78.123,8.662],[78.12,8.659],[78.125,8.66],[78.126,8.654],[78.124,8.657],[78.122,8.653],[78.128,8.65],[78.131,8.663],[78.125,8.661],[78.132,8.667],[78.135,8.689],[78.155,8.712],[78.158,8.729],[78.171,8.745],[78.191,8.748],[78.194,8.753],[78.216,8.743],[78.223,8.746],[78.215,8.745],[78.216,8.752],[78.21,8.748],[78.201,8.752],[78.198,8.763],[78.23,8.749],[78.223,8.756],[78.199,8.764],[78.198,8.789],[78.192,8.789],[78.194,8.771],[78.198,8.775],[78.191,8.765],[78.182,8.772],[78.187,8.777],[78.181,8.773],[78.18,8.767],[78.164,8.774],[78.157,8.772],[78.159,8.777],[78.162,8.775],[78.16,8.787],[78.164,8.783],[78.159,8.798],[78.159,8.804],[78.164,8.802],[78.168,8.827],[78.164,8.839],[78.169,8.882],[78.18,8.893],[78.186,8.922],[78.209,8.959],[78.267,9.003],[78.267,9.016],[78.261,9.019],[78.268,9.016],[78.273,9.005],[78.366,9.076],[78.362,9.087],[78.365,9.092],[78.364,9.087],[78.371,9.081],[78.411,9.112],[78.458,9.127],[78.482,9.127],[78.489,9.15],[78.489,9.133],[78.484,9.128],[78.539,9.137],[78.578,9.131],[78.614,9.152],[78.657,9.158],[78.651,9.159],[78.642,9.174],[78.658,9.192],[78.671,9.198],[78.718,9.19],[78.718,9.2],[78.728,9.209],[78.832,9.243],[78.829,9.255],[78.833,9.269],[78.83,9.254],[78.835,9.245],[78.873,9.257],[78.907,9.25],[78.926,9.266],[78.955,9.272],[78.985,9.275],[79.094,9.26],[79.148,9.277],[79.19,9.282],[79.161,9.284],[79.14,9.292],[79.132,9.287],[79.109,9.288],[79.065,9.3],[78.989,9.354],[78.939,9.406],[78.91,9.45],[78.898,9.48],[78.901,9.492],[78.915,9.494],[78.923,9.53],[78.918,9.537],[78.922,9.564],[78.935,9.608],[78.96,9.63],[78.976,9.678],[78.994,9.708],[79.038,9.763],[79.058,9.773],[79.079,9.801],[79.089,9.825],[79.122,9.855],[79.125,9.863],[79.12,9.878],[79.128,9.894],[79.147,9.91],[79.155,9.932],[79.199,9.971],[79.204,9.983],[79.243,10.025],[79.267,10.038],[79.253,10.048],[79.252,10.067],[79.237,10.074],[79.228,10.092],[79.228,10.113],[79.237,10.128],[79.23,10.131],[79.229,10.144],[79.231,10.15],[79.24,10.154],[79.242,10.183],[79.281,10.214],[79.268,10.232],[79.295,10.261],[79.308,10.264],[79.33,10.284],[79.347,10.287],[79.348,10.296],[79.351,10.286],[79.366,10.292],[79.358,10.302],[79.37,10.295],[79.386,10.317],[79.512,10.309],[79.518,10.316],[79.457,10.32],[79.458,10.327],[79.487,10.326],[79.481,10.334],[79.467,10.339],[79.455,10.336],[79.456,10.342],[79.458,10.338],[79.468,10.34],[79.487,10.336],[79.487,10.33],[79.495,10.331],[79.487,10.328],[79.495,10.319],[79.494,10.323],[79.496,10.328],[79.495,10.322],[79.504,10.322],[79.502,10.334],[79.512,10.338],[79.51,10.33],[79.527,10.33],[79.528,10.325],[79.507,10.325],[79.526,10.318],[79.543,10.324],[79.534,10.336],[79.543,10.338],[79.538,10.347],[79.543,10.339],[79.545,10.348],[79.576,10.341],[79.587,10.343],[79.589,10.333],[79.582,10.328],[79.56,10.333],[79.553,10.329],[79.55,10.317],[79.538,10.312],[79.525,10.315],[79.527,10.305],[79.674,10.281],[79.727,10.274],[79.739,10.277],[79.714,10.287],[79.709,10.283],[79.682,10.29],[79.691,10.292],[79.673,10.302],[79.666,10.295],[79.669,10.302],[79.663,10.298],[79.662,10.289],[79.551,10.312],[79.597,10.309],[79.613,10.317],[79.622,10.334],[79.621,10.341],[79.61,10.342],[79.62,10.344],[79.63,10.363],[79.627,10.345],[79.635,10.335],[79.637,10.318],[79.71,10.325],[79.73,10.311],[79.761,10.313],[79.778,10.302],[79.757,10.312],[79.764,10.301],[79.785,10.287],[79.785,10.281],[79.77,10.288],[79.76,10.282],[79.759,10.29],[79.751,10.29],[79.747,10.282],[79.756,10.275],[79.747,10.28],[79.743,10.275],[79.836,10.275],[79.859,10.282],[79.879,10.297],[79.884,10.314],[79.866,10.416],[79.856,10.595],[79.851,10.814],[79.836,10.812],[79.813,10.814],[79.814,10.818],[79.813,10.829],[79.808,10.831],[79.806,10.828],[79.803,10.834],[79.793,10.839],[79.792,10.849],[79.799,10.845],[79.807,10.853],[79.79,10.862],[79.811,10.864],[79.803,10.871],[79.785,10.874],[79.776,10.876],[79.772,10.873],[79.767,10.873],[79.767,10.876],[79.77,10.878],[79.776,10.882],[79.773,10.89],[79.761,10.891],[79.76,10.883],[79.752,10.881],[79.754,10.887],[79.748,10.895],[79.743,10.882],[79.743,10.899],[79.727,10.897],[79.728,10.902],[79.726,10.907],[79.724,10.908],[79.72,10.906],[79.721,10.911],[79.709,10.914],[79.708,10.915],[79.71,10.919],[79.704,10.921],[79.708,10.923],[79.721,10.935],[79.719,10.941],[79.716,10.938],[79.715,10.934],[79.704,10.935],[79.704,10.948],[79.704,10.952],[79.715,10.953],[79.727,10.952],[79.733,10.941],[79.74,10.944],[79.746,10.943],[79.746,10.949],[79.74,10.956],[79.741,10.963],[79.744,10.967],[79.74,10.966],[79.738,10.969],[79.73,10.971],[79.732,10.975],[79.73,10.985],[79.737,10.989],[79.743,10.985],[79.761,10.981],[79.774,10.977],[79.777,10.968],[79.79,10.973],[79.796,10.983],[79.803,10.985],[79.81,10.982],[79.814,10.987],[79.825,10.985],[79.824,10.979],[79.834,10.977],[79.835,10.977],[79.851,10.976],[79.855,10.978],[79.858,11.025],[79.859,11.14],[79.849,11.235],[79.848,11.243],[79.846,11.232],[79.84,11.229],[79.833,11.23],[79.834,11.234],[79.814,11.231],[79.805,11.236],[79.818,11.232],[79.827,11.238],[79.824,11.241],[79.833,11.235],[79.847,11.244],[79.838,11.297],[79.838,11.357],[79.836,11.363],[79.833,11.353],[79.822,11.357],[79.811,11.371],[79.81,11.384],[79.812,11.371],[79.827,11.363],[79.807,11.445],[79.764,11.527],[79.757,11.564],[79.76,11.615],[79.757,11.618],[79.761,11.621],[79.777,11.706],[79.775,11.71],[79.787,11.737],[79.8,11.808],[79.793,11.818],[79.794,11.83],[79.782,11.84],[79.767,11.84],[79.76,11.823],[79.752,11.824],[79.747,11.833],[79.756,11.85],[79.75,11.861],[79.744,11.86],[79.738,11.835],[79.728,11.832],[79.73,11.847],[79.707,11.847],[79.704,11.838],[79.693,11.854],[79.696,11.873],[79.659,11.866],[79.66,11.877],[79.669,11.875],[79.68,11.879],[79.683,11.905],[79.703,11.903],[79.703,11.898],[79.692,11.898],[79.692,11.878],[79.715,11.875],[79.716,11.887],[79.725,11.892],[79.704,11.913],[79.706,11.929],[79.695,11.931],[79.698,11.917],[79.678,11.937],[79.683,11.947],[79.702,11.952],[79.695,11.961],[79.699,11.972],[79.671,11.975],[79.665,11.968],[79.66,11.977],[79.644,11.973],[79.647,11.993],[79.652,11.998],[79.659,11.997],[79.663,12.006],[79.669,12.007],[79.679,12.019],[79.692,12.017],[79.691,11.996],[79.706,11.977],[79.717,11.975],[79.725,11.978],[79.729,11.986],[79.735,11.994],[79.75,11.986],[79.752,11.976],[79.745,11.971],[79.727,11.962],[79.718,11.969],[79.716,11.967],[79.714,11.955],[79.734,11.947],[79.737,11.907],[79.741,11.907],[79.748,11.915],[79.748,11.929],[79.764,11.935],[79.769,11.941],[79.773,11.947],[79.776,11.946],[79.788,11.938],[79.79,11.943],[79.792,11.957],[79.798,11.964],[79.805,11.963],[79.811,11.943],[79.825,11.94],[79.838,11.941],[79.849,11.988],[79.885,12.065],[80.007,12.255],[79.996,12.252],[79.978,12.232],[79.962,12.223],[79.957,12.212],[79.945,12.22],[79.983,12.244],[79.987,12.252],[80.003,12.258],[80.005,12.265],[80.012,12.273],[80.005,12.261],[80.012,12.265],[80.009,12.257],[80.063,12.351],[80.055,12.349],[80.045,12.337],[80.027,12.334],[80.014,12.323],[80.01,12.328],[80.017,12.331],[80.021,12.339],[80.017,12.34],[80.042,12.354],[80.044,12.364],[80.058,12.367],[80.057,12.356],[80.063,12.354],[80.064,12.35],[80.051,12.326],[80.116,12.405],[80.157,12.47],[80.166,12.525],[80.185,12.575],[80.161,12.585],[80.17,12.594],[80.163,12.594],[80.168,12.6],[80.165,12.604],[80.17,12.607],[80.178,12.604],[80.182,12.61],[80.176,12.599],[80.172,12.597],[80.172,12.591],[80.175,12.593],[80.171,12.585],[80.185,12.578],[80.255,12.782],[80.248,12.803],[80.239,12.801],[80.238,12.784],[80.232,12.785],[80.239,12.81],[80.233,12.846],[80.241,12.806],[80.248,12.805],[80.258,12.936],[80.277,13.011],[80.267,13.013],[80.278,13.016],[80.285,13.069],[80.29,13.068],[80.303,13.09],[80.306,13.102],[80.301,13.092],[80.296,13.093],[80.302,13.099],[80.302,13.113],[80.302,13.105],[80.305,13.107],[80.298,13.124],[80.299,13.139],[80.334,13.235],[80.32,13.227],[80.312,13.209],[80.318,13.224],[80.308,13.211],[80.306,13.215],[80.318,13.226],[80.314,13.247],[80.317,13.231],[80.331,13.236],[80.338,13.268],[80.345,13.273],[80.346,13.326],[80.33,13.4],[80.326,13.444],[80.326,13.43],[80.319,13.424],[80.331,13.393],[80.332,13.377],[80.327,13.37],[80.329,13.367],[80.324,13.371],[80.33,13.378],[80.33,13.387],[80.322,13.39],[80.325,13.405],[80.322,13.413],[80.317,13.412],[80.321,13.417],[80.313,13.428],[80.316,13.376],[80.312,13.369],[80.276,13.389],[80.278,13.408],[80.268,13.414],[80.26,13.447],[80.241,13.47],[80.212,13.482],[80.194,13.476],[80.163,13.478],[80.157,13.479],[80.152,13.479],[80.151,13.48],[80.145,13.485],[80.135,13.492],[80.133,13.496],[80.121,13.502],[80.1,13.505],[80.096,13.51],[80.089,13.526],[80.079,13.529],[80.076,13.527]]]]},"properties":{"ID_0":105,"ISO":"IND","NAME_0":"India","ID_1":31,"NAME_1":"Tamil Nadu"}},
{"type":"Feature","geometry":{"type":"Polygon","coordinates":[[[92.231,24.504],[92.231,24.5],[92.212,24.509],[92.207,24.507],[92.193,24.521],[92.179,24.523],[92.173,24.534],[92.164,24.529],[92.156,24.524],[92.161,24.512],[92.152,24.5],[92.157,24.494],[92.153,24.488],[92.164,24.469],[92.158,24.461],[92.167,24.447],[92.163,24.439],[92.173,24.431],[92.167,24.422],[92.156,24.426],[92.139,24.424],[92.138,24.41],[92.123,24.395],[92.124,24.387],[92.103,24.383],[92.089,24.373],[92.045,24.376],[92.018,24.385],[92.01,24.382],[92,24.392],[91.986,24.385],[91.986,24.376],[91.974,24.389],[91.965,24.382],[91.978,24.371],[91.985,24.361],[91.98,24.358],[91.998,24.339],[91.995,24.321],[91.975,24.332],[91.974,24.345],[91.957,24.356],[91.92,24.336],[91.942,24.268],[91.912,24.172],[91.911,24.145],[91.903,24.138],[91.888,24.137],[91.879,24.148],[91.872,24.174],[91.855,24.182],[91.842,24.198],[91.845,24.204],[91.85,24.202],[91.849,24.214],[91.857,24.214],[91.851,24.222],[91.843,24.222],[91.847,24.228],[91.816,24.209],[91.808,24.219],[91.791,24.221],[91.743,24.247],[91.762,24.143],[91.743,24.141],[91.71,24.152],[91.703,24.163],[91.692,24.159],[91.668,24.21],[91.668,24.23],[91.648,24.214],[91.66,24.188],[91.656,24.176],[91.646,24.175],[91.646,24.155],[91.636,24.139],[91.642,24.116],[91.634,24.103],[91.612,24.095],[91.6,24.098],[91.594,24.095],[91.599,24.088],[91.596,24.08],[91.587,24.077],[91.545,24.076],[91.519,24.086],[91.496,24.089],[91.49,24.098],[91.444,24.098],[91.441,24.103],[91.432,24.102],[91.43,24.108],[91.41,24.111],[91.378,24.11],[91.377,24.081],[91.397,24.051],[91.391,24.029],[91.374,24.008],[91.378,23.977],[91.361,23.987],[91.344,23.984],[91.33,23.994],[91.306,23.999],[91.3,23.973],[91.289,23.968],[91.284,23.983],[91.272,23.964],[91.266,23.949],[91.274,23.94],[91.276,23.926],[91.235,23.929],[91.244,23.924],[91.249,23.913],[91.232,23.899],[91.233,23.883],[91.258,23.84],[91.232,23.797],[91.234,23.769],[91.225,23.74],[91.214,23.75],[91.2,23.753],[91.172,23.752],[91.162,23.743],[91.155,23.716],[91.158,23.691],[91.201,23.692],[91.21,23.688],[91.206,23.665],[91.21,23.657],[91.199,23.647],[91.195,23.655],[91.176,23.657],[91.161,23.671],[91.166,23.602],[91.169,23.595],[91.182,23.594],[91.18,23.586],[91.199,23.566],[91.199,23.548],[91.218,23.548],[91.204,23.524],[91.207,23.518],[91.215,23.512],[91.227,23.514],[91.224,23.502],[91.239,23.503],[91.237,23.495],[91.254,23.49],[91.26,23.448],[91.274,23.434],[91.272,23.424],[91.282,23.416],[91.286,23.378],[91.298,23.379],[91.298,23.373],[91.291,23.372],[91.3,23.362],[91.297,23.354],[91.326,23.362],[91.315,23.345],[91.303,23.341],[91.297,23.321],[91.304,23.314],[91.316,23.314],[91.322,23.302],[91.306,23.291],[91.323,23.282],[91.316,23.275],[91.325,23.254],[91.332,23.253],[91.326,23.241],[91.331,23.216],[91.33,23.158],[91.339,23.151],[91.354,23.1],[91.378,23.064],[91.402,23.052],[91.422,23.059],[91.418,23.069],[91.423,23.079],[91.412,23.083],[91.413,23.094],[91.408,23.095],[91.41,23.107],[91.391,23.153],[91.389,23.179],[91.396,23.223],[91.404,23.226],[91.407,23.243],[91.416,23.245],[91.408,23.261],[91.418,23.254],[91.419,23.28],[91.424,23.273],[91.424,23.255],[91.437,23.258],[91.46,23.255],[91.452,23.243],[91.467,23.238],[91.475,23.226],[91.459,23.215],[91.464,23.212],[91.482,23.216],[91.486,23.212],[91.489,23.199],[91.474,23.189],[91.506,23.187],[91.511,23.182],[91.498,23.173],[91.504,23.166],[91.497,23.153],[91.51,23.151],[91.503,23.145],[91.509,23.138],[91.522,23.139],[91.509,23.127],[91.524,23.114],[91.516,23.106],[91.526,23.1],[91.525,23.093],[91.535,23.087],[91.531,23.079],[91.539,23.062],[91.529,23.054],[91.541,23.05],[91.539,23.035],[91.554,23.034],[91.544,23.018],[91.553,23.016],[91.547,22.999],[91.563,22.99],[91.563,22.976],[91.568,22.972],[91.583,22.963],[91.597,22.976],[91.6,22.97],[91.612,22.973],[91.605,22.956],[91.619,22.96],[91.619,22.944],[91.627,22.96],[91.653,22.983],[91.652,22.992],[91.657,22.987],[91.663,22.991],[91.675,22.988],[91.682,22.996],[91.682,22.99],[91.688,22.988],[91.698,23.003],[91.724,22.989],[91.734,23.001],[91.751,23.01],[91.774,23.037],[91.775,23.045],[91.78,23.031],[91.785,23.032],[91.787,23.049],[91.778,23.067],[91.788,23.073],[91.795,23.066],[91.815,23.07],[91.825,23.078],[91.823,23.086],[91.828,23.085],[91.836,23.094],[91.822,23.103],[91.825,23.107],[91.818,23.112],[91.821,23.123],[91.814,23.119],[91.818,23.128],[91.812,23.131],[91.813,23.151],[91.806,23.159],[91.799,23.197],[91.791,23.21],[91.786,23.208],[91.792,23.229],[91.773,23.249],[91.775,23.278],[91.808,23.339],[91.844,23.38],[91.838,23.384],[91.847,23.4],[91.904,23.441],[91.922,23.443],[91.942,23.438],[91.947,23.444],[91.942,23.469],[91.952,23.47],[91.964,23.482],[91.975,23.482],[91.974,23.504],[91.96,23.52],[91.961,23.527],[91.968,23.529],[91.961,23.538],[91.964,23.579],[91.959,23.586],[91.951,23.586],[91.957,23.618],[91.942,23.682],[91.957,23.699],[91.957,23.719],[91.962,23.728],[91.984,23.73],[92.002,23.689],[92.023,23.658],[92.036,23.662],[92.071,23.645],[92.087,23.654],[92.091,23.677],[92.109,23.679],[92.142,23.715],[92.15,23.732],[92.163,23.74],[92.18,23.743],[92.18,23.721],[92.187,23.711],[92.203,23.707],[92.218,23.695],[92.213,23.664],[92.224,23.657],[92.238,23.67],[92.247,23.692],[92.241,23.708],[92.247,23.724],[92.269,23.729],[92.266,23.739],[92.267,23.762],[92.262,23.805],[92.261,23.807],[92.259,23.815],[92.269,23.818],[92.281,23.815],[92.287,23.817],[92.283,23.823],[92.284,23.824],[92.282,23.831],[92.277,23.837],[92.274,23.844],[92.288,23.867],[92.294,23.871],[92.295,23.87],[92.295,23.865],[92.301,23.866],[92.307,23.864],[92.32,23.865],[92.318,23.867],[92.322,23.87],[92.32,23.878],[92.317,23.879],[92.317,23.882],[92.319,23.884],[92.318,23.888],[92.322,23.891],[92.324,23.905],[92.33,23.906],[92.331,23.921],[92.321,23.926],[92.313,23.935],[92.313,23.957],[92.313,23.961],[92.313,23.97],[92.32,23.975],[92.329,23.99],[92.327,24.004],[92.317,24.018],[92.319,24.019],[92.322,24.019],[92.317,24.028],[92.319,24.031],[92.314,24.035],[92.317,24.038],[92.315,24.049],[92.32,24.051],[92.322,24.059],[92.317,24.067],[92.327,24.075],[92.323,24.077],[92.329,24.082],[92.33,24.101],[92.332,24.105],[92.329,24.11],[92.332,24.113],[92.328,24.125],[92.328,24.135],[92.329,24.14],[92.332,24.144],[92.335,24.144],[92.336,24.144],[92.334,24.151],[92.332,24.164],[92.33,24.175],[92.327,24.186],[92.329,24.191],[92.316,24.213],[92.31,24.215],[92.314,24.223],[92.301,24.225],[92.298,24.227],[92.299,24.232],[92.296,24.234],[92.297,24.238],[92.295,24.241],[92.295,24.248],[92.297,24.252],[92.213,24.249],[92.272,24.379],[92.273,24.388],[92.256,24.419],[92.257,24.436],[92.236,24.45],[92.231,24.46],[92.23,24.48],[92.239,24.49],[92.231,24.504]]]},"properties":{"ID_0":105,"ISO":"IND","NAME_0":"India","ID_1":32,"NAME_1":"Tripura"}},
{"type":"Feature","geometry":{"type":"Polygon","coordinates":[[[79.762,28.89],[79.75,28.893],[79.74,28.883],[79.712,28.881],[79.705,28.87],[79.688,28.868],[79.684,28.857],[79.673,28.858],[79.666,28.848],[79.654,28.849],[79.614,28.869],[79.592,28.867],[79.577,28.85],[79.551,28.846],[79.548,28.854],[79.554,28.879],[79.536,28.893],[79.507,28.863],[79.477,28.867],[79.46,28.859],[79.433,28.862],[79.424,28.855],[79.411,28.856],[79.396,28.885],[79.401,28.932],[79.389,28.938],[79.377,28.937],[79.36,28.97],[79.352,28.952],[79.307,28.958],[79.299,28.953],[79.279,28.965],[79.239,29],[79.238,29.007],[79.204,29.029],[79.198,29.022],[79.183,29.024],[79.185,29.018],[79.169,29.016],[79.158,29.023],[79.154,29.033],[79.165,29.051],[79.144,29.06],[79.137,29.069],[79.135,29.082],[79.144,29.107],[79.142,29.12],[79.131,29.129],[79.118,29.134],[79.101,29.132],[79.073,29.152],[79.046,29.155],[79.034,29.171],[79.027,29.172],[79.022,29.167],[79.028,29.161],[79.026,29.15],[79.011,29.157],[79.009,29.136],[79.031,29.13],[79.017,29.118],[79.007,29.121],[79.001,29.117],[78.993,29.134],[78.984,29.137],[78.979,29.155],[78.962,29.167],[78.944,29.15],[78.924,29.157],[78.914,29.149],[78.9,29.151],[78.895,29.157],[78.905,29.163],[78.906,29.18],[78.894,29.196],[78.899,29.203],[78.888,29.21],[78.892,29.215],[78.883,29.225],[78.87,29.229],[78.871,29.241],[78.853,29.261],[78.842,29.254],[78.831,29.261],[78.814,29.252],[78.8,29.258],[78.787,29.265],[78.786,29.273],[78.782,29.271],[78.759,29.287],[78.767,29.286],[78.761,29.293],[78.714,29.317],[78.727,29.317],[78.728,29.334],[78.742,29.333],[78.757,29.35],[78.766,29.341],[78.782,29.346],[78.781,29.332],[78.789,29.329],[78.798,29.338],[78.79,29.352],[78.797,29.356],[78.809,29.383],[78.815,29.385],[78.811,29.38],[78.814,29.37],[78.829,29.368],[78.836,29.371],[78.833,29.381],[78.857,29.386],[78.863,29.395],[78.87,29.392],[78.896,29.424],[78.9,29.447],[78.923,29.456],[78.92,29.46],[78.9,29.456],[78.866,29.46],[78.786,29.476],[78.766,29.484],[78.739,29.505],[78.693,29.509],[78.64,29.548],[78.605,29.562],[78.527,29.624],[78.512,29.651],[78.507,29.691],[78.488,29.741],[78.432,29.758],[78.413,29.772],[78.386,29.774],[78.332,29.796],[78.303,29.758],[78.231,29.704],[78.221,29.718],[78.194,29.71],[78.182,29.692],[78.166,29.68],[78.139,29.676],[78.134,29.659],[78.091,29.625],[78.082,29.602],[78.059,29.602],[78.044,29.593],[78.037,29.581],[78.043,29.572],[78.037,29.553],[77.994,29.555],[77.988,29.546],[77.977,29.558],[77.984,29.588],[77.973,29.583],[77.953,29.585],[77.947,29.59],[77.952,29.616],[77.962,29.61],[77.977,29.614],[77.973,29.632],[77.977,29.642],[77.965,29.655],[77.972,29.676],[77.962,29.67],[77.943,29.692],[77.942,29.702],[77.952,29.705],[77.941,29.715],[77.927,29.715],[77.906,29.704],[77.91,29.699],[77.874,29.702],[77.87,29.694],[77.854,29.689],[77.829,29.669],[77.793,29.682],[77.789,29.686],[77.795,29.7],[77.758,29.716],[77.769,29.735],[77.761,29.753],[77.765,29.785],[77.742,29.81],[77.742,29.825],[77.729,29.838],[77.73,29.853],[77.713,29.856],[77.702,29.872],[77.703,29.89],[77.711,29.888],[77.733,29.913],[77.729,29.929],[77.718,29.935],[77.745,29.968],[77.73,29.987],[77.741,29.994],[77.749,30.014],[77.772,30.026],[77.773,30.033],[77.758,30.048],[77.786,30.1],[77.794,30.101],[77.813,30.09],[77.839,30.112],[77.865,30.155],[77.896,30.186],[77.903,30.213],[77.918,30.225],[77.931,30.247],[77.896,30.266],[77.874,30.274],[77.861,30.271],[77.812,30.291],[77.751,30.325],[77.711,30.339],[77.673,30.386],[77.664,30.384],[77.661,30.393],[77.634,30.411],[77.622,30.405],[77.609,30.41],[77.586,30.408],[77.578,30.412],[77.563,30.404],[77.576,30.39],[77.575,30.385],[77.59,30.377],[77.592,30.371],[77.57,30.337],[77.575,30.326],[77.57,30.311],[77.527,30.282],[77.52,30.26],[77.496,30.234],[77.473,30.189],[77.456,30.181],[77.447,30.169],[77.424,30.168],[77.411,30.15],[77.418,30.141],[77.413,30.128],[77.398,30.119],[77.414,30.107],[77.397,30.096],[77.368,30.092],[77.332,30.064],[77.286,30.057],[77.27,30.048],[77.273,30.034],[77.263,30.002],[77.235,29.981],[77.23,29.962],[77.189,29.922],[77.18,29.906],[77.185,29.895],[77.182,29.873],[77.168,29.846],[77.169,29.83],[77.154,29.814],[77.152,29.793],[77.117,29.771],[77.113,29.749],[77.123,29.743],[77.143,29.706],[77.121,29.692],[77.12,29.68],[77.131,29.663],[77.11,29.647],[77.086,29.601],[77.102,29.577],[77.11,29.553],[77.089,29.545],[77.085,29.534],[77.098,29.512],[77.12,29.497],[77.123,29.486],[77.114,29.462],[77.139,29.442],[77.125,29.422],[77.126,29.411],[77.147,29.39],[77.117,29.377],[77.12,29.35],[77.124,29.345],[77.146,29.345],[77.154,29.335],[77.15,29.332],[77.154,29.317],[77.129,29.273],[77.144,29.243],[77.125,29.225],[77.136,29.207],[77.14,29.182],[77.127,29.154],[77.139,29.135],[77.122,29.106],[77.157,29.078],[77.163,29.049],[77.214,29.006],[77.19,28.956],[77.191,28.947],[77.205,28.936],[77.197,28.921],[77.221,28.908],[77.221,28.904],[77.205,28.895],[77.182,28.89],[77.178,28.88],[77.187,28.867],[77.193,28.865],[77.208,28.86],[77.217,28.835],[77.214,28.813],[77.195,28.815],[77.194,28.802],[77.197,28.795],[77.208,28.787],[77.213,28.786],[77.225,28.788],[77.217,28.782],[77.221,28.778],[77.229,28.772],[77.238,28.759],[77.246,28.757],[77.253,28.753],[77.256,28.74],[77.266,28.739],[77.271,28.738],[77.284,28.719],[77.285,28.712],[77.293,28.71],[77.296,28.713],[77.317,28.717],[77.323,28.716],[77.322,28.712],[77.327,28.685],[77.318,28.679],[77.318,28.672],[77.311,28.645],[77.337,28.622],[77.336,28.609],[77.328,28.605],[77.31,28.599],[77.295,28.582],[77.294,28.58],[77.295,28.561],[77.303,28.55],[77.315,28.541],[77.331,28.524],[77.337,28.516],[77.338,28.509],[77.36,28.498],[77.364,28.486],[77.376,28.476],[77.398,28.471],[77.398,28.459],[77.426,28.455],[77.436,28.432],[77.475,28.414],[77.474,28.404],[77.467,28.4],[77.486,28.38],[77.494,28.358],[77.464,28.338],[77.496,28.307],[77.493,28.281],[77.472,28.281],[77.465,28.277],[77.467,28.27],[77.512,28.254],[77.539,28.254],[77.541,28.248],[77.516,28.23],[77.523,28.207],[77.519,28.202],[77.498,28.213],[77.489,28.212],[77.492,28.185],[77.502,28.187],[77.506,28.195],[77.538,28.191],[77.542,28.182],[77.532,28.17],[77.496,28.16],[77.495,28.146],[77.487,28.141],[77.498,28.136],[77.5,28.127],[77.491,28.113],[77.492,28.098],[77.486,28.097],[77.483,28.108],[77.478,28.108],[77.469,28.086],[77.483,28.061],[77.479,28.044],[77.49,28.039],[77.512,28.01],[77.535,27.993],[77.513,27.977],[77.511,27.968],[77.536,27.966],[77.537,27.958],[77.531,27.942],[77.519,27.932],[77.511,27.937],[77.492,27.932],[77.485,27.944],[77.469,27.933],[77.472,27.901],[77.458,27.885],[77.442,27.878],[77.422,27.894],[77.412,27.896],[77.402,27.882],[77.412,27.859],[77.374,27.864],[77.353,27.856],[77.339,27.86],[77.329,27.852],[77.327,27.838],[77.313,27.83],[77.289,27.829],[77.29,27.818],[77.276,27.807],[77.295,27.8],[77.304,27.788],[77.301,27.756],[77.312,27.739],[77.296,27.73],[77.298,27.719],[77.302,27.713],[77.331,27.711],[77.337,27.696],[77.342,27.653],[77.311,27.612],[77.326,27.597],[77.335,27.602],[77.35,27.593],[77.33,27.571],[77.34,27.547],[77.333,27.539],[77.335,27.53],[77.352,27.52],[77.382,27.517],[77.392,27.502],[77.396,27.478],[77.407,27.476],[77.415,27.466],[77.43,27.462],[77.415,27.425],[77.427,27.417],[77.432,27.399],[77.467,27.384],[77.476,27.388],[77.497,27.381],[77.522,27.358],[77.539,27.353],[77.543,27.342],[77.575,27.327],[77.614,27.343],[77.614,27.315],[77.592,27.301],[77.603,27.295],[77.614,27.279],[77.607,27.273],[77.613,27.26],[77.626,27.262],[77.644,27.239],[77.64,27.217],[77.657,27.213],[77.673,27.2],[77.655,27.176],[77.636,27.17],[77.615,27.175],[77.605,27.168],[77.607,27.154],[77.594,27.148],[77.597,27.129],[77.591,27.123],[77.544,27.116],[77.529,27.104],[77.514,27.108],[77.498,27.095],[77.517,27.089],[77.514,27.07],[77.521,27.067],[77.529,27.067],[77.546,27.081],[77.566,27.078],[77.567,27.06],[77.557,27.037],[77.584,27.039],[77.591,27.032],[77.616,27.027],[77.627,27.016],[77.634,27.027],[77.657,27.023],[77.673,27.052],[77.684,27.045],[77.682,27.033],[77.704,27],[77.722,27],[77.72,27.014],[77.726,27.032],[77.736,27.034],[77.744,27.024],[77.755,27.023],[77.743,27.006],[77.748,26.999],[77.74,26.998],[77.736,26.988],[77.715,26.992],[77.692,26.979],[77.67,26.977],[77.665,26.967],[77.649,26.974],[77.594,26.938],[77.587,26.945],[77.58,26.931],[77.482,26.904],[77.455,26.89],[77.454,26.877],[77.442,26.878],[77.437,26.868],[77.422,26.867],[77.426,26.853],[77.417,26.843],[77.439,26.819],[77.429,26.77],[77.451,26.781],[77.464,26.77],[77.448,26.747],[77.48,26.754],[77.493,26.767],[77.497,26.774],[77.481,26.788],[77.498,26.848],[77.514,26.845],[77.512,26.828],[77.521,26.822],[77.536,26.825],[77.556,26.822],[77.6,26.843],[77.605,26.833],[77.616,26.848],[77.625,26.847],[77.665,26.86],[77.678,26.878],[77.694,26.873],[77.698,26.88],[77.716,26.881],[77.72,26.897],[77.711,26.903],[77.719,26.916],[77.729,26.926],[77.744,26.923],[77.753,26.938],[77.773,26.936],[77.789,26.922],[77.799,26.928],[77.815,26.923],[77.821,26.926],[77.871,26.906],[77.89,26.889],[77.896,26.89],[77.903,26.901],[77.9,26.925],[77.907,26.924],[77.91,26.914],[77.929,26.913],[77.942,26.9],[77.963,26.913],[77.975,26.898],[77.992,26.911],[78.007,26.911],[78.014,26.908],[78.022,26.895],[78.018,26.882],[78.028,26.876],[78.016,26.864],[78.022,26.861],[78.038,26.877],[78.048,26.875],[78.042,26.915],[78.061,26.916],[78.087,26.902],[78.091,26.912],[78.101,26.905],[78.095,26.929],[78.113,26.927],[78.111,26.953],[78.139,26.957],[78.19,26.947],[78.205,26.939],[78.216,26.954],[78.233,26.934],[78.258,26.934],[78.262,26.924],[78.253,26.905],[78.23,26.894],[78.227,26.883],[78.205,26.877],[78.191,26.889],[78.204,26.856],[78.214,26.849],[78.21,26.836],[78.223,26.837],[78.261,26.821],[78.268,26.85],[78.282,26.864],[78.351,26.874],[78.365,26.869],[78.39,26.825],[78.426,26.832],[78.451,26.798],[78.516,26.785],[78.566,26.758],[78.602,26.756],[78.62,26.775],[78.659,26.769],[78.668,26.774],[78.677,26.792],[78.715,26.8],[78.721,26.798],[78.718,26.787],[78.723,26.779],[78.741,26.793],[78.766,26.765],[78.799,26.769],[78.811,26.765],[78.841,26.726],[78.865,26.705],[78.883,26.704],[78.904,26.713],[78.948,26.697],[78.95,26.692],[78.937,26.672],[78.938,26.663],[78.948,26.663],[78.974,26.683],[78.993,26.685],[79.001,26.674],[78.987,26.644],[79.003,26.627],[79.006,26.61],[78.978,26.592],[78.98,26.574],[78.991,26.582],[78.998,26.574],[78.998,26.564],[79.007,26.558],[78.998,26.556],[78.998,26.551],[79.008,26.548],[79.021,26.552],[79.02,26.541],[79.033,26.536],[79.031,26.525],[79.041,26.523],[79.039,26.516],[79.051,26.501],[79.061,26.503],[79.064,26.487],[79.047,26.461],[79.048,26.456],[79.081,26.444],[79.083,26.453],[79.089,26.451],[79.095,26.457],[79.127,26.445],[79.117,26.417],[79.101,26.412],[79.087,26.418],[79.081,26.406],[79.09,26.379],[79.079,26.373],[79.077,26.363],[79.1,26.355],[79.103,26.36],[79.123,26.345],[79.134,26.345],[79.125,26.338],[79.127,26.332],[79.116,26.335],[79.127,26.316],[79.109,26.309],[79.098,26.315],[79.094,26.312],[79.083,26.294],[79.084,26.272],[79.076,26.275],[79.078,26.287],[79.067,26.288],[79.053,26.28],[79.049,26.266],[79.037,26.267],[79.063,26.247],[79.056,26.24],[79.057,26.233],[79.041,26.229],[79.02,26.234],[79.021,26.209],[79.01,26.205],[79.015,26.197],[79.002,26.197],[78.992,26.204],[78.977,26.195],[78.992,26.177],[79.003,26.173],[79.001,26.155],[78.986,26.151],[78.965,26.156],[78.943,26.139],[78.969,26.123],[78.972,26.109],[78.99,26.096],[79.004,26.094],[79.003,26.082],[78.997,26.074],[78.982,26.074],[78.976,26.06],[78.968,26.059],[78.944,26.037],[78.95,26.02],[78.943,25.991],[78.936,25.985],[78.927,25.987],[78.924,25.981],[78.931,25.976],[78.925,25.965],[78.93,25.949],[78.924,25.953],[78.91,25.946],[78.894,25.926],[78.876,25.916],[78.887,25.899],[78.881,25.888],[78.883,25.87],[78.864,25.875],[78.847,25.861],[78.846,25.839],[78.853,25.844],[78.866,25.834],[78.862,25.799],[78.85,25.796],[78.841,25.805],[78.841,25.821],[78.811,25.83],[78.799,25.818],[78.8,25.813],[78.822,25.815],[78.821,25.799],[78.8,25.799],[78.78,25.775],[78.776,25.761],[78.747,25.749],[78.746,25.738],[78.752,25.727],[78.791,25.711],[78.789,25.7],[78.811,25.674],[78.805,25.625],[78.795,25.618],[78.741,25.604],[78.711,25.607],[78.677,25.594],[78.649,25.566],[78.623,25.571],[78.618,25.587],[78.609,25.589],[78.581,25.564],[78.542,25.565],[78.486,25.582],[78.462,25.567],[78.455,25.552],[78.437,25.564],[78.429,25.564],[78.409,25.533],[78.417,25.518],[78.41,25.519],[78.409,25.504],[78.419,25.491],[78.421,25.478],[78.407,25.479],[78.394,25.471],[78.377,25.448],[78.361,25.447],[78.348,25.455],[78.335,25.431],[78.33,25.401],[78.311,25.385],[78.3,25.384],[78.296,25.375],[78.296,25.365],[78.323,25.355],[78.331,25.337],[78.328,25.328],[78.308,25.311],[78.345,25.298],[78.345,25.283],[78.362,25.265],[78.355,25.246],[78.369,25.242],[78.375,25.226],[78.398,25.218],[78.384,25.206],[78.385,25.195],[78.404,25.189],[78.417,25.173],[78.446,25.169],[78.442,25.157],[78.421,25.158],[78.418,25.153],[78.443,25.129],[78.425,25.125],[78.395,25.131],[78.374,25.109],[78.328,25.089],[78.325,25.072],[78.338,25.027],[78.328,25],[78.31,24.991],[78.29,24.968],[78.214,24.916],[78.2,24.896],[78.165,24.882],[78.164,24.857],[78.165,24.848],[78.192,24.84],[78.209,24.813],[78.226,24.777],[78.22,24.747],[78.251,24.706],[78.268,24.667],[78.257,24.649],[78.27,24.615],[78.259,24.558],[78.255,24.552],[78.224,24.541],[78.217,24.532],[78.22,24.523],[78.24,24.51],[78.24,24.489],[78.263,24.483],[78.27,24.476],[78.26,24.46],[78.267,24.447],[78.318,24.41],[78.337,24.404],[78.345,24.392],[78.361,24.386],[78.363,24.378],[78.327,24.338],[78.326,24.33],[78.339,24.317],[78.342,24.305],[78.362,24.296],[78.38,24.276],[78.403,24.275],[78.411,24.288],[78.426,24.29],[78.435,24.298],[78.434,24.313],[78.44,24.326],[78.468,24.339],[78.475,24.367],[78.49,24.386],[78.505,24.394],[78.553,24.361],[78.578,24.357],[78.585,24.343],[78.594,24.339],[78.602,24.318],[78.623,24.31],[78.617,24.296],[78.622,24.286],[78.634,24.289],[78.654,24.274],[78.669,24.245],[78.699,24.234],[78.719,24.239],[78.732,24.254],[78.738,24.242],[78.746,24.239],[78.753,24.244],[78.757,24.26],[78.76,24.258],[78.766,24.251],[78.761,24.234],[78.776,24.21],[78.785,24.185],[78.792,24.18],[78.806,24.184],[78.814,24.21],[78.824,24.201],[78.839,24.215],[78.863,24.214],[78.879,24.223],[78.879,24.254],[78.912,24.277],[78.908,24.301],[78.967,24.354],[78.974,24.399],[78.987,24.423],[78.984,24.441],[78.982,24.447],[78.944,24.443],[78.931,24.46],[78.909,24.467],[78.901,24.488],[78.914,24.501],[78.924,24.499],[78.923,24.488],[78.931,24.485],[78.949,24.486],[78.966,24.497],[78.944,24.51],[78.94,24.534],[78.945,24.556],[78.913,24.581],[78.882,24.64],[78.873,24.647],[78.867,24.645],[78.852,24.621],[78.839,24.628],[78.831,24.609],[78.802,24.608],[78.794,24.598],[78.777,24.593],[78.749,24.605],[78.748,24.637],[78.74,24.66],[78.745,24.669],[78.755,24.674],[78.76,24.694],[78.772,24.704],[78.769,24.755],[78.763,24.767],[78.765,24.795],[78.78,24.807],[78.781,24.815],[78.764,24.861],[78.747,24.871],[78.734,24.871],[78.719,24.883],[78.703,24.884],[78.696,24.895],[78.668,24.902],[78.654,24.944],[78.641,24.94],[78.642,24.953],[78.622,24.965],[78.632,24.984],[78.636,25.021],[78.644,25.035],[78.642,25.061],[78.62,25.092],[78.597,25.098],[78.594,25.157],[78.561,25.227],[78.569,25.259],[78.557,25.269],[78.528,25.275],[78.521,25.288],[78.505,25.282],[78.497,25.294],[78.454,25.271],[78.436,25.273],[78.427,25.289],[78.43,25.297],[78.441,25.304],[78.467,25.293],[78.469,25.303],[78.492,25.324],[78.5,25.304],[78.525,25.307],[78.541,25.327],[78.532,25.335],[78.525,25.363],[78.535,25.364],[78.556,25.349],[78.576,25.352],[78.578,25.377],[78.57,25.385],[78.557,25.384],[78.561,25.396],[78.588,25.392],[78.603,25.417],[78.614,25.416],[78.619,25.407],[78.629,25.406],[78.637,25.414],[78.634,25.438],[78.645,25.438],[78.653,25.444],[78.675,25.438],[78.686,25.448],[78.701,25.429],[78.669,25.404],[78.657,25.42],[78.652,25.413],[78.658,25.388],[78.669,25.393],[78.674,25.391],[78.672,25.385],[78.687,25.381],[78.693,25.388],[78.709,25.379],[78.704,25.359],[78.714,25.353],[78.736,25.349],[78.764,25.358],[78.761,25.382],[78.753,25.39],[78.759,25.394],[78.76,25.402],[78.755,25.406],[78.742,25.399],[78.743,25.413],[78.756,25.419],[78.808,25.425],[78.813,25.43],[78.789,25.442],[78.765,25.43],[78.755,25.434],[78.748,25.448],[78.725,25.463],[78.732,25.501],[78.736,25.504],[78.744,25.485],[78.757,25.476],[78.79,25.484],[78.83,25.466],[78.846,25.454],[78.837,25.448],[78.814,25.446],[78.82,25.438],[78.834,25.432],[78.854,25.452],[78.857,25.467],[78.846,25.491],[78.827,25.504],[78.828,25.51],[78.834,25.516],[78.876,25.524],[78.878,25.533],[78.868,25.544],[78.874,25.557],[78.91,25.559],[78.917,25.541],[78.923,25.557],[78.931,25.56],[78.942,25.551],[78.942,25.531],[78.932,25.524],[78.92,25.527],[78.916,25.521],[78.935,25.494],[78.936,25.48],[78.927,25.466],[78.903,25.447],[78.929,25.428],[78.943,25.442],[78.96,25.439],[78.969,25.425],[78.968,25.397],[78.979,25.376],[78.948,25.37],[78.939,25.353],[78.929,25.352],[78.897,25.365],[78.892,25.375],[78.895,25.381],[78.931,25.377],[78.951,25.396],[78.949,25.4],[78.931,25.403],[78.915,25.4],[78.901,25.389],[78.875,25.388],[78.838,25.352],[78.836,25.347],[78.845,25.339],[78.844,25.332],[78.833,25.331],[78.815,25.311],[78.792,25.315],[78.783,25.298],[78.793,25.293],[78.804,25.302],[78.812,25.3],[78.806,25.271],[78.842,25.229],[78.862,25.283],[78.872,25.288],[78.867,25.311],[78.856,25.317],[78.876,25.334],[78.877,25.344],[78.885,25.347],[78.908,25.339],[78.919,25.346],[78.928,25.332],[78.953,25.35],[78.953,25.312],[78.97,25.285],[78.948,25.284],[78.944,25.28],[78.948,25.266],[78.941,25.263],[78.918,25.275],[78.909,25.274],[78.892,25.245],[78.876,25.256],[78.867,25.233],[78.882,25.211],[78.867,25.19],[78.872,25.166],[78.877,25.162],[78.893,25.173],[78.924,25.211],[78.948,25.22],[78.964,25.219],[78.982,25.199],[78.996,25.196],[79,25.216],[78.993,25.222],[78.995,25.234],[78.971,25.245],[78.987,25.275],[79.005,25.277],[79.016,25.265],[79.012,25.248],[79.029,25.249],[79.026,25.235],[79.056,25.226],[79.055,25.217],[79.043,25.21],[79.025,25.187],[79.036,25.174],[79.022,25.143],[79.043,25.138],[79.058,25.151],[79.064,25.172],[79.084,25.193],[79.091,25.176],[79.12,25.164],[79.108,25.144],[79.125,25.129],[79.115,25.118],[79.129,25.111],[79.138,25.118],[79.157,25.112],[79.179,25.118],[79.18,25.129],[79.169,25.132],[79.167,25.142],[79.185,25.151],[79.197,25.143],[79.196,25.132],[79.207,25.124],[79.206,25.114],[79.223,25.123],[79.238,25.116],[79.238,25.131],[79.244,25.141],[79.225,25.14],[79.214,25.148],[79.236,25.161],[79.251,25.161],[79.259,25.153],[79.262,25.141],[79.255,25.13],[79.26,25.122],[79.27,25.126],[79.277,25.12],[79.282,25.134],[79.303,25.133],[79.315,25.152],[79.302,25.175],[79.279,25.197],[79.281,25.227],[79.274,25.248],[79.293,25.24],[79.311,25.219],[79.325,25.222],[79.333,25.201],[79.347,25.214],[79.329,25.23],[79.341,25.23],[79.345,25.264],[79.34,25.273],[79.332,25.276],[79.319,25.263],[79.31,25.262],[79.288,25.29],[79.286,25.281],[79.271,25.267],[79.259,25.271],[79.256,25.292],[79.26,25.31],[79.278,25.328],[79.291,25.329],[79.295,25.34],[79.346,25.333],[79.334,25.317],[79.342,25.305],[79.331,25.294],[79.35,25.288],[79.353,25.265],[79.366,25.268],[79.367,25.294],[79.384,25.284],[79.389,25.286],[79.402,25.279],[79.401,25.262],[79.415,25.259],[79.431,25.26],[79.452,25.274],[79.457,25.284],[79.473,25.282],[79.476,25.273],[79.49,25.27],[79.484,25.265],[79.459,25.269],[79.448,25.251],[79.439,25.248],[79.427,25.225],[79.442,25.221],[79.443,25.213],[79.432,25.203],[79.41,25.209],[79.404,25.19],[79.384,25.17],[79.38,25.149],[79.389,25.121],[79.399,25.113],[79.415,25.123],[79.415,25.139],[79.431,25.135],[79.435,25.127],[79.431,25.108],[79.445,25.113],[79.468,25.134],[79.461,25.096],[79.472,25.087],[79.49,25.083],[79.5,25.099],[79.517,25.102],[79.514,25.126],[79.529,25.137],[79.527,25.143],[79.55,25.169],[79.566,25.178],[79.574,25.159],[79.59,25.147],[79.603,25.155],[79.598,25.131],[79.62,25.143],[79.638,25.131],[79.666,25.127],[79.677,25.137],[79.718,25.134],[79.746,25.144],[79.769,25.125],[79.819,25.11],[79.831,25.098],[79.856,25.099],[79.843,25.116],[79.848,25.133],[79.872,25.15],[79.861,25.156],[79.863,25.177],[79.852,25.203],[79.863,25.219],[79.847,25.232],[79.847,25.24],[79.861,25.243],[79.872,25.254],[79.894,25.246],[79.902,25.257],[79.913,25.233],[79.921,25.251],[79.933,25.25],[79.933,25.263],[79.943,25.272],[79.949,25.265],[79.997,25.269],[79.991,25.283],[80.013,25.302],[80.01,25.325],[80.021,25.343],[80.07,25.343],[80.083,25.356],[80.123,25.338],[80.137,25.356],[80.159,25.366],[80.159,25.378],[80.188,25.384],[80.194,25.416],[80.211,25.404],[80.23,25.411],[80.245,25.405],[80.256,25.429],[80.274,25.425],[80.311,25.387],[80.313,25.372],[80.303,25.358],[80.312,25.334],[80.304,25.289],[80.312,25.282],[80.341,25.279],[80.358,25.251],[80.378,25.238],[80.391,25.246],[80.399,25.243],[80.402,25.221],[80.424,25.174],[80.415,25.165],[80.387,25.163],[80.351,25.145],[80.344,25.125],[80.313,25.101],[80.311,25.082],[80.282,25.063],[80.278,25.044],[80.267,25.03],[80.278,25.022],[80.289,25.021],[80.317,25.003],[80.329,25.005],[80.338,25.021],[80.348,25.016],[80.359,25.026],[80.368,25.025],[80.373,25.008],[80.382,25.01],[80.389,25.015],[80.372,25.033],[80.38,25.042],[80.364,25.048],[80.366,25.058],[80.379,25.056],[80.394,25.072],[80.405,25.061],[80.41,25.077],[80.425,25.072],[80.441,25.082],[80.445,25.08],[80.442,25.076],[80.446,25.066],[80.456,25.074],[80.46,25.07],[80.47,25.045],[80.494,25.045],[80.493,25.054],[80.502,25.067],[80.491,25.078],[80.5,25.09],[80.478,25.096],[80.476,25.102],[80.495,25.105],[80.51,25.101],[80.519,25.082],[80.543,25.068],[80.56,25.075],[80.562,25.091],[80.568,25.085],[80.588,25.086],[80.607,25.072],[80.588,25.109],[80.591,25.118],[80.601,25.123],[80.591,25.132],[80.595,25.155],[80.606,25.149],[80.608,25.133],[80.625,25.138],[80.632,25.123],[80.619,25.12],[80.613,25.107],[80.601,25.104],[80.62,25.09],[80.635,25.098],[80.651,25.088],[80.656,25.074],[80.668,25.087],[80.679,25.082],[80.672,25.067],[80.674,25.054],[80.727,25.072],[80.734,25.062],[80.776,25.062],[80.781,25.07],[80.776,25.084],[80.751,25.091],[80.746,25.099],[80.725,25.098],[80.719,25.104],[80.725,25.123],[80.717,25.129],[80.701,25.128],[80.7,25.137],[80.711,25.138],[80.723,25.149],[80.738,25.135],[80.774,25.147],[80.782,25.137],[80.8,25.146],[80.808,25.141],[80.81,25.131],[80.819,25.131],[80.828,25.11],[80.838,25.128],[80.832,25.141],[80.842,25.171],[80.836,25.193],[80.864,25.188],[80.878,25.196],[80.886,25.177],[80.906,25.164],[80.905,25.16],[80.888,25.141],[80.875,25.144],[80.865,25.124],[80.873,25.103],[80.864,25.088],[80.875,25.08],[80.871,25.071],[80.841,25.051],[80.835,25.04],[80.827,25.039],[80.85,25.003],[80.848,24.998],[80.836,24.986],[80.825,24.986],[80.819,24.974],[80.79,24.972],[80.792,24.964],[80.803,24.957],[80.802,24.944],[80.835,24.935],[80.875,24.941],[80.885,24.949],[80.9,24.94],[80.893,24.95],[80.897,24.957],[80.937,24.972],[80.945,24.968],[80.944,24.951],[80.952,24.943],[80.951,24.927],[80.955,24.926],[80.972,24.94],[80.979,24.938],[80.981,24.93],[81,24.94],[81.009,24.932],[81.017,24.932],[81.021,24.938],[81.013,24.944],[81.01,24.954],[81.019,24.945],[81.02,24.952],[81.027,24.955],[81.076,24.952],[81.09,24.924],[81.132,24.892],[81.14,24.916],[81.152,24.916],[81.161,24.959],[81.177,24.955],[81.199,24.935],[81.184,24.929],[81.199,24.927],[81.213,24.935],[81.206,24.939],[81.206,24.958],[81.2,24.967],[81.213,24.982],[81.202,24.996],[81.205,25.003],[81.217,25.004],[81.231,25.018],[81.262,25.068],[81.253,25.079],[81.259,25.087],[81.246,25.106],[81.258,25.117],[81.261,25.144],[81.275,25.153],[81.269,25.168],[81.306,25.166],[81.304,25.145],[81.315,25.116],[81.323,25.118],[81.311,25.149],[81.313,25.164],[81.33,25.172],[81.336,25.166],[81.349,25.167],[81.366,25.144],[81.365,25.138],[81.387,25.134],[81.391,25.123],[81.406,25.123],[81.4,25.134],[81.43,25.134],[81.438,25.11],[81.407,25.112],[81.401,25.108],[81.459,25.093],[81.458,25.087],[81.484,25.075],[81.486,25.084],[81.495,25.082],[81.494,25.102],[81.508,25.107],[81.482,25.117],[81.472,25.135],[81.477,25.138],[81.49,25.134],[81.495,25.152],[81.525,25.144],[81.519,25.152],[81.53,25.163],[81.508,25.176],[81.508,25.185],[81.549,25.187],[81.566,25.196],[81.577,25.191],[81.588,25.184],[81.582,25.168],[81.605,25.166],[81.61,25.174],[81.619,25.16],[81.615,25.144],[81.61,25.147],[81.592,25.136],[81.591,25.123],[81.602,25.118],[81.601,25.1],[81.617,25.123],[81.625,25.12],[81.623,25.111],[81.632,25.103],[81.615,25.094],[81.609,25.085],[81.594,25.08],[81.61,25.065],[81.603,25.064],[81.604,25.061],[81.622,25.057],[81.659,25.08],[81.662,25.065],[81.676,25.066],[81.683,25.057],[81.682,25.044],[81.705,25.038],[81.713,25.04],[81.716,25.053],[81.732,25.049],[81.738,25.039],[81.789,25.01],[81.829,25.019],[81.846,25.007],[81.881,24.999],[81.886,24.993],[81.894,25.003],[81.889,25.013],[81.898,25.01],[81.895,24.987],[81.902,24.983],[81.898,24.975],[81.904,24.942],[81.912,24.931],[81.896,24.893],[81.903,24.884],[81.928,24.873],[81.927,24.861],[81.959,24.831],[81.968,24.844],[82.005,24.851],[82.024,24.845],[82.037,24.833],[82.082,24.822],[82.105,24.806],[82.112,24.792],[82.126,24.794],[82.132,24.804],[82.159,24.792],[82.173,24.801],[82.163,24.805],[82.196,24.825],[82.179,24.805],[82.189,24.798],[82.209,24.798],[82.205,24.786],[82.209,24.781],[82.189,24.782],[82.196,24.764],[82.191,24.753],[82.173,24.74],[82.189,24.744],[82.203,24.741],[82.214,24.729],[82.213,24.744],[82.199,24.752],[82.209,24.76],[82.223,24.752],[82.221,24.767],[82.238,24.754],[82.244,24.776],[82.25,24.756],[82.241,24.738],[82.243,24.702],[82.229,24.691],[82.23,24.67],[82.235,24.666],[82.236,24.676],[82.248,24.676],[82.253,24.666],[82.267,24.678],[82.258,24.682],[82.263,24.686],[82.279,24.681],[82.285,24.67],[82.296,24.67],[82.292,24.665],[82.298,24.657],[82.294,24.614],[82.309,24.613],[82.33,24.624],[82.346,24.619],[82.351,24.608],[82.361,24.602],[82.409,24.598],[82.415,24.606],[82.406,24.618],[82.404,24.636],[82.412,24.658],[82.402,24.684],[82.42,24.705],[82.432,24.706],[82.448,24.691],[82.445,24.68],[82.449,24.678],[82.477,24.684],[82.487,24.676],[82.518,24.678],[82.529,24.652],[82.574,24.663],[82.588,24.674],[82.636,24.688],[82.658,24.7],[82.666,24.7],[82.696,24.676],[82.695,24.644],[82.763,24.646],[82.768,24.611],[82.76,24.6],[82.796,24.6],[82.801,24.553],[82.746,24.542],[82.741,24.555],[82.734,24.552],[82.713,24.556],[82.716,24.513],[82.737,24.5],[82.734,24.487],[82.724,24.476],[82.731,24.47],[82.725,24.445],[82.727,24.434],[82.733,24.433],[82.726,24.426],[82.72,24.43],[82.707,24.385],[82.718,24.371],[82.747,24.373],[82.754,24.38],[82.761,24.373],[82.764,24.292],[82.751,24.268],[82.75,24.236],[82.727,24.223],[82.736,24.168],[82.723,24.157],[82.72,24.139],[82.688,24.144],[82.679,24.157],[82.671,24.158],[82.657,24.135],[82.664,24.124],[82.701,24.097],[82.708,24.081],[82.726,24.083],[82.741,24.075],[82.748,24.081],[82.755,24.073],[82.761,24.08],[82.766,24.078],[82.756,24.044],[82.74,24.031],[82.742,24.021],[82.752,24.008],[82.797,24.005],[82.801,24.001],[82.799,23.971],[82.808,23.963],[82.821,23.965],[82.849,23.947],[82.863,23.926],[82.881,23.91],[82.923,23.893],[82.939,23.876],[82.954,23.873],[83.036,23.883],[83.061,23.875],[83.087,23.878],[83.127,23.89],[83.145,23.91],[83.19,23.921],[83.191,23.933],[83.202,23.941],[83.211,23.96],[83.208,23.973],[83.216,23.989],[83.237,24.001],[83.235,24.007],[83.242,24.014],[83.259,24.012],[83.276,24.023],[83.277,24.05],[83.289,24.073],[83.311,24.093],[83.315,24.107],[83.324,24.101],[83.339,24.11],[83.349,24.126],[83.378,24.201],[83.377,24.236],[83.393,24.247],[83.402,24.266],[83.401,24.285],[83.396,24.293],[83.381,24.3],[83.376,24.315],[83.403,24.337],[83.427,24.34],[83.441,24.361],[83.451,24.365],[83.43,24.404],[83.412,24.41],[83.4,24.409],[83.401,24.437],[83.39,24.438],[83.381,24.456],[83.393,24.48],[83.393,24.501],[83.498,24.527],[83.493,24.542],[83.517,24.549],[83.525,24.567],[83.525,24.585],[83.517,24.603],[83.541,24.626],[83.521,24.63],[83.524,24.644],[83.516,24.643],[83.498,24.652],[83.499,24.668],[83.514,24.681],[83.492,24.705],[83.481,24.706],[83.48,24.738],[83.453,24.733],[83.419,24.77],[83.387,24.784],[83.396,24.811],[83.39,24.833],[83.368,24.863],[83.354,24.871],[83.364,24.879],[83.355,24.886],[83.36,24.892],[83.351,24.903],[83.358,24.914],[83.357,24.955],[83.338,24.964],[83.346,24.992],[83.344,25.01],[83.318,25.017],[83.316,25.038],[83.323,25.048],[83.322,25.056],[83.334,25.051],[83.328,25.061],[83.338,25.088],[83.34,25.112],[83.354,25.11],[83.357,25.124],[83.352,25.131],[83.352,25.152],[83.343,25.159],[83.348,25.179],[83.335,25.181],[83.35,25.199],[83.36,25.196],[83.372,25.201],[83.38,25.212],[83.388,25.207],[83.409,25.249],[83.419,25.246],[83.419,25.253],[83.431,25.245],[83.44,25.259],[83.46,25.252],[83.48,25.282],[83.486,25.28],[83.491,25.287],[83.498,25.283],[83.503,25.29],[83.511,25.288],[83.518,25.293],[83.518,25.302],[83.526,25.3],[83.545,25.31],[83.533,25.313],[83.539,25.318],[83.564,25.316],[83.564,25.308],[83.588,25.326],[83.607,25.332],[83.622,25.33],[83.63,25.343],[83.643,25.341],[83.65,25.368],[83.659,25.363],[83.66,25.371],[83.669,25.364],[83.689,25.371],[83.675,25.378],[83.689,25.386],[83.695,25.396],[83.704,25.386],[83.715,25.399],[83.727,25.399],[83.733,25.411],[83.738,25.401],[83.751,25.405],[83.758,25.401],[83.75,25.392],[83.762,25.388],[83.763,25.399],[83.782,25.399],[83.799,25.411],[83.805,25.425],[83.794,25.432],[83.838,25.437],[83.833,25.45],[83.806,25.454],[83.81,25.466],[83.815,25.468],[83.829,25.461],[83.851,25.474],[83.855,25.485],[83.867,25.493],[83.873,25.52],[83.896,25.528],[83.917,25.558],[83.944,25.567],[84.014,25.616],[84.077,25.638],[84.08,25.653],[84.07,25.696],[84.094,25.72],[84.123,25.724],[84.135,25.732],[84.137,25.724],[84.127,25.719],[84.136,25.717],[84.145,25.721],[84.148,25.731],[84.194,25.703],[84.203,25.67],[84.217,25.664],[84.286,25.662],[84.293,25.669],[84.284,25.677],[84.313,25.669],[84.319,25.672],[84.324,25.733],[84.331,25.745],[84.354,25.744],[84.37,25.736],[84.368,25.742],[84.38,25.749],[84.389,25.744],[84.381,25.734],[84.394,25.729],[84.402,25.7],[84.424,25.695],[84.424,25.712],[84.449,25.714],[84.463,25.699],[84.46,25.691],[84.467,25.686],[84.489,25.691],[84.488,25.678],[84.506,25.682],[84.516,25.678],[84.525,25.684],[84.528,25.715],[84.536,25.726],[84.531,25.693],[84.552,25.684],[84.559,25.701],[84.556,25.736],[84.596,25.739],[84.631,25.728],[84.622,25.747],[84.601,25.761],[84.603,25.772],[84.61,25.777],[84.621,25.772],[84.62,25.794],[84.557,25.838],[84.547,25.841],[84.544,25.83],[84.527,25.834],[84.526,25.855],[84.52,25.861],[84.541,25.862],[84.529,25.878],[84.507,25.872],[84.485,25.889],[84.467,25.884],[84.461,25.889],[84.423,25.892],[84.408,25.931],[84.386,25.938],[84.351,25.959],[84.296,25.947],[84.235,25.986],[84.202,26.001],[84.192,25.99],[84.172,25.999],[84.166,25.992],[84.167,26.025],[84.137,26.047],[84.116,26.075],[84.091,26.097],[84.049,26.1],[84.042,26.112],[84.042,26.132],[84.018,26.145],[84.027,26.153],[84.028,26.163],[84.014,26.167],[84.003,26.178],[84.002,26.19],[84.009,26.2],[84.024,26.201],[84.019,26.209],[84.024,26.22],[84.009,26.224],[84.006,26.234],[84.021,26.242],[84.049,26.226],[84.079,26.221],[84.08,26.232],[84.091,26.234],[84.092,26.24],[84.11,26.242],[84.113,26.262],[84.141,26.258],[84.145,26.262],[84.157,26.244],[84.155,26.258],[84.171,26.268],[84.169,26.293],[84.182,26.317],[84.167,26.338],[84.171,26.374],[84.092,26.39],[84.072,26.384],[84.062,26.39],[84.055,26.402],[84.031,26.413],[84.011,26.448],[84.002,26.444],[83.99,26.448],[83.982,26.435],[83.946,26.438],[83.902,26.45],[83.907,26.5],[83.902,26.518],[83.935,26.524],[83.946,26.518],[83.946,26.51],[83.963,26.509],[83.974,26.532],[84.001,26.525],[84.048,26.543],[84.049,26.562],[84.083,26.6],[84.082,26.643],[84.104,26.633],[84.106,26.637],[84.152,26.639],[84.149,26.628],[84.202,26.624],[84.231,26.61],[84.259,26.607],[84.272,26.599],[84.279,26.607],[84.295,26.607],[84.297,26.616],[84.303,26.617],[84.325,26.615],[84.351,26.62],[84.371,26.615],[84.379,26.622],[84.414,26.627],[84.405,26.643],[84.402,26.671],[84.367,26.679],[84.35,26.681],[84.337,26.681],[84.323,26.688],[84.319,26.716],[84.306,26.738],[84.298,26.753],[84.279,26.751],[84.267,26.742],[84.255,26.739],[84.254,26.734],[84.242,26.731],[84.225,26.757],[84.241,26.775],[84.248,26.793],[84.252,26.809],[84.249,26.821],[84.243,26.822],[84.251,26.831],[84.25,26.838],[84.246,26.859],[84.235,26.864],[84.222,26.87],[84.209,26.871],[84.176,26.853],[84.175,26.846],[84.175,26.836],[84.169,26.835],[84.151,26.839],[84.132,26.856],[84.132,26.871],[84.139,26.874],[84.141,26.884],[84.141,26.888],[84.13,26.885],[84.101,26.901],[84.1,26.888],[84.093,26.878],[84.088,26.882],[84.086,26.885],[84.076,26.879],[84.059,26.891],[84.052,26.892],[84.049,26.9],[84.051,26.902],[84.045,26.905],[84.042,26.909],[84.049,26.915],[84.045,26.93],[84.037,26.933],[84.036,26.941],[84.03,26.94],[84.025,26.943],[84.032,26.949],[84.035,26.949],[84.039,26.958],[84.047,26.962],[84.046,26.968],[84.041,26.968],[84.043,26.98],[84.036,26.984],[84.05,26.991],[84.043,27.003],[84.03,27.012],[84.04,27.035],[84.041,27.045],[84.036,27.047],[84.024,27.045],[83.995,27.061],[83.991,27.069],[84.006,27.072],[84.017,27.084],[84.019,27.093],[84.014,27.1],[84.005,27.104],[83.978,27.093],[83.948,27.086],[83.941,27.09],[83.94,27.102],[83.941,27.12],[83.951,27.126],[83.954,27.132],[83.951,27.141],[83.968,27.166],[83.984,27.179],[83.985,27.182],[83.977,27.203],[83.962,27.214],[83.963,27.221],[83.962,27.228],[83.948,27.238],[83.908,27.248],[83.902,27.252],[83.896,27.277],[83.922,27.296],[83.924,27.316],[83.908,27.33],[83.894,27.329],[83.859,27.312],[83.851,27.312],[83.843,27.321],[83.831,27.321],[83.829,27.327],[83.849,27.336],[83.859,27.351],[83.833,27.37],[83.617,27.469],[83.391,27.479],[83.391,27.471],[83.405,27.466],[83.404,27.457],[83.398,27.446],[83.386,27.442],[83.387,27.435],[83.412,27.413],[83.387,27.39],[83.39,27.376],[83.377,27.37],[83.376,27.357],[83.36,27.35],[83.361,27.343],[83.338,27.333],[83.32,27.337],[83.32,27.33],[83.307,27.331],[83.275,27.353],[83.268,27.365],[83.274,27.383],[83.219,27.418],[83.19,27.454],[83.167,27.458],[83.036,27.449],[82.956,27.468],[82.932,27.501],[82.837,27.502],[82.804,27.496],[82.737,27.503],[82.74,27.518],[82.745,27.517],[82.744,27.521],[82.751,27.523],[82.74,27.552],[82.749,27.555],[82.746,27.561],[82.753,27.565],[82.75,27.572],[82.758,27.587],[82.737,27.609],[82.739,27.622],[82.733,27.624],[82.739,27.626],[82.74,27.641],[82.73,27.645],[82.733,27.649],[82.728,27.658],[82.714,27.665],[82.72,27.687],[82.708,27.703],[82.71,27.722],[82.707,27.716],[82.701,27.722],[82.683,27.714],[82.668,27.715],[82.666,27.722],[82.657,27.713],[82.63,27.711],[82.621,27.702],[82.607,27.706],[82.596,27.697],[82.587,27.698],[82.543,27.686],[82.518,27.69],[82.492,27.681],[82.484,27.683],[82.475,27.676],[82.451,27.679],[82.404,27.703],[82.369,27.742],[82.306,27.772],[82.232,27.821],[82.21,27.843],[82.156,27.866],[82.152,27.858],[82.125,27.865],[82.07,27.923],[81.97,27.929],[81.927,27.875],[81.928,27.86],[81.904,27.854],[81.887,27.857],[81.835,27.897],[81.807,27.903],[81.704,27.987],[81.645,27.994],[81.626,28.001],[81.619,28.01],[81.48,28.083],[81.486,28.118],[81.452,28.141],[81.446,28.162],[81.412,28.175],[81.377,28.177],[81.369,28.166],[81.38,28.155],[81.373,28.142],[81.336,28.14],[81.32,28.133],[81.32,28.145],[81.33,28.148],[81.322,28.16],[81.312,28.156],[81.304,28.167],[81.323,28.169],[81.322,28.197],[81.235,28.289],[81.236,28.325],[81.212,28.361],[81.082,28.385],[81.037,28.413],[81.034,28.399],[81.019,28.416],[81.036,28.428],[81.031,28.438],[81.021,28.432],[81.015,28.438],[81.019,28.452],[81.001,28.454],[80.991,28.442],[80.98,28.443],[80.981,28.434],[80.967,28.438],[80.967,28.445],[80.982,28.455],[80.969,28.457],[80.966,28.45],[80.953,28.447],[80.953,28.456],[80.934,28.459],[80.947,28.466],[80.944,28.468],[80.933,28.458],[80.919,28.46],[80.916,28.468],[80.917,28.458],[80.907,28.466],[80.903,28.486],[80.91,28.498],[80.878,28.51],[80.863,28.504],[80.867,28.489],[80.857,28.497],[80.846,28.495],[80.817,28.521],[80.791,28.524],[80.786,28.529],[80.792,28.544],[80.771,28.55],[80.77,28.566],[80.74,28.574],[80.74,28.566],[80.726,28.575],[80.716,28.568],[80.692,28.587],[80.697,28.603],[80.679,28.604],[80.681,28.62],[80.672,28.628],[80.669,28.642],[80.653,28.634],[80.643,28.643],[80.635,28.637],[80.613,28.639],[80.608,28.652],[80.591,28.648],[80.599,28.656],[80.582,28.661],[80.592,28.68],[80.57,28.688],[80.542,28.691],[80.505,28.665],[80.523,28.577],[80.532,28.573],[80.524,28.553],[80.519,28.552],[80.508,28.568],[80.483,28.585],[80.47,28.583],[80.473,28.591],[80.466,28.615],[80.453,28.629],[80.416,28.639],[80.378,28.628],[80.361,28.637],[80.362,28.645],[80.328,28.666],[80.319,28.7],[80.295,28.711],[80.279,28.71],[80.258,28.729],[80.267,28.744],[80.252,28.758],[80.218,28.755],[80.173,28.782],[80.12,28.829],[80.077,28.824],[80.072,28.83],[80.058,28.835],[80.026,28.8],[80.04,28.783],[80.035,28.763],[79.988,28.717],[79.953,28.718],[79.93,28.727],[79.922,28.733],[79.918,28.752],[79.91,28.763],[79.899,28.774],[79.892,28.781],[79.889,28.786],[79.901,28.799],[79.895,28.801],[79.88,28.797],[79.867,28.796],[79.846,28.805],[79.841,28.809],[79.846,28.821],[79.854,28.821],[79.871,28.816],[79.875,28.821],[79.875,28.83],[79.856,28.839],[79.849,28.845],[79.824,28.845],[79.813,28.83],[79.815,28.819],[79.816,28.812],[79.811,28.811],[79.805,28.809],[79.803,28.806],[79.783,28.805],[79.782,28.813],[79.789,28.82],[79.795,28.815],[79.798,28.821],[79.801,28.83],[79.799,28.836],[79.794,28.843],[79.798,28.846],[79.795,28.853],[79.8,28.854],[79.809,28.859],[79.809,28.863],[79.806,28.869],[79.795,28.87],[79.791,28.877],[79.774,28.892],[79.762,28.89]]]},"properties":{"ID_0":105,"ISO":"IND","NAME_0":"India","ID_1":33,"NAME_1":"Uttar Pradesh"}},
{"type":"Feature","geometry":{"type":"Polygon","coordinates":[[[80.072,28.83],[80.066,28.837],[80.06,28.916],[80.102,28.986],[80.12,28.982],[80.129,29.006],[80.137,29.007],[80.126,29.013],[80.138,29.059],[80.13,29.061],[80.146,29.103],[80.186,29.137],[80.211,29.122],[80.235,29.118],[80.256,29.138],[80.273,29.142],[80.26,29.166],[80.26,29.187],[80.242,29.203],[80.25,29.221],[80.259,29.218],[80.263,29.207],[80.277,29.207],[80.286,29.197],[80.295,29.198],[80.299,29.205],[80.292,29.232],[80.302,29.242],[80.306,29.285],[80.32,29.302],[80.318,29.316],[80.311,29.322],[80.299,29.324],[80.281,29.348],[80.281,29.36],[80.273,29.364],[80.273,29.373],[80.281,29.379],[80.275,29.386],[80.277,29.392],[80.243,29.412],[80.249,29.432],[80.245,29.445],[80.26,29.452],[80.276,29.449],[80.271,29.455],[80.277,29.458],[80.282,29.458],[80.282,29.451],[80.304,29.453],[80.288,29.477],[80.301,29.491],[80.315,29.485],[80.315,29.498],[80.351,29.519],[80.36,29.532],[80.343,29.542],[80.344,29.553],[80.366,29.557],[80.365,29.564],[80.381,29.561],[80.381,29.572],[80.39,29.572],[80.393,29.582],[80.409,29.595],[80.407,29.613],[80.413,29.625],[80.423,29.63],[80.422,29.639],[80.416,29.644],[80.416,29.654],[80.4,29.659],[80.386,29.675],[80.374,29.715],[80.377,29.72],[80.368,29.725],[80.37,29.751],[80.387,29.75],[80.387,29.759],[80.399,29.759],[80.409,29.794],[80.415,29.792],[80.438,29.806],[80.449,29.799],[80.466,29.802],[80.481,29.796],[80.497,29.797],[80.499,29.811],[80.509,29.823],[80.523,29.827],[80.541,29.847],[80.555,29.849],[80.553,29.856],[80.563,29.866],[80.559,29.871],[80.574,29.894],[80.576,29.923],[80.605,29.959],[80.632,29.965],[80.65,29.956],[80.678,29.958],[80.721,30],[80.74,30],[80.749,30.007],[80.759,30.024],[80.757,30.039],[80.763,30.049],[80.781,30.057],[80.817,30.096],[80.839,30.098],[80.847,30.102],[80.847,30.116],[80.879,30.129],[80.873,30.161],[80.865,30.169],[80.882,30.181],[80.886,30.194],[80.912,30.223],[80.929,30.236],[80.978,30.238],[80.99,30.247],[81.019,30.237],[81.02,30.253],[80.994,30.27],[80.917,30.288],[80.811,30.32],[80.776,30.343],[80.757,30.379],[80.737,30.398],[80.666,30.443],[80.638,30.45],[80.584,30.487],[80.566,30.489],[80.556,30.467],[80.535,30.464],[80.526,30.454],[80.506,30.469],[80.49,30.489],[80.457,30.494],[80.424,30.506],[80.401,30.531],[80.381,30.524],[80.368,30.527],[80.316,30.554],[80.306,30.568],[80.278,30.574],[80.268,30.574],[80.261,30.567],[80.253,30.575],[80.24,30.565],[80.216,30.579],[80.206,30.597],[80.212,30.615],[80.199,30.623],[80.209,30.645],[80.18,30.67],[80.186,30.682],[80.22,30.697],[80.237,30.738],[80.224,30.764],[80.213,30.766],[80.207,30.758],[80.19,30.764],[80.185,30.787],[80.157,30.813],[80.14,30.811],[80.138,30.797],[80.103,30.78],[80.074,30.8],[80.069,30.819],[80.05,30.833],[80.044,30.844],[80.018,30.847],[79.996,30.866],[79.96,30.886],[79.942,30.892],[79.915,30.892],[79.898,30.922],[79.875,30.93],[79.871,30.949],[79.855,30.979],[79.83,30.984],[79.805,30.978],[79.76,30.993],[79.742,31.007],[79.725,30.991],[79.705,30.983],[79.654,30.986],[79.649,30.971],[79.616,30.962],[79.587,30.943],[79.576,30.954],[79.554,30.959],[79.531,30.974],[79.538,30.991],[79.519,30.993],[79.522,31.008],[79.505,31.024],[79.501,31.039],[79.413,31.038],[79.408,31.073],[79.402,31.08],[79.392,31.08],[79.382,31.118],[79.325,31.13],[79.319,31.139],[79.309,31.14],[79.285,31.17],[79.282,31.181],[79.288,31.196],[79.273,31.231],[79.263,31.245],[79.243,31.247],[79.234,31.254],[79.234,31.269],[79.249,31.295],[79.221,31.319],[79.222,31.337],[79.188,31.36],[79.163,31.399],[79.129,31.439],[79.076,31.458],[79.057,31.472],[79.048,31.47],[79.037,31.457],[79.034,31.428],[79.007,31.401],[78.99,31.362],[78.937,31.342],[78.925,31.332],[78.917,31.267],[78.907,31.259],[78.916,31.225],[78.935,31.222],[78.936,31.206],[78.946,31.194],[78.975,31.178],[78.976,31.151],[78.989,31.137],[78.997,31.115],[78.966,31.115],[78.942,31.105],[78.92,31.108],[78.913,31.116],[78.904,31.115],[78.897,31.106],[78.871,31.107],[78.819,31.147],[78.812,31.169],[78.798,31.183],[78.803,31.199],[78.795,31.205],[78.758,31.195],[78.707,31.195],[78.66,31.203],[78.648,31.195],[78.634,31.222],[78.595,31.236],[78.567,31.234],[78.537,31.207],[78.47,31.204],[78.467,31.221],[78.444,31.244],[78.419,31.26],[78.414,31.251],[78.398,31.248],[78.381,31.281],[78.373,31.279],[78.369,31.288],[78.356,31.291],[78.317,31.285],[78.298,31.288],[78.293,31.266],[78.269,31.271],[78.233,31.235],[78.207,31.237],[78.2,31.226],[78.188,31.222],[78.171,31.232],[78.148,31.232],[78.135,31.216],[78.119,31.214],[78.088,31.191],[78.054,31.193],[78.03,31.185],[78.016,31.172],[78.014,31.155],[77.993,31.167],[77.969,31.165],[77.955,31.179],[77.915,31.157],[77.887,31.155],[77.879,31.125],[77.852,31.111],[77.843,31.081],[77.825,31.074],[77.815,31.061],[77.801,31.062],[77.822,31.03],[77.819,31.016],[77.825,31.008],[77.81,31.005],[77.814,30.999],[77.796,30.97],[77.805,30.961],[77.819,30.96],[77.817,30.954],[77.802,30.955],[77.764,30.977],[77.754,30.977],[77.735,30.96],[77.737,30.94],[77.746,30.934],[77.746,30.922],[77.796,30.924],[77.801,30.913],[77.784,30.888],[77.789,30.859],[77.765,30.865],[77.755,30.882],[77.745,30.881],[77.742,30.864],[77.731,30.851],[77.744,30.83],[77.719,30.808],[77.705,30.779],[77.688,30.769],[77.692,30.748],[77.72,30.738],[77.741,30.711],[77.733,30.686],[77.766,30.665],[77.779,30.664],[77.768,30.651],[77.775,30.637],[77.771,30.628],[77.782,30.619],[77.757,30.62],[77.754,30.601],[77.735,30.608],[77.73,30.598],[77.744,30.59],[77.762,30.563],[77.778,30.557],[77.803,30.564],[77.811,30.533],[77.799,30.511],[77.768,30.504],[77.721,30.478],[77.711,30.477],[77.679,30.452],[77.64,30.452],[77.631,30.436],[77.604,30.437],[77.581,30.43],[77.563,30.417],[77.563,30.404],[77.578,30.412],[77.586,30.408],[77.609,30.41],[77.622,30.405],[77.634,30.411],[77.661,30.393],[77.664,30.384],[77.673,30.386],[77.711,30.339],[77.751,30.325],[77.812,30.291],[77.861,30.271],[77.874,30.274],[77.896,30.266],[77.931,30.247],[77.918,30.225],[77.903,30.213],[77.896,30.186],[77.865,30.155],[77.839,30.112],[77.813,30.09],[77.794,30.101],[77.786,30.1],[77.758,30.048],[77.773,30.033],[77.772,30.026],[77.749,30.014],[77.741,29.994],[77.73,29.987],[77.745,29.968],[77.718,29.935],[77.729,29.929],[77.733,29.913],[77.711,29.888],[77.703,29.89],[77.702,29.872],[77.713,29.856],[77.73,29.853],[77.729,29.838],[77.742,29.825],[77.742,29.81],[77.765,29.785],[77.761,29.753],[77.769,29.735],[77.758,29.716],[77.795,29.7],[77.789,29.686],[77.793,29.682],[77.829,29.669],[77.854,29.689],[77.87,29.694],[77.874,29.702],[77.91,29.699],[77.906,29.704],[77.927,29.715],[77.941,29.715],[77.952,29.705],[77.942,29.702],[77.943,29.692],[77.962,29.67],[77.972,29.676],[77.965,29.655],[77.977,29.642],[77.973,29.632],[77.977,29.614],[77.962,29.61],[77.952,29.616],[77.947,29.59],[77.953,29.585],[77.973,29.583],[77.984,29.588],[77.977,29.558],[77.988,29.546],[77.994,29.555],[78.037,29.553],[78.043,29.572],[78.037,29.581],[78.044,29.593],[78.059,29.602],[78.082,29.602],[78.091,29.625],[78.134,29.659],[78.139,29.676],[78.166,29.68],[78.182,29.692],[78.194,29.71],[78.221,29.718],[78.231,29.704],[78.303,29.758],[78.332,29.796],[78.386,29.774],[78.413,29.772],[78.432,29.758],[78.488,29.741],[78.507,29.691],[78.512,29.651],[78.527,29.624],[78.605,29.562],[78.64,29.548],[78.693,29.509],[78.739,29.505],[78.766,29.484],[78.786,29.476],[78.866,29.46],[78.9,29.456],[78.92,29.46],[78.923,29.456],[78.9,29.447],[78.896,29.424],[78.87,29.392],[78.863,29.395],[78.857,29.386],[78.833,29.381],[78.836,29.371],[78.829,29.368],[78.814,29.37],[78.811,29.38],[78.815,29.385],[78.809,29.383],[78.797,29.356],[78.79,29.352],[78.798,29.338],[78.789,29.329],[78.781,29.332],[78.782,29.346],[78.766,29.341],[78.757,29.35],[78.742,29.333],[78.728,29.334],[78.727,29.317],[78.714,29.317],[78.761,29.293],[78.767,29.286],[78.759,29.287],[78.782,29.271],[78.786,29.273],[78.787,29.265],[78.8,29.258],[78.814,29.252],[78.831,29.261],[78.842,29.254],[78.853,29.261],[78.871,29.241],[78.87,29.229],[78.883,29.225],[78.892,29.215],[78.888,29.21],[78.899,29.203],[78.894,29.196],[78.906,29.18],[78.905,29.163],[78.895,29.157],[78.9,29.151],[78.914,29.149],[78.924,29.157],[78.944,29.15],[78.962,29.167],[78.979,29.155],[78.984,29.137],[78.993,29.134],[79.001,29.117],[79.007,29.121],[79.017,29.118],[79.031,29.13],[79.009,29.136],[79.011,29.157],[79.026,29.15],[79.028,29.161],[79.022,29.167],[79.027,29.172],[79.034,29.171],[79.046,29.155],[79.073,29.152],[79.101,29.132],[79.118,29.134],[79.131,29.129],[79.142,29.12],[79.144,29.107],[79.135,29.082],[79.137,29.069],[79.144,29.06],[79.165,29.051],[79.154,29.033],[79.158,29.023],[79.169,29.016],[79.185,29.018],[79.183,29.024],[79.198,29.022],[79.204,29.029],[79.238,29.007],[79.239,29],[79.279,28.965],[79.299,28.953],[79.307,28.958],[79.352,28.952],[79.36,28.97],[79.377,28.937],[79.389,28.938],[79.401,28.932],[79.396,28.885],[79.411,28.856],[79.424,28.855],[79.433,28.862],[79.46,28.859],[79.477,28.867],[79.507,28.863],[79.536,28.893],[79.554,28.879],[79.548,28.854],[79.551,28.846],[79.577,28.85],[79.592,28.867],[79.614,28.869],[79.654,28.849],[79.666,28.848],[79.673,28.858],[79.684,28.857],[79.688,28.868],[79.705,28.87],[79.712,28.881],[79.74,28.883],[79.75,28.893],[79.762,28.89],[79.774,28.892],[79.791,28.877],[79.795,28.87],[79.806,28.869],[79.809,28.863],[79.809,28.859],[79.8,28.854],[79.795,28.853],[79.798,28.846],[79.794,28.843],[79.799,28.836],[79.801,28.83],[79.798,28.821],[79.795,28.815],[79.789,28.82],[79.782,28.813],[79.783,28.805],[79.803,28.806],[79.805,28.809],[79.811,28.811],[79.816,28.812],[79.815,28.819],[79.813,28.83],[79.824,28.845],[79.849,28.845],[79.856,28.839],[79.875,28.83],[79.875,28.821],[79.871,28.816],[79.854,28.821],[79.846,28.821],[79.841,28.809],[79.846,28.805],[79.867,28.796],[79.88,28.797],[79.895,28.801],[79.901,28.799],[79.889,28.786],[79.892,28.781],[79.899,28.774],[79.91,28.763],[79.918,28.752],[79.922,28.733],[79.93,28.727],[79.953,28.718],[79.988,28.717],[80.035,28.763],[80.04,28.783],[80.026,28.8],[80.058,28.835],[80.072,28.83]]]},"properties":{"ID_0":105,"ISO":"IND","NAME_0":"India","ID_1":34,"NAME_1":"Uttaranchal"}},
{"type":"Feature","geometry":{"type":"MultiPolygon","coordinates":[[[[88.019,21.573],[88.016,21.582],[88.021,21.567],[88.019,21.573]]],[[[88.498,21.6],[88.486,21.588],[88.482,21.555],[88.504,21.544],[88.51,21.558],[88.503,21.565],[88.512,21.558],[88.506,21.541],[88.531,21.542],[88.534,21.578],[88.498,21.6]]],[[[88.178,21.601],[88.17,21.6],[88.168,21.592],[88.174,21.567],[88.187,21.56],[88.189,21.582],[88.179,21.589],[88.178,21.601]]],[[[88.835,21.607],[88.828,21.577],[88.843,21.554],[88.875,21.549],[88.895,21.55],[88.904,21.556],[88.894,21.578],[88.876,21.592],[88.846,21.599],[88.835,21.607]]],[[[88.729,21.637],[88.721,21.638],[88.713,21.625],[88.707,21.594],[88.714,21.578],[88.736,21.572],[88.747,21.577],[88.748,21.591],[88.757,21.599],[88.736,21.611],[88.729,21.637]]],[[[88.537,21.639],[88.524,21.653],[88.52,21.644],[88.524,21.626],[88.51,21.602],[88.537,21.588],[88.557,21.604],[88.556,21.599],[88.537,21.587],[88.544,21.567],[88.55,21.564],[88.576,21.574],[88.586,21.588],[88.588,21.602],[88.572,21.623],[88.537,21.639]]],[[[88.772,21.653],[88.765,21.655],[88.749,21.646],[88.736,21.645],[88.73,21.64],[88.736,21.612],[88.758,21.6],[88.749,21.589],[88.752,21.577],[88.788,21.581],[88.798,21.592],[88.794,21.6],[88.782,21.596],[88.791,21.602],[88.774,21.62],[88.772,21.653]]],[[[88.966,21.642],[88.962,21.649],[88.962,21.664],[88.955,21.677],[88.94,21.647],[88.942,21.64],[88.959,21.622],[88.956,21.618],[88.991,21.615],[88.995,21.626],[88.991,21.644],[88.987,21.645],[88.97,21.64],[88.966,21.642]]],[[[88.634,21.657],[88.64,21.679],[88.63,21.665],[88.63,21.649],[88.634,21.657]]],[[[88.577,21.692],[88.568,21.69],[88.571,21.666],[88.554,21.64],[88.592,21.618],[88.606,21.624],[88.594,21.654],[88.586,21.658],[88.577,21.692]]],[[[88.592,21.694],[88.588,21.702],[88.592,21.691],[88.58,21.683],[88.589,21.657],[88.604,21.671],[88.606,21.68],[88.592,21.694]]],[[[88.984,21.706],[88.973,21.697],[88.951,21.701],[88.963,21.663],[88.964,21.646],[88.968,21.642],[88.983,21.646],[88.992,21.644],[89,21.602],[89.029,21.605],[89.037,21.618],[89.022,21.636],[89.023,21.654],[88.996,21.649],[88.988,21.653],[88.987,21.665],[88.994,21.674],[88.99,21.701],[88.984,21.706]]],[[[88.807,21.707],[88.765,21.693],[88.758,21.683],[88.745,21.682],[88.741,21.689],[88.731,21.685],[88.759,21.663],[88.771,21.666],[88.785,21.66],[88.794,21.664],[88.787,21.659],[88.797,21.655],[88.807,21.666],[88.807,21.707]]],[[[88.311,21.706],[88.3,21.704],[88.316,21.678],[88.316,21.661],[88.306,21.629],[88.308,21.611],[88.315,21.608],[88.338,21.622],[88.35,21.643],[88.358,21.648],[88.346,21.653],[88.351,21.678],[88.346,21.689],[88.329,21.705],[88.311,21.706]]],[[[88.454,21.709],[88.437,21.706],[88.42,21.69],[88.419,21.683],[88.421,21.651],[88.438,21.633],[88.442,21.615],[88.454,21.624],[88.466,21.676],[88.466,21.667],[88.471,21.673],[88.454,21.709]]],[[[88.697,21.713],[88.687,21.683],[88.698,21.67],[88.71,21.663],[88.724,21.638],[88.736,21.645],[88.749,21.647],[88.75,21.651],[88.707,21.682],[88.697,21.713]]],[[[88.205,21.721],[88.188,21.708],[88.181,21.686],[88.195,21.633],[88.212,21.602],[88.212,21.621],[88.232,21.644],[88.226,21.67],[88.204,21.673],[88.196,21.682],[88.198,21.694],[88.217,21.701],[88.205,21.721]]],[[[89.059,21.722],[89.024,21.717],[89.022,21.71],[89.01,21.705],[89.022,21.7],[89.025,21.695],[89.026,21.688],[89.021,21.662],[89.033,21.655],[89.026,21.658],[89.028,21.635],[89.033,21.634],[89.038,21.641],[89.035,21.633],[89.052,21.618],[89.082,21.627],[89.095,21.644],[89.092,21.666],[89.085,21.678],[89.073,21.69],[89.065,21.689],[89.071,21.702],[89.059,21.722]]],[[[88.978,21.727],[88.971,21.721],[88.993,21.7],[88.996,21.673],[88.99,21.654],[89.008,21.652],[89.018,21.661],[89.024,21.688],[89.02,21.699],[89.009,21.702],[89.008,21.707],[89.021,21.714],[89.015,21.718],[89,21.715],[88.978,21.727]]],[[[88.546,21.736],[88.536,21.733],[88.529,21.72],[88.517,21.711],[88.533,21.669],[88.53,21.653],[88.549,21.636],[88.569,21.669],[88.565,21.703],[88.553,21.703],[88.563,21.706],[88.567,21.702],[88.567,21.693],[88.574,21.694],[88.568,21.71],[88.559,21.713],[88.553,21.723],[88.545,21.72],[88.543,21.724],[88.553,21.724],[88.56,21.713],[88.57,21.711],[88.58,21.685],[88.591,21.691],[88.586,21.699],[88.587,21.709],[88.571,21.733],[88.56,21.729],[88.546,21.736]]],[[[88.883,21.745],[88.872,21.721],[88.873,21.694],[88.883,21.682],[88.888,21.658],[88.905,21.65],[88.921,21.632],[88.936,21.667],[88.94,21.695],[88.919,21.711],[88.912,21.728],[88.883,21.745]]],[[[88.412,21.731],[88.402,21.738],[88.401,21.751],[88.395,21.755],[88.387,21.734],[88.369,21.727],[88.371,21.724],[88.391,21.726],[88.404,21.717],[88.399,21.699],[88.38,21.681],[88.388,21.647],[88.383,21.63],[88.391,21.622],[88.387,21.611],[88.399,21.596],[88.407,21.6],[88.407,21.616],[88.413,21.623],[88.425,21.619],[88.432,21.627],[88.411,21.659],[88.413,21.691],[88.429,21.702],[88.412,21.731]]],[[[88.221,21.762],[88.215,21.755],[88.211,21.726],[88.22,21.7],[88.198,21.689],[88.205,21.676],[88.226,21.675],[88.233,21.668],[88.235,21.635],[88.216,21.616],[88.243,21.597],[88.244,21.568],[88.257,21.56],[88.277,21.559],[88.289,21.567],[88.292,21.563],[88.306,21.58],[88.286,21.604],[88.299,21.647],[88.294,21.649],[88.3,21.649],[88.312,21.672],[88.284,21.708],[88.277,21.726],[88.262,21.73],[88.272,21.754],[88.221,21.762]]],[[[88.927,21.762],[88.922,21.761],[88.931,21.736],[88.923,21.72],[88.95,21.702],[88.973,21.699],[88.983,21.706],[88.971,21.718],[88.969,21.723],[88.987,21.745],[88.969,21.739],[88.963,21.753],[88.927,21.762]]],[[[88.365,21.764],[88.352,21.764],[88.343,21.754],[88.349,21.726],[88.338,21.711],[88.35,21.692],[88.361,21.686],[88.398,21.713],[88.365,21.722],[88.36,21.735],[88.36,21.747],[88.371,21.761],[88.365,21.764]]],[[[89.005,21.765],[89,21.763],[89.002,21.75],[89.016,21.732],[89.017,21.718],[89.031,21.721],[89.03,21.724],[89.034,21.721],[89.059,21.726],[89.037,21.74],[89.025,21.757],[89.005,21.765]]],[[[88.832,21.766],[88.809,21.748],[88.791,21.749],[88.787,21.741],[88.793,21.737],[88.781,21.731],[88.782,21.716],[88.763,21.701],[88.77,21.7],[88.804,21.717],[88.815,21.71],[88.823,21.665],[88.809,21.639],[88.816,21.629],[88.846,21.62],[88.841,21.629],[88.842,21.643],[88.829,21.651],[88.843,21.645],[88.844,21.627],[88.848,21.63],[88.852,21.627],[88.86,21.637],[88.842,21.681],[88.839,21.707],[88.846,21.731],[88.865,21.759],[88.832,21.766]]],[[[88.385,21.764],[88.373,21.764],[88.362,21.748],[88.362,21.732],[88.387,21.741],[88.39,21.759],[88.385,21.764]]],[[[88.201,21.769],[88.194,21.763],[88.196,21.757],[88.202,21.761],[88.201,21.769]]],[[[88.582,21.778],[88.569,21.769],[88.584,21.748],[88.58,21.726],[88.593,21.719],[88.616,21.728],[88.621,21.736],[88.586,21.753],[88.582,21.778]]],[[[88.302,21.725],[88.303,21.756],[88.289,21.778],[88.278,21.728],[88.297,21.706],[88.302,21.71],[88.302,21.725]]],[[[88.505,21.783],[88.506,21.788],[88.501,21.782],[88.505,21.783]]],[[[89,21.785],[88.989,21.789],[88.951,21.758],[88.965,21.753],[88.969,21.741],[88.988,21.747],[88.989,21.74],[88.977,21.729],[89.004,21.716],[89.015,21.719],[89.015,21.726],[89.001,21.746],[88.997,21.766],[89.012,21.78],[89,21.785]]],[[[88.61,21.79],[88.591,21.783],[88.586,21.757],[88.617,21.744],[88.623,21.737],[88.619,21.726],[88.599,21.716],[88.609,21.708],[88.619,21.717],[88.631,21.743],[88.62,21.78],[88.61,21.79]]],[[[88.274,21.791],[88.264,21.792],[88.283,21.769],[88.287,21.784],[88.274,21.791]]],[[[88.459,21.789],[88.446,21.798],[88.439,21.78],[88.423,21.768],[88.427,21.752],[88.423,21.742],[88.43,21.726],[88.426,21.717],[88.433,21.704],[88.441,21.71],[88.456,21.711],[88.457,21.726],[88.467,21.737],[88.475,21.791],[88.469,21.794],[88.464,21.789],[88.459,21.789]]],[[[88.716,21.807],[88.711,21.806],[88.712,21.788],[88.695,21.744],[88.711,21.69],[88.748,21.658],[88.755,21.666],[88.731,21.682],[88.729,21.687],[88.741,21.691],[88.746,21.684],[88.758,21.684],[88.763,21.693],[88.757,21.7],[88.759,21.71],[88.746,21.706],[88.736,21.719],[88.748,21.707],[88.777,21.721],[88.753,21.732],[88.752,21.749],[88.759,21.759],[88.746,21.772],[88.728,21.778],[88.727,21.792],[88.716,21.807]]],[[[88.171,21.809],[88.165,21.8],[88.169,21.791],[88.174,21.8],[88.171,21.809]]],[[[88.545,21.81],[88.519,21.794],[88.504,21.771],[88.504,21.763],[88.521,21.771],[88.535,21.792],[88.525,21.774],[88.504,21.757],[88.519,21.719],[88.527,21.719],[88.534,21.733],[88.542,21.738],[88.554,21.736],[88.561,21.73],[88.573,21.736],[88.562,21.77],[88.572,21.788],[88.561,21.803],[88.545,21.81]]],[[[88.422,21.811],[88.383,21.779],[88.402,21.752],[88.403,21.739],[88.413,21.733],[88.423,21.72],[88.421,21.744],[88.425,21.753],[88.421,21.767],[88.437,21.784],[88.443,21.8],[88.43,21.8],[88.422,21.811]]],[[[89,21.812],[88.995,21.812],[88.99,21.79],[89.013,21.78],[88.999,21.767],[89.014,21.766],[89.024,21.759],[89.014,21.79],[89.016,21.812],[89,21.812]]],[[[88.751,21.795],[88.751,21.814],[88.738,21.798],[88.728,21.794],[88.728,21.78],[88.746,21.772],[88.756,21.78],[88.752,21.788],[88.751,21.795]]],[[[88.828,21.804],[88.831,21.81],[88.822,21.823],[88.784,21.766],[88.791,21.75],[88.81,21.75],[88.83,21.767],[88.821,21.787],[88.828,21.804]]],[[[88.787,21.745],[88.782,21.767],[88.796,21.787],[88.787,21.796],[88.794,21.801],[88.794,21.81],[88.786,21.823],[88.782,21.825],[88.766,21.787],[88.75,21.77],[88.764,21.76],[88.755,21.745],[88.757,21.733],[88.777,21.731],[88.787,21.737],[88.784,21.741],[88.787,21.745]]],[[[88.916,21.826],[88.883,21.808],[88.896,21.788],[88.907,21.794],[88.898,21.787],[88.901,21.777],[88.895,21.756],[88.898,21.752],[88.913,21.755],[88.923,21.788],[88.918,21.792],[88.937,21.817],[88.935,21.823],[88.921,21.823],[88.916,21.826]]],[[[88.182,21.826],[88.178,21.825],[88.186,21.819],[88.182,21.826]]],[[[88.485,21.835],[88.477,21.834],[88.471,21.825],[88.45,21.815],[88.457,21.802],[88.486,21.799],[88.499,21.81],[88.498,21.823],[88.485,21.835]]],[[[88.941,21.847],[88.935,21.846],[88.933,21.837],[88.924,21.836],[88.926,21.824],[88.935,21.824],[88.939,21.817],[88.92,21.792],[88.924,21.788],[88.914,21.756],[88.921,21.766],[88.948,21.764],[88.959,21.771],[88.96,21.776],[88.94,21.782],[88.94,21.793],[88.954,21.808],[88.97,21.803],[88.977,21.821],[88.954,21.825],[88.941,21.847]]],[[[88.592,21.85],[88.583,21.843],[88.576,21.817],[88.589,21.798],[88.614,21.798],[88.607,21.816],[88.618,21.829],[88.606,21.835],[88.603,21.845],[88.592,21.85]]],[[[88.52,21.855],[88.517,21.85],[88.522,21.846],[88.516,21.839],[88.524,21.835],[88.527,21.843],[88.52,21.855]]],[[[88.331,21.861],[88.312,21.854],[88.315,21.845],[88.307,21.83],[88.274,21.819],[88.263,21.811],[88.26,21.804],[88.264,21.794],[88.286,21.789],[88.296,21.774],[88.299,21.784],[88.31,21.784],[88.31,21.793],[88.294,21.803],[88.311,21.796],[88.311,21.783],[88.3,21.782],[88.298,21.777],[88.31,21.734],[88.306,21.715],[88.317,21.709],[88.332,21.71],[88.345,21.722],[88.34,21.74],[88.343,21.76],[88.357,21.767],[88.377,21.767],[88.38,21.787],[88.361,21.797],[88.35,21.826],[88.353,21.854],[88.331,21.861]]],[[[88.856,21.865],[88.837,21.843],[88.841,21.808],[88.835,21.782],[88.864,21.779],[88.876,21.767],[88.88,21.748],[88.913,21.728],[88.921,21.744],[88.916,21.748],[88.898,21.747],[88.891,21.754],[88.898,21.779],[88.882,21.797],[88.877,21.852],[88.857,21.856],[88.856,21.865]]],[[[88.137,21.875],[88.122,21.866],[88.073,21.78],[88.061,21.734],[88.044,21.718],[88.037,21.675],[88.042,21.649],[88.071,21.634],[88.082,21.635],[88.109,21.626],[88.142,21.632],[88.155,21.65],[88.155,21.681],[88.143,21.68],[88.155,21.685],[88.156,21.705],[88.171,21.742],[88.164,21.8],[88.173,21.812],[88.153,21.836],[88.137,21.875]]],[[[88.789,21.879],[88.777,21.867],[88.782,21.86],[88.771,21.853],[88.766,21.829],[88.784,21.826],[88.79,21.821],[88.794,21.813],[88.796,21.802],[88.789,21.796],[88.795,21.791],[88.821,21.825],[88.819,21.852],[88.824,21.85],[88.821,21.84],[88.83,21.862],[88.822,21.871],[88.807,21.867],[88.801,21.868],[88.799,21.871],[88.801,21.878],[88.794,21.866],[88.788,21.864],[88.786,21.868],[88.793,21.874],[88.789,21.879]]],[[[88.979,21.893],[88.969,21.89],[88.979,21.867],[88.965,21.859],[88.95,21.838],[88.957,21.827],[88.978,21.824],[88.977,21.805],[88.968,21.799],[88.954,21.803],[88.943,21.787],[88.971,21.775],[88.985,21.788],[88.994,21.814],[89.014,21.815],[89.009,21.823],[89.017,21.816],[89.03,21.835],[89.027,21.846],[89.007,21.853],[88.997,21.87],[88.989,21.868],[88.998,21.871],[89.009,21.853],[89.025,21.849],[89.031,21.855],[89.029,21.866],[88.979,21.893]]],[[[88.622,21.898],[88.605,21.879],[88.595,21.854],[88.606,21.846],[88.61,21.836],[88.621,21.831],[88.612,21.817],[88.623,21.792],[88.639,21.785],[88.654,21.868],[88.633,21.87],[88.635,21.878],[88.622,21.898]]],[[[88.817,21.901],[88.811,21.896],[88.809,21.883],[88.802,21.878],[88.8,21.871],[88.806,21.868],[88.821,21.872],[88.829,21.865],[88.841,21.887],[88.831,21.897],[88.817,21.901]]],[[[88.562,21.897],[88.541,21.903],[88.55,21.881],[88.541,21.87],[88.543,21.856],[88.531,21.849],[88.534,21.834],[88.551,21.817],[88.554,21.824],[88.55,21.832],[88.555,21.827],[88.563,21.831],[88.573,21.858],[88.576,21.889],[88.571,21.901],[88.562,21.897]]],[[[88.446,21.905],[88.44,21.906],[88.433,21.901],[88.419,21.902],[88.419,21.889],[88.4,21.872],[88.401,21.857],[88.393,21.833],[88.402,21.798],[88.418,21.812],[88.424,21.812],[88.431,21.8],[88.445,21.802],[88.461,21.79],[88.464,21.795],[88.45,21.804],[88.448,21.815],[88.477,21.837],[88.488,21.838],[88.49,21.856],[88.482,21.888],[88.459,21.894],[88.452,21.905],[88.446,21.905]]],[[[88.718,21.907],[88.697,21.849],[88.703,21.858],[88.717,21.856],[88.703,21.856],[88.697,21.838],[88.702,21.824],[88.704,21.829],[88.715,21.827],[88.728,21.837],[88.717,21.826],[88.705,21.828],[88.707,21.811],[88.718,21.808],[88.726,21.794],[88.736,21.798],[88.742,21.809],[88.752,21.815],[88.753,21.789],[88.758,21.781],[88.777,21.822],[88.764,21.829],[88.769,21.853],[88.781,21.859],[88.771,21.876],[88.756,21.88],[88.748,21.896],[88.727,21.899],[88.718,21.907]]],[[[88.107,21.894],[88.113,21.911],[88.104,21.898],[88.109,21.884],[88.112,21.889],[88.107,21.894]]],[[[88.505,21.913],[88.489,21.91],[88.477,21.898],[88.49,21.889],[88.509,21.91],[88.505,21.913]]],[[[88.452,21.906],[88.456,21.914],[88.442,21.909],[88.452,21.906]]],[[[88.64,21.922],[88.623,21.901],[88.636,21.878],[88.634,21.871],[88.653,21.873],[88.668,21.912],[88.64,21.922]]],[[[88.135,21.927],[88.116,21.918],[88.129,21.899],[88.145,21.915],[88.135,21.927]]],[[[88.837,21.918],[88.82,21.928],[88.824,21.916],[88.854,21.889],[88.854,21.87],[88.861,21.865],[88.857,21.859],[88.878,21.854],[88.88,21.821],[88.888,21.812],[88.914,21.827],[88.923,21.824],[88.923,21.836],[88.932,21.838],[88.933,21.846],[88.939,21.85],[88.926,21.851],[88.922,21.854],[88.914,21.861],[88.914,21.879],[88.907,21.879],[88.915,21.881],[88.918,21.861],[88.927,21.852],[88.939,21.854],[88.947,21.841],[88.953,21.851],[88.95,21.864],[88.957,21.87],[88.949,21.884],[88.943,21.885],[88.949,21.887],[88.959,21.87],[88.952,21.864],[88.956,21.854],[88.977,21.868],[88.966,21.89],[88.974,21.898],[88.915,21.928],[88.89,21.915],[88.875,21.917],[88.857,21.911],[88.837,21.918]]],[[[88.724,21.932],[88.717,21.922],[88.719,21.909],[88.729,21.9],[88.749,21.897],[88.758,21.88],[88.772,21.878],[88.776,21.87],[88.786,21.879],[88.791,21.879],[88.794,21.874],[88.787,21.867],[88.79,21.865],[88.797,21.877],[88.808,21.884],[88.809,21.895],[88.814,21.903],[88.799,21.92],[88.787,21.917],[88.756,21.927],[88.736,21.918],[88.724,21.932]]],[[[88.163,21.937],[88.16,21.929],[88.165,21.916],[88.171,21.932],[88.163,21.937]]],[[[88.745,21.98],[88.726,21.979],[88.724,21.974],[88.722,21.943],[88.733,21.925],[88.741,21.922],[88.759,21.931],[88.789,21.92],[88.799,21.926],[88.806,21.936],[88.789,21.941],[88.786,21.953],[88.776,21.941],[88.751,21.955],[88.755,21.975],[88.745,21.98]]],[[[88.759,21.999],[88.758,22.007],[88.742,21.99],[88.743,21.983],[88.753,21.988],[88.759,21.999]]],[[[88.66,22.019],[88.653,22.019],[88.635,21.995],[88.629,21.958],[88.634,21.951],[88.657,21.954],[88.678,21.943],[88.688,21.953],[88.668,21.953],[88.691,21.956],[88.695,21.961],[88.685,21.974],[88.691,21.984],[88.687,21.991],[88.693,21.984],[88.686,21.974],[88.693,21.97],[88.716,22.001],[88.674,22.019],[88.66,22.019]]],[[[88.141,22.026],[88.094,22.011],[88.073,21.995],[88.052,21.948],[88.047,21.912],[88.088,21.933],[88.143,22.021],[88.141,22.026]]],[[[88.813,22.019],[88.801,22.03],[88.78,22.016],[88.762,22.015],[88.762,22.008],[88.772,22.012],[88.761,22.006],[88.76,21.996],[88.754,21.988],[88.777,21.991],[88.79,21.985],[88.782,21.974],[88.8,21.97],[88.782,21.973],[88.783,21.982],[88.774,21.99],[88.753,21.985],[88.75,21.982],[88.757,21.973],[88.752,21.957],[88.776,21.943],[88.787,21.955],[88.791,21.942],[88.825,21.94],[88.85,21.92],[88.888,21.921],[88.904,21.926],[88.908,21.965],[88.904,22.011],[88.875,22.012],[88.866,22.024],[88.848,22.017],[88.813,22.019]]],[[[88.764,22.052],[88.751,22.051],[88.761,22.022],[88.778,22.02],[88.791,22.032],[88.779,22.037],[88.775,22.05],[88.764,22.052]]],[[[88.903,22.045],[88.903,22.05],[88.886,22.058],[88.892,22.049],[88.89,22.046],[88.852,22.041],[88.864,22.029],[88.871,22.028],[88.877,22.015],[88.892,22.015],[88.902,22.019],[88.903,22.045]]],[[[89.016,22.051],[89.016,22.063],[89.008,22.051],[89.002,22.059],[88.985,22.055],[88.986,22.046],[88.968,22.014],[88.979,22.005],[88.975,21.993],[88.999,22.007],[88.976,21.991],[88.99,21.986],[88.992,21.974],[89.006,21.989],[89.033,22.002],[89.03,21.997],[89.005,21.986],[89.015,21.984],[89.018,21.976],[88.999,21.951],[89.033,21.926],[89.049,21.93],[89.041,21.933],[89.041,21.951],[89.043,21.933],[89.052,21.93],[89.063,21.935],[89.072,21.964],[89.069,21.984],[89.072,21.969],[89.078,21.987],[89.072,22.008],[89.041,22.049],[89.016,22.051]]],[[[88.636,22.051],[88.631,22.063],[88.629,22.053],[88.636,22.051]]],[[[88.812,22.061],[88.804,22.064],[88.794,22.054],[88.788,22.06],[88.78,22.038],[88.794,22.031],[88.806,22.033],[88.813,22.025],[88.832,22.027],[88.831,22.05],[88.818,22.061],[88.812,22.061]]],[[[88.871,22.079],[88.868,22.082],[88.853,22.079],[88.841,22.072],[88.836,22.073],[88.837,22.067],[88.834,22.064],[88.829,22.07],[88.82,22.064],[88.833,22.052],[88.846,22.062],[88.841,22.055],[88.845,22.054],[88.834,22.05],[88.832,22.045],[88.839,22.024],[88.86,22.026],[88.851,22.039],[88.852,22.044],[88.891,22.048],[88.883,22.057],[88.87,22.063],[88.871,22.079]]],[[[88.904,22.084],[88.897,22.089],[88.881,22.084],[88.87,22.087],[88.871,22.064],[88.891,22.06],[88.894,22.075],[88.904,22.084]]],[[[88.722,22.099],[88.692,22.086],[88.693,22.078],[88.722,22.099]]],[[[88.803,22.085],[88.799,22.108],[88.784,22.107],[88.772,22.085],[88.757,22.078],[88.748,22.057],[88.772,22.055],[88.781,22.048],[88.787,22.072],[88.787,22.063],[88.794,22.056],[88.805,22.066],[88.813,22.062],[88.829,22.072],[88.834,22.065],[88.836,22.066],[88.828,22.086],[88.815,22.081],[88.803,22.085]]],[[[88.818,22.123],[88.806,22.125],[88.799,22.111],[88.806,22.085],[88.815,22.082],[88.825,22.087],[88.821,22.092],[88.819,22.104],[88.822,22.093],[88.832,22.084],[88.838,22.073],[88.851,22.079],[88.867,22.082],[88.838,22.09],[88.844,22.098],[88.841,22.09],[88.868,22.085],[88.849,22.104],[88.846,22.119],[88.831,22.125],[88.818,22.123]]],[[[88.729,22.114],[88.736,22.129],[88.73,22.123],[88.729,22.114]]],[[[88.865,22.167],[88.849,22.169],[88.86,22.142],[88.831,22.127],[88.846,22.122],[88.853,22.102],[88.872,22.088],[88.882,22.086],[88.895,22.091],[88.89,22.102],[88.892,22.114],[88.891,22.101],[88.896,22.091],[88.908,22.087],[88.916,22.09],[88.923,22.108],[88.906,22.13],[88.9,22.148],[88.886,22.165],[88.865,22.167]]],[[[88.95,22.189],[88.943,22.19],[88.945,22.182],[88.933,22.175],[88.926,22.176],[88.926,22.167],[88.92,22.161],[88.894,22.17],[88.913,22.13],[88.927,22.124],[88.938,22.127],[88.929,22.136],[88.936,22.143],[88.931,22.137],[88.94,22.128],[88.931,22.123],[88.923,22.123],[88.931,22.098],[88.908,22.078],[88.901,22.065],[88.911,22.045],[88.908,22.035],[88.916,22.011],[88.913,21.994],[88.936,21.936],[88.966,21.923],[88.97,21.929],[88.963,21.935],[88.975,21.94],[88.976,21.946],[88.976,21.939],[88.965,21.935],[88.972,21.929],[88.969,21.921],[88.995,21.906],[89.013,21.902],[89.021,21.922],[89.012,21.934],[88.995,21.942],[88.991,21.952],[89.014,21.979],[89.008,21.982],[88.992,21.97],[88.988,21.984],[88.972,21.988],[88.976,22.004],[88.962,22.017],[88.977,22.038],[88.961,22.049],[88.963,22.057],[88.941,22.062],[88.935,22.055],[88.935,22.026],[88.946,22],[88.931,22],[88.924,22.024],[88.925,22.065],[88.937,22.073],[88.967,22.079],[88.963,22.091],[88.951,22.104],[88.956,22.102],[88.969,22.083],[88.985,22.127],[88.985,22.138],[88.979,22.131],[88.969,22.142],[88.969,22.155],[88.953,22.158],[88.97,22.156],[88.97,22.143],[88.98,22.133],[88.985,22.148],[88.969,22.165],[88.961,22.189],[88.95,22.189]]],[[[89.002,22.199],[88.973,22.193],[88.976,22.17],[88.991,22.154],[88.997,22.138],[88.98,22.079],[88.962,22.06],[88.966,22.056],[88.963,22.05],[88.978,22.04],[88.985,22.057],[89.002,22.06],[89.008,22.052],[89.015,22.064],[89.018,22.061],[89.017,22.052],[89.026,22.053],[89.028,22.077],[89.023,22.079],[89.029,22.077],[89.028,22.054],[89.038,22.053],[89.031,22.093],[89.036,22.109],[89.015,22.114],[89.03,22.123],[89.016,22.114],[89.035,22.11],[89.05,22.131],[89.022,22.149],[89.014,22.164],[89.014,22.194],[89.002,22.199]]],[[[88.695,22.209],[88.684,22.207],[88.681,22.188],[88.653,22.163],[88.634,22.106],[88.654,22.078],[88.664,22.024],[88.678,22.022],[88.704,22.007],[88.714,22.011],[88.721,22.005],[88.74,22.018],[88.736,22.032],[88.691,22.057],[88.683,22.081],[88.692,22.092],[88.723,22.113],[88.728,22.124],[88.738,22.135],[88.754,22.145],[88.766,22.146],[88.789,22.169],[88.769,22.18],[88.765,22.192],[88.74,22.197],[88.732,22.194],[88.695,22.209]]],[[[88.845,22.189],[88.835,22.207],[88.828,22.208],[88.827,22.198],[88.841,22.175],[88.838,22.167],[88.83,22.165],[88.809,22.179],[88.776,22.146],[88.749,22.135],[88.735,22.104],[88.703,22.079],[88.706,22.063],[88.723,22.057],[88.739,22.057],[88.75,22.081],[88.77,22.092],[88.778,22.111],[88.795,22.114],[88.805,22.131],[88.821,22.127],[88.856,22.144],[88.846,22.148],[88.851,22.156],[88.843,22.167],[88.851,22.174],[88.868,22.171],[88.86,22.204],[88.853,22.204],[88.85,22.192],[88.845,22.189]]],[[[88.932,22.225],[88.919,22.231],[88.917,22.208],[88.908,22.196],[88.931,22.177],[88.945,22.184],[88.941,22.192],[88.958,22.192],[88.962,22.197],[88.954,22.222],[88.932,22.225]]],[[[88.813,22.283],[88.795,22.276],[88.792,22.258],[88.773,22.25],[88.769,22.241],[88.762,22.241],[88.753,22.231],[88.747,22.199],[88.767,22.194],[88.771,22.185],[88.788,22.179],[88.794,22.171],[88.81,22.183],[88.834,22.167],[88.838,22.175],[88.827,22.195],[88.818,22.196],[88.815,22.205],[88.806,22.208],[88.798,22.226],[88.814,22.23],[88.826,22.241],[88.826,22.265],[88.816,22.264],[88.813,22.283]]],[[[88.85,22.363],[88.836,22.358],[88.818,22.359],[88.804,22.33],[88.812,22.316],[88.807,22.286],[88.815,22.283],[88.817,22.272],[88.821,22.265],[88.827,22.265],[88.83,22.254],[88.828,22.242],[88.819,22.231],[88.801,22.226],[88.806,22.209],[88.816,22.206],[88.819,22.196],[88.825,22.198],[88.825,22.204],[88.83,22.21],[88.837,22.207],[88.844,22.19],[88.848,22.192],[88.85,22.202],[88.854,22.206],[88.86,22.205],[88.866,22.198],[88.881,22.2],[88.882,22.212],[88.849,22.21],[88.842,22.212],[88.839,22.216],[88.858,22.244],[88.876,22.253],[88.859,22.244],[88.841,22.214],[88.859,22.211],[88.884,22.212],[88.883,22.2],[88.866,22.194],[88.872,22.171],[88.886,22.168],[88.898,22.178],[88.919,22.165],[88.921,22.175],[88.904,22.197],[88.914,22.216],[88.886,22.236],[88.893,22.252],[88.887,22.265],[88.876,22.274],[88.865,22.27],[88.843,22.29],[88.85,22.289],[88.865,22.271],[88.877,22.274],[88.888,22.266],[88.895,22.252],[88.887,22.236],[88.914,22.22],[88.919,22.233],[88.954,22.225],[88.951,22.243],[88.93,22.259],[88.937,22.299],[88.916,22.309],[88.911,22.306],[88.892,22.343],[88.871,22.358],[88.864,22.357],[88.85,22.363]]],[[[88.985,22.382],[88.989,22.392],[88.967,22.408],[88.974,22.395],[88.968,22.389],[88.965,22.367],[88.954,22.36],[88.953,22.279],[88.947,22.256],[88.962,22.242],[88.973,22.21],[88.986,22.206],[89,22.212],[89.02,22.206],[89.027,22.188],[89.023,22.166],[89.035,22.153],[89.055,22.143],[89.062,22.128],[89.091,22.146],[89.096,22.155],[89.092,22.157],[89.077,22.145],[89.069,22.147],[89.061,22.167],[89.069,22.19],[89.067,22.198],[89.037,22.227],[89.032,22.257],[89.015,22.252],[89.011,22.258],[89.018,22.268],[88.994,22.286],[89,22.298],[89.023,22.298],[89,22.323],[88.99,22.321],[88.984,22.325],[88.989,22.364],[88.983,22.371],[88.985,22.382]]],[[[88.862,22.399],[88.862,22.411],[88.855,22.388],[88.861,22.371],[88.877,22.361],[88.899,22.337],[88.903,22.345],[88.899,22.357],[88.895,22.356],[88.898,22.364],[88.884,22.372],[88.875,22.387],[88.881,22.403],[88.872,22.4],[88.874,22.389],[88.866,22.386],[88.867,22.397],[88.862,22.399]]],[[[87.912,22.432],[87.908,22.431],[87.918,22.43],[87.912,22.432]]],[[[88.859,22.469],[88.857,22.473],[88.856,22.459],[88.859,22.469]]],[[[88.781,22.501],[88.804,22.444],[88.819,22.432],[88.835,22.434],[88.822,22.435],[88.827,22.447],[88.812,22.454],[88.81,22.481],[88.798,22.488],[88.793,22.498],[88.781,22.501]]],[[[88.898,22.549],[88.895,22.554],[88.891,22.548],[88.888,22.554],[88.87,22.531],[88.869,22.54],[88.868,22.522],[88.86,22.519],[88.857,22.51],[88.844,22.507],[88.846,22.502],[88.86,22.5],[88.868,22.488],[88.858,22.482],[88.86,22.469],[88.857,22.455],[88.861,22.445],[88.855,22.438],[88.856,22.423],[88.862,22.413],[88.882,22.404],[88.877,22.387],[88.886,22.372],[88.89,22.376],[88.898,22.367],[88.888,22.378],[88.894,22.378],[88.898,22.386],[88.922,22.401],[88.903,22.415],[88.908,22.434],[88.892,22.465],[88.897,22.475],[88.893,22.486],[88.905,22.498],[88.895,22.501],[88.898,22.509],[88.903,22.504],[88.906,22.521],[88.902,22.527],[88.9,22.546],[88.898,22.549]]],[[[88.934,22.564],[88.93,22.563],[88.934,22.558],[88.934,22.564]]],[[[88.92,22.565],[88.895,22.56],[88.902,22.546],[88.904,22.526],[88.91,22.524],[88.906,22.519],[88.911,22.52],[88.914,22.511],[88.906,22.508],[88.91,22.506],[88.906,22.493],[88.897,22.486],[88.899,22.477],[88.895,22.466],[88.921,22.427],[88.908,22.416],[88.926,22.406],[88.928,22.397],[88.922,22.392],[88.93,22.39],[88.922,22.384],[88.923,22.389],[88.915,22.392],[88.896,22.38],[88.907,22.336],[88.929,22.313],[88.942,22.31],[88.953,22.366],[88.945,22.37],[88.945,22.38],[88.934,22.396],[88.94,22.401],[88.939,22.419],[88.947,22.421],[88.94,22.419],[88.942,22.4],[88.935,22.396],[88.947,22.381],[88.946,22.371],[88.958,22.365],[88.964,22.374],[88.965,22.39],[88.97,22.394],[88.964,22.409],[88.999,22.43],[88.988,22.446],[88.995,22.467],[88.978,22.483],[88.96,22.549],[88.934,22.556],[88.92,22.565]]],[[[88.278,27.131],[88.233,27.12],[88.214,27.135],[88.184,27.135],[88.155,27.112],[88.137,27.117],[88.086,27.142],[88.083,27.165],[88.073,27.174],[88.067,27.19],[88.075,27.201],[88.058,27.214],[88.033,27.221],[88.017,27.219],[88.016,27.178],[88.022,27.171],[88.014,27.165],[88.01,27.143],[87.994,27.131],[87.99,27.119],[87.994,27.105],[88.004,27.105],[88.024,27.087],[88.019,27.073],[88.04,27.036],[88.062,27.029],[88.08,27.035],[88.095,27.004],[88.118,26.988],[88.137,26.985],[88.126,26.97],[88.123,26.95],[88.149,26.92],[88.139,26.898],[88.164,26.881],[88.176,26.865],[88.17,26.837],[88.177,26.833],[88.19,26.771],[88.185,26.719],[88.17,26.699],[88.163,26.636],[88.145,26.625],[88.142,26.607],[88.132,26.601],[88.133,26.573],[88.128,26.577],[88.126,26.572],[88.12,26.574],[88.122,26.568],[88.116,26.572],[88.116,26.558],[88.108,26.561],[88.108,26.55],[88.114,26.545],[88.105,26.539],[88.106,26.536],[88.132,26.513],[88.145,26.511],[88.148,26.517],[88.165,26.522],[88.168,26.537],[88.179,26.531],[88.182,26.543],[88.191,26.544],[88.215,26.536],[88.21,26.541],[88.221,26.546],[88.214,26.551],[88.215,26.557],[88.231,26.552],[88.233,26.532],[88.207,26.515],[88.206,26.51],[88.194,26.508],[88.179,26.491],[88.192,26.483],[88.194,26.472],[88.215,26.47],[88.213,26.478],[88.226,26.476],[88.215,26.466],[88.229,26.447],[88.243,26.449],[88.252,26.434],[88.268,26.418],[88.255,26.416],[88.23,26.394],[88.232,26.385],[88.238,26.375],[88.245,26.376],[88.255,26.374],[88.262,26.38],[88.27,26.379],[88.282,26.36],[88.29,26.357],[88.289,26.351],[88.279,26.346],[88.282,26.34],[88.28,26.336],[88.272,26.331],[88.27,26.333],[88.265,26.336],[88.248,26.327],[88.236,26.305],[88.232,26.31],[88.227,26.297],[88.221,26.288],[88.214,26.282],[88.204,26.28],[88.183,26.275],[88.177,26.262],[88.163,26.258],[88.159,26.257],[88.144,26.253],[88.137,26.244],[88.139,26.231],[88.126,26.227],[88.12,26.228],[88.112,26.226],[88.116,26.223],[88.106,26.216],[88.102,26.212],[88.094,26.207],[88.09,26.203],[88.087,26.194],[88.073,26.185],[88.07,26.176],[88.059,26.174],[88.037,26.178],[88.034,26.17],[88.012,26.155],[88.015,26.143],[88.007,26.143],[87.996,26.142],[87.982,26.159],[87.963,26.149],[87.969,26.148],[87.969,26.139],[87.968,26.132],[87.957,26.129],[87.967,26.125],[87.976,26.122],[87.969,26.109],[87.958,26.109],[87.954,26.103],[87.969,26.092],[87.972,26.085],[87.968,26.081],[87.96,26.084],[87.938,26.084],[87.931,26.069],[87.922,26.077],[87.917,26.08],[87.918,26.088],[87.913,26.091],[87.896,26.08],[87.893,26.08],[87.888,26.072],[87.876,26.066],[87.875,26.056],[87.863,26.056],[87.842,26.044],[87.842,26.032],[87.833,26.001],[87.827,25.992],[87.826,25.984],[87.831,25.962],[87.825,25.959],[87.827,25.954],[87.824,25.946],[87.828,25.941],[87.827,25.932],[87.807,25.93],[87.804,25.912],[87.808,25.909],[87.811,25.914],[87.816,25.913],[87.814,25.9],[87.82,25.894],[87.816,25.886],[87.823,25.871],[87.856,25.865],[87.865,25.868],[87.879,25.858],[87.885,25.865],[87.911,25.852],[87.897,25.835],[87.883,25.829],[87.896,25.829],[87.894,25.825],[87.911,25.815],[87.908,25.809],[87.903,25.814],[87.897,25.811],[87.895,25.805],[87.903,25.802],[87.898,25.799],[87.898,25.77],[87.919,25.774],[87.929,25.768],[87.932,25.771],[87.942,25.756],[87.939,25.749],[87.96,25.732],[87.961,25.725],[87.98,25.718],[87.988,25.724],[87.997,25.712],[88.017,25.705],[88.016,25.692],[88.03,25.699],[88.035,25.694],[88.04,25.698],[88.049,25.691],[88.049,25.681],[88.043,25.674],[88.049,25.658],[88.044,25.653],[88.049,25.644],[88.047,25.643],[88.044,25.643],[88.036,25.637],[88.043,25.632],[88.054,25.633],[88.039,25.627],[88.037,25.616],[88.039,25.608],[88.041,25.605],[88.03,25.6],[88.036,25.597],[88.039,25.595],[88.031,25.587],[88.021,25.587],[88.03,25.574],[88.025,25.569],[88.038,25.564],[88.035,25.56],[88.03,25.559],[88.027,25.553],[88.038,25.546],[88.039,25.533],[88.046,25.534],[88.056,25.53],[88.058,25.529],[88.057,25.526],[88.067,25.516],[88.069,25.513],[88.065,25.509],[88.064,25.506],[88.066,25.505],[88.071,25.505],[88.073,25.504],[88.07,25.502],[88.068,25.49],[88.07,25.481],[88.066,25.481],[88.053,25.487],[88.046,25.483],[88.035,25.493],[88.028,25.486],[88.008,25.503],[88.012,25.508],[88.007,25.51],[88.004,25.494],[87.993,25.498],[87.981,25.516],[87.988,25.524],[87.972,25.523],[87.956,25.538],[87.926,25.536],[87.903,25.519],[87.905,25.507],[87.899,25.504],[87.885,25.517],[87.879,25.516],[87.881,25.506],[87.87,25.503],[87.861,25.486],[87.863,25.465],[87.851,25.468],[87.834,25.465],[87.834,25.459],[87.826,25.458],[87.826,25.445],[87.809,25.434],[87.787,25.449],[87.781,25.445],[87.777,25.429],[87.766,25.424],[87.771,25.412],[87.762,25.412],[87.759,25.405],[87.766,25.404],[87.766,25.378],[87.777,25.371],[87.789,25.372],[87.784,25.332],[87.791,25.322],[87.802,25.323],[87.831,25.302],[87.85,25.297],[87.857,25.278],[87.849,25.253],[87.836,25.25],[87.823,25.234],[87.837,25.199],[87.801,25.218],[87.788,25.22],[87.771,25.152],[87.77,25.115],[87.777,25.091],[87.8,25.071],[87.855,25.046],[87.877,25.028],[87.903,24.998],[87.906,24.986],[87.966,24.93],[87.973,24.896],[87.967,24.881],[87.911,24.856],[87.889,24.853],[87.898,24.843],[87.894,24.829],[87.898,24.825],[87.887,24.82],[87.868,24.823],[87.877,24.794],[87.87,24.791],[87.867,24.776],[87.855,24.764],[87.835,24.763],[87.838,24.788],[87.818,24.766],[87.814,24.753],[87.825,24.752],[87.84,24.738],[87.867,24.729],[87.878,24.739],[87.891,24.723],[87.901,24.722],[87.903,24.71],[87.899,24.71],[87.897,24.691],[87.887,24.674],[87.913,24.659],[87.906,24.633],[87.889,24.631],[87.885,24.627],[87.902,24.626],[87.902,24.613],[87.877,24.616],[87.873,24.611],[87.886,24.605],[87.908,24.608],[87.91,24.594],[87.905,24.584],[87.891,24.58],[87.887,24.563],[87.866,24.561],[87.856,24.555],[87.85,24.558],[87.848,24.551],[87.825,24.559],[87.823,24.567],[87.809,24.576],[87.769,24.582],[87.768,24.572],[87.792,24.566],[87.806,24.545],[87.797,24.539],[87.801,24.515],[87.793,24.497],[87.795,24.491],[87.807,24.511],[87.81,24.492],[87.823,24.494],[87.809,24.477],[87.818,24.468],[87.815,24.451],[87.803,24.45],[87.791,24.438],[87.792,24.424],[87.785,24.415],[87.799,24.411],[87.805,24.418],[87.81,24.407],[87.793,24.396],[87.798,24.382],[87.761,24.333],[87.764,24.323],[87.756,24.304],[87.727,24.286],[87.71,24.292],[87.703,24.26],[87.689,24.256],[87.681,24.246],[87.662,24.245],[87.657,24.235],[87.647,24.249],[87.642,24.25],[87.636,24.243],[87.643,24.23],[87.638,24.212],[87.671,24.206],[87.678,24.191],[87.693,24.186],[87.696,24.167],[87.69,24.15],[87.646,24.154],[87.616,24.165],[87.58,24.162],[87.569,24.156],[87.608,24.129],[87.582,24.123],[87.578,24.11],[87.569,24.107],[87.576,24.085],[87.556,24.082],[87.539,24.088],[87.517,24.111],[87.494,24.115],[87.497,24.099],[87.489,24.088],[87.506,24.082],[87.501,24.073],[87.49,24.073],[87.494,24.063],[87.491,24.052],[87.508,24.046],[87.511,24.04],[87.501,24.022],[87.491,24.023],[87.483,24.014],[87.471,24.011],[87.449,24.016],[87.434,24.008],[87.447,24.008],[87.441,24.003],[87.458,23.993],[87.458,23.981],[87.449,23.984],[87.439,23.978],[87.429,23.982],[87.426,23.99],[87.4,23.994],[87.39,24.002],[87.357,24.009],[87.348,23.996],[87.328,23.996],[87.315,24.004],[87.324,24.017],[87.332,24.018],[87.332,24.031],[87.283,24.027],[87.238,24.041],[87.233,24.025],[87.241,24.006],[87.25,23.996],[87.261,24.003],[87.268,23.985],[87.261,23.978],[87.262,23.966],[87.292,23.956],[87.292,23.939],[87.285,23.934],[87.295,23.899],[87.291,23.899],[87.293,23.89],[87.27,23.873],[87.262,23.878],[87.259,23.904],[87.252,23.91],[87.248,23.907],[87.243,23.885],[87.247,23.851],[87.255,23.839],[87.243,23.826],[87.229,23.823],[87.219,23.831],[87.236,23.853],[87.222,23.858],[87.217,23.851],[87.207,23.853],[87.203,23.846],[87.189,23.841],[87.196,23.854],[87.187,23.857],[87.181,23.852],[87.157,23.865],[87.131,23.867],[87.13,23.851],[87.154,23.826],[87.162,23.828],[87.166,23.82],[87.149,23.794],[87.139,23.8],[87.124,23.795],[87.11,23.799],[87.116,23.805],[87.106,23.8],[87.096,23.809],[87.085,23.805],[87.057,23.816],[87.034,23.837],[86.967,23.865],[86.96,23.862],[86.951,23.846],[86.936,23.845],[86.925,23.854],[86.924,23.866],[86.907,23.88],[86.895,23.88],[86.875,23.862],[86.875,23.857],[86.882,23.857],[86.88,23.842],[86.888,23.822],[86.882,23.814],[86.877,23.813],[86.871,23.844],[86.857,23.84],[86.844,23.822],[86.821,23.811],[86.809,23.814],[86.804,23.831],[86.793,23.831],[86.801,23.813],[86.798,23.798],[86.817,23.776],[86.82,23.761],[86.816,23.745],[86.805,23.74],[86.791,23.698],[86.796,23.693],[86.792,23.687],[86.738,23.678],[86.732,23.694],[86.694,23.695],[86.624,23.673],[86.592,23.671],[86.591,23.662],[86.529,23.629],[86.481,23.635],[86.466,23.63],[86.44,23.63],[86.44,23.609],[86.427,23.61],[86.41,23.598],[86.406,23.588],[86.381,23.584],[86.383,23.572],[86.365,23.557],[86.358,23.543],[86.36,23.531],[86.368,23.523],[86.365,23.515],[86.357,23.513],[86.354,23.496],[86.359,23.49],[86.371,23.49],[86.372,23.483],[86.355,23.482],[86.349,23.472],[86.352,23.464],[86.338,23.461],[86.34,23.452],[86.331,23.447],[86.326,23.458],[86.3,23.444],[86.306,23.436],[86.312,23.437],[86.314,23.428],[86.3,23.42],[86.282,23.427],[86.278,23.441],[86.247,23.434],[86.253,23.425],[86.243,23.42],[86.24,23.432],[86.231,23.43],[86.225,23.436],[86.239,23.47],[86.225,23.47],[86.221,23.456],[86.179,23.468],[86.179,23.475],[86.172,23.479],[86.146,23.473],[86.145,23.494],[86.155,23.504],[86.155,23.519],[86.143,23.527],[86.153,23.552],[86.145,23.568],[86.127,23.567],[86.119,23.574],[86.073,23.568],[86.071,23.578],[86.051,23.579],[86.047,23.584],[86.037,23.583],[86.035,23.575],[86.011,23.561],[86.011,23.552],[86.021,23.545],[86.019,23.542],[86.033,23.518],[86.033,23.505],[86.051,23.502],[86.047,23.494],[86.006,23.483],[85.944,23.455],[85.891,23.476],[85.874,23.476],[85.866,23.47],[85.86,23.451],[85.863,23.41],[85.878,23.408],[85.882,23.381],[85.894,23.38],[85.896,23.371],[85.885,23.374],[85.866,23.365],[85.873,23.357],[85.872,23.33],[85.878,23.324],[85.861,23.315],[85.861,23.303],[85.834,23.281],[85.826,23.263],[85.832,23.195],[85.858,23.194],[85.877,23.173],[85.877,23.159],[85.9,23.148],[85.915,23.13],[85.921,23.126],[85.926,23.131],[85.944,23.129],[85.952,23.138],[85.982,23.146],[86.003,23.146],[86.018,23.14],[86.028,23.146],[86.037,23.144],[86.048,23.129],[86.044,23.112],[86.048,23.109],[86.07,23.101],[86.081,23.104],[86.092,23.091],[86.105,23.089],[86.116,23.094],[86.137,23.083],[86.135,23.063],[86.148,23.053],[86.15,23.041],[86.16,23.039],[86.176,23.013],[86.204,23.013],[86.2,23.01],[86.204,22.998],[86.212,22.992],[86.261,22.996],[86.279,23.011],[86.294,23.008],[86.298,23.013],[86.312,22.995],[86.332,22.989],[86.341,22.993],[86.35,22.989],[86.352,22.995],[86.36,22.997],[86.369,22.994],[86.38,22.991],[86.384,22.98],[86.393,22.974],[86.416,22.995],[86.445,22.985],[86.497,22.99],[86.497,22.983],[86.508,22.973],[86.5,22.969],[86.512,22.966],[86.54,22.987],[86.539,22.962],[86.527,22.961],[86.518,22.944],[86.497,22.948],[86.496,22.941],[86.489,22.944],[86.485,22.934],[86.47,22.949],[86.458,22.939],[86.458,22.933],[86.433,22.923],[86.432,22.916],[86.463,22.897],[86.447,22.883],[86.447,22.859],[86.433,22.86],[86.434,22.829],[86.413,22.786],[86.416,22.777],[86.444,22.759],[86.454,22.76],[86.479,22.722],[86.488,22.723],[86.507,22.702],[86.51,22.716],[86.539,22.721],[86.581,22.689],[86.591,22.689],[86.618,22.673],[86.637,22.655],[86.634,22.597],[86.648,22.592],[86.652,22.576],[86.673,22.572],[86.706,22.58],[86.76,22.572],[86.767,22.561],[86.765,22.551],[86.784,22.544],[86.783,22.524],[86.79,22.52],[86.79,22.508],[86.799,22.499],[86.791,22.494],[86.798,22.484],[86.789,22.475],[86.753,22.48],[86.745,22.476],[86.762,22.425],[86.818,22.412],[86.844,22.396],[86.838,22.379],[86.841,22.369],[86.829,22.342],[86.829,22.325],[86.841,22.314],[86.886,22.294],[86.886,22.252],[86.823,22.261],[86.816,22.249],[86.812,22.264],[86.809,22.246],[86.8,22.241],[86.796,22.25],[86.801,22.262],[86.79,22.263],[86.793,22.239],[86.798,22.234],[86.81,22.238],[86.8,22.214],[86.791,22.218],[86.784,22.212],[86.776,22.214],[86.783,22.225],[86.791,22.22],[86.792,22.224],[86.78,22.232],[86.773,22.23],[86.775,22.215],[86.767,22.211],[86.748,22.208],[86.723,22.215],[86.713,22.178],[86.715,22.143],[86.752,22.144],[86.79,22.154],[86.8,22.146],[86.797,22.126],[86.808,22.124],[86.806,22.114],[86.823,22.113],[86.832,22.095],[86.842,22.092],[86.848,22.098],[86.909,22.086],[86.957,22.083],[86.995,22.046],[87.018,22.041],[87.026,22.029],[87.022,22.012],[87.034,21.989],[87.006,21.941],[86.998,21.908],[87.005,21.896],[87.02,21.886],[87.03,21.865],[87.078,21.86],[87.095,21.86],[87.096,21.882],[87.096,21.886],[87.089,21.892],[87.089,21.895],[87.091,21.899],[87.105,21.918],[87.11,21.918],[87.114,21.922],[87.137,21.918],[87.152,21.928],[87.158,21.931],[87.16,21.949],[87.167,21.973],[87.175,21.966],[87.195,21.954],[87.203,21.956],[87.221,21.953],[87.224,21.954],[87.235,21.954],[87.232,21.94],[87.235,21.934],[87.252,21.918],[87.235,21.896],[87.249,21.867],[87.245,21.856],[87.255,21.844],[87.262,21.833],[87.268,21.82],[87.262,21.814],[87.274,21.812],[87.273,21.806],[87.273,21.804],[87.281,21.799],[87.295,21.804],[87.297,21.795],[87.306,21.794],[87.309,21.789],[87.318,21.791],[87.317,21.789],[87.323,21.786],[87.326,21.786],[87.333,21.787],[87.337,21.779],[87.34,21.784],[87.352,21.786],[87.355,21.779],[87.368,21.775],[87.37,21.768],[87.37,21.76],[87.383,21.771],[87.392,21.769],[87.395,21.762],[87.425,21.766],[87.439,21.764],[87.444,21.761],[87.443,21.742],[87.451,21.735],[87.444,21.732],[87.443,21.729],[87.465,21.726],[87.466,21.724],[87.463,21.717],[87.471,21.707],[87.469,21.698],[87.468,21.696],[87.468,21.677],[87.465,21.659],[87.46,21.657],[87.461,21.644],[87.471,21.643],[87.482,21.626],[87.482,21.614],[87.482,21.609],[87.545,21.629],[87.553,21.636],[87.561,21.633],[87.63,21.647],[87.644,21.66],[87.643,21.652],[87.65,21.649],[87.69,21.658],[87.74,21.678],[87.75,21.687],[87.753,21.7],[87.79,21.695],[87.81,21.706],[87.825,21.724],[87.821,21.724],[87.885,21.779],[87.87,21.76],[87.878,21.765],[87.894,21.783],[87.89,21.794],[87.899,21.789],[87.899,21.795],[87.929,21.801],[87.94,21.82],[87.98,21.858],[88.053,22.01],[88.018,22.04],[88.009,22.073],[87.982,22.099],[87.96,22.096],[87.963,22.103],[87.992,22.103],[87.998,22.09],[88.032,22.064],[88.027,22.048],[88.062,22.013],[88.156,22.065],[88.189,22.099],[88.193,22.113],[88.136,22.185],[88.103,22.192],[88.09,22.186],[88.075,22.187],[88.05,22.205],[88.035,22.209],[88.023,22.199],[88.009,22.201],[87.981,22.216],[87.97,22.238],[87.94,22.26],[87.933,22.31],[87.936,22.326],[87.931,22.333],[87.94,22.33],[87.936,22.317],[87.947,22.333],[87.947,22.35],[87.937,22.356],[87.944,22.355],[87.939,22.361],[87.942,22.366],[87.93,22.404],[87.913,22.422],[87.894,22.424],[87.881,22.438],[87.884,22.442],[87.895,22.434],[87.923,22.435],[87.927,22.42],[87.946,22.406],[87.957,22.361],[87.959,22.285],[87.985,22.246],[88.026,22.222],[88.049,22.22],[88.075,22.253],[88.079,22.284],[88.089,22.303],[88.105,22.305],[88.103,22.288],[88.089,22.263],[88.085,22.236],[88.07,22.212],[88.117,22.209],[88.132,22.202],[88.166,22.199],[88.188,22.187],[88.203,22.167],[88.223,22.098],[88.224,22.075],[88.208,22.023],[88.179,21.982],[88.154,21.959],[88.177,21.926],[88.163,21.879],[88.209,21.801],[88.217,21.764],[88.273,21.756],[88.263,21.732],[88.272,21.73],[88.283,21.758],[88.255,21.783],[88.252,21.802],[88.256,21.783],[88.282,21.761],[88.264,21.788],[88.258,21.801],[88.259,21.808],[88.263,21.814],[88.277,21.822],[88.306,21.83],[88.314,21.847],[88.299,21.859],[88.261,21.858],[88.255,21.871],[88.27,21.885],[88.256,21.871],[88.262,21.859],[88.301,21.861],[88.31,21.878],[88.301,21.861],[88.309,21.856],[88.326,21.862],[88.354,21.857],[88.364,21.871],[88.369,21.897],[88.361,21.917],[88.35,21.927],[88.359,21.922],[88.371,21.898],[88.366,21.873],[88.355,21.856],[88.355,21.823],[88.364,21.798],[88.382,21.792],[88.391,21.799],[88.386,21.839],[88.394,21.852],[88.397,21.885],[88.383,21.901],[88.406,21.92],[88.393,21.937],[88.398,21.952],[88.374,21.963],[88.373,21.967],[88.376,21.97],[88.394,21.971],[88.378,21.969],[88.374,21.965],[88.399,21.952],[88.394,21.937],[88.407,21.924],[88.407,21.917],[88.385,21.9],[88.407,21.885],[88.414,21.89],[88.42,21.907],[88.433,21.903],[88.442,21.911],[88.458,21.919],[88.451,21.942],[88.469,21.958],[88.445,21.964],[88.448,21.985],[88.442,21.991],[88.45,22.009],[88.461,22.012],[88.451,22.007],[88.443,21.99],[88.449,21.984],[88.446,21.966],[88.47,21.959],[88.453,21.94],[88.462,21.922],[88.456,21.9],[88.474,21.895],[88.483,21.91],[88.521,21.915],[88.522,21.939],[88.495,21.955],[88.491,21.96],[88.492,21.967],[88.5,21.979],[88.518,21.989],[88.541,21.982],[88.555,22.023],[88.555,22.036],[88.557,22.023],[88.543,21.982],[88.537,21.979],[88.519,21.988],[88.494,21.967],[88.494,21.958],[88.522,21.943],[88.526,21.929],[88.522,21.914],[88.507,21.903],[88.494,21.879],[88.528,21.853],[88.538,21.858],[88.539,21.871],[88.548,21.882],[88.541,21.904],[88.562,21.899],[88.571,21.904],[88.549,21.922],[88.541,21.96],[88.543,21.971],[88.546,21.973],[88.558,21.973],[88.568,21.959],[88.556,21.973],[88.544,21.971],[88.543,21.958],[88.551,21.935],[88.55,21.921],[88.573,21.907],[88.58,21.917],[88.579,21.925],[88.586,21.928],[88.58,21.924],[88.581,21.916],[88.573,21.906],[88.578,21.889],[88.607,21.913],[88.611,21.926],[88.601,21.935],[88.611,21.932],[88.615,21.937],[88.599,21.963],[88.599,21.975],[88.614,22.02],[88.6,22.024],[88.605,22.048],[88.596,22.061],[88.597,22.067],[88.602,22.074],[88.597,22.063],[88.606,22.048],[88.603,22.024],[88.618,22.021],[88.637,22.045],[88.627,22.055],[88.62,22.105],[88.607,22.108],[88.609,22.116],[88.598,22.131],[88.603,22.159],[88.584,22.167],[88.581,22.171],[88.581,22.181],[88.573,22.189],[88.577,22.198],[88.574,22.189],[88.582,22.181],[88.583,22.17],[88.605,22.16],[88.599,22.13],[88.61,22.117],[88.61,22.108],[88.619,22.109],[88.631,22.136],[88.63,22.145],[88.633,22.137],[88.641,22.144],[88.638,22.155],[88.643,22.164],[88.665,22.185],[88.672,22.201],[88.666,22.208],[88.639,22.208],[88.631,22.222],[88.657,22.25],[88.661,22.266],[88.679,22.294],[88.666,22.339],[88.671,22.326],[88.691,22.327],[88.679,22.323],[88.685,22.294],[88.668,22.267],[88.658,22.239],[88.638,22.225],[88.635,22.216],[88.652,22.211],[88.666,22.217],[88.681,22.209],[88.702,22.209],[88.734,22.196],[88.743,22.2],[88.74,22.215],[88.746,22.203],[88.75,22.22],[88.744,22.229],[88.762,22.243],[88.768,22.243],[88.772,22.251],[88.791,22.26],[88.793,22.276],[88.804,22.283],[88.803,22.296],[88.81,22.317],[88.803,22.329],[88.819,22.364],[88.833,22.359],[88.849,22.365],[88.863,22.358],[88.871,22.359],[88.876,22.355],[88.875,22.358],[88.861,22.365],[88.853,22.387],[88.846,22.388],[88.853,22.392],[88.856,22.406],[88.848,22.431],[88.818,22.431],[88.803,22.443],[88.778,22.507],[88.753,22.516],[88.734,22.51],[88.708,22.528],[88.699,22.523],[88.689,22.524],[88.69,22.533],[88.681,22.536],[88.681,22.544],[88.672,22.549],[88.677,22.593],[88.681,22.577],[88.674,22.567],[88.674,22.55],[88.682,22.544],[88.682,22.537],[88.691,22.534],[88.691,22.524],[88.702,22.531],[88.701,22.526],[88.71,22.529],[88.734,22.511],[88.75,22.517],[88.769,22.514],[88.783,22.525],[88.764,22.528],[88.77,22.53],[88.764,22.534],[88.761,22.55],[88.766,22.561],[88.762,22.551],[88.766,22.534],[88.784,22.525],[88.772,22.513],[88.793,22.499],[88.799,22.489],[88.812,22.481],[88.814,22.456],[88.83,22.447],[88.825,22.436],[88.852,22.433],[88.854,22.44],[88.86,22.446],[88.852,22.456],[88.855,22.469],[88.851,22.475],[88.857,22.475],[88.857,22.484],[88.865,22.488],[88.859,22.499],[88.845,22.501],[88.843,22.508],[88.855,22.511],[88.859,22.52],[88.867,22.523],[88.869,22.546],[88.879,22.545],[88.896,22.563],[88.938,22.57],[88.937,22.594],[88.958,22.611],[88.957,22.618],[88.933,22.619],[88.93,22.641],[88.91,22.675],[88.902,22.677],[88.886,22.667],[88.864,22.664],[88.857,22.677],[88.861,22.694],[88.848,22.691],[88.847,22.707],[88.809,22.709],[88.806,22.733],[88.809,22.753],[88.82,22.749],[88.815,22.742],[88.827,22.739],[88.832,22.746],[88.836,22.747],[88.84,22.736],[88.847,22.75],[88.832,22.754],[88.847,22.752],[88.847,22.744],[88.839,22.735],[88.834,22.745],[88.829,22.738],[88.826,22.738],[88.814,22.741],[88.818,22.749],[88.809,22.751],[88.81,22.711],[88.848,22.709],[88.849,22.693],[88.86,22.697],[88.864,22.694],[88.865,22.665],[88.905,22.679],[88.912,22.677],[88.92,22.667],[88.932,22.646],[88.947,22.66],[88.959,22.691],[88.921,22.734],[88.919,22.762],[88.937,22.785],[88.958,22.794],[88.968,22.843],[88.946,22.877],[88.933,22.868],[88.909,22.877],[88.903,22.904],[88.914,22.919],[88.897,22.927],[88.895,22.951],[88.861,22.955],[88.869,22.969],[88.868,22.99],[88.847,23.002],[88.853,23.007],[88.873,23.004],[88.872,23.018],[88.879,23.039],[88.866,23.069],[88.87,23.095],[88.881,23.098],[88.886,23.106],[88.897,23.106],[88.908,23.122],[88.921,23.126],[88.923,23.139],[88.931,23.139],[88.937,23.168],[88.954,23.176],[88.962,23.19],[88.969,23.192],[88.982,23.181],[88.99,23.198],[88.988,23.207],[88.995,23.212],[88.98,23.222],[88.952,23.203],[88.929,23.213],[88.919,23.208],[88.914,23.211],[88.919,23.225],[88.913,23.23],[88.881,23.226],[88.867,23.23],[88.853,23.225],[88.838,23.238],[88.823,23.233],[88.831,23.245],[88.818,23.251],[88.809,23.25],[88.808,23.243],[88.814,23.217],[88.797,23.216],[88.784,23.218],[88.768,23.239],[88.757,23.235],[88.747,23.237],[88.72,23.253],[88.724,23.27],[88.708,23.288],[88.698,23.291],[88.697,23.296],[88.71,23.309],[88.714,23.301],[88.723,23.299],[88.727,23.317],[88.74,23.307],[88.746,23.31],[88.734,23.346],[88.762,23.362],[88.753,23.39],[88.76,23.406],[88.757,23.419],[88.765,23.443],[88.778,23.436],[88.791,23.441],[88.788,23.465],[88.8,23.477],[88.795,23.483],[88.799,23.495],[88.779,23.498],[88.77,23.492],[88.77,23.48],[88.76,23.486],[88.755,23.478],[88.743,23.481],[88.727,23.508],[88.716,23.508],[88.695,23.517],[88.684,23.539],[88.659,23.553],[88.648,23.584],[88.639,23.593],[88.645,23.608],[88.602,23.598],[88.599,23.604],[88.581,23.601],[88.59,23.615],[88.592,23.637],[88.562,23.642],[88.568,23.664],[88.574,23.668],[88.564,23.715],[88.571,23.725],[88.579,23.765],[88.559,23.784],[88.58,23.788],[88.582,23.796],[88.592,23.801],[88.587,23.812],[88.602,23.817],[88.588,23.834],[88.587,23.851],[88.576,23.854],[88.576,23.86],[88.591,23.871],[88.604,23.864],[88.618,23.876],[88.629,23.862],[88.659,23.868],[88.665,23.872],[88.667,23.884],[88.685,23.889],[88.692,23.9],[88.704,23.899],[88.702,23.913],[88.732,23.913],[88.733,23.93],[88.742,23.936],[88.74,23.953],[88.734,23.96],[88.735,23.978],[88.742,23.985],[88.771,23.985],[88.759,24.008],[88.727,23.995],[88.738,24.014],[88.739,24.035],[88.735,24.047],[88.723,24.052],[88.738,24.059],[88.722,24.066],[88.726,24.096],[88.722,24.1],[88.7,24.095],[88.695,24.113],[88.698,24.118],[88.71,24.119],[88.7,24.166],[88.711,24.177],[88.717,24.2],[88.732,24.197],[88.738,24.26],[88.735,24.275],[88.723,24.297],[88.703,24.311],[88.673,24.315],[88.659,24.314],[88.652,24.307],[88.65,24.311],[88.63,24.306],[88.623,24.316],[88.608,24.317],[88.604,24.311],[88.589,24.315],[88.586,24.326],[88.568,24.327],[88.555,24.296],[88.529,24.344],[88.507,24.345],[88.448,24.377],[88.427,24.382],[88.392,24.372],[88.367,24.373],[88.333,24.383],[88.275,24.439],[88.2,24.461],[88.176,24.49],[88.148,24.506],[88.104,24.549],[88.046,24.637],[88.011,24.667],[88.065,24.721],[88.074,24.741],[88.067,24.75],[88.075,24.759],[88.071,24.769],[88.081,24.771],[88.09,24.783],[88.106,24.779],[88.107,24.804],[88.122,24.822],[88.131,24.806],[88.136,24.805],[88.135,24.832],[88.148,24.85],[88.163,24.849],[88.164,24.856],[88.176,24.861],[88.162,24.868],[88.163,24.879],[88.155,24.887],[88.171,24.89],[88.141,24.917],[88.14,24.936],[88.155,24.933],[88.18,24.954],[88.228,24.959],[88.264,24.918],[88.267,24.902],[88.264,24.875],[88.277,24.896],[88.279,24.887],[88.3,24.885],[88.304,24.87],[88.323,24.882],[88.325,24.866],[88.334,24.871],[88.348,24.892],[88.326,24.911],[88.326,24.916],[88.336,24.918],[88.342,24.939],[88.356,24.942],[88.363,24.951],[88.384,24.938],[88.401,24.946],[88.394,24.962],[88.397,24.969],[88.408,24.976],[88.417,24.974],[88.414,24.994],[88.424,25.007],[88.436,25.006],[88.447,25.033],[88.454,25.036],[88.453,25.041],[88.439,25.044],[88.437,25.05],[88.453,25.079],[88.443,25.126],[88.463,25.142],[88.458,25.165],[88.445,25.177],[88.446,25.196],[88.472,25.198],[88.478,25.213],[88.5,25.212],[88.501,25.205],[88.537,25.201],[88.536,25.191],[88.545,25.196],[88.559,25.194],[88.559,25.179],[88.566,25.178],[88.58,25.179],[88.591,25.186],[88.591,25.194],[88.601,25.195],[88.617,25.206],[88.641,25.208],[88.67,25.201],[88.682,25.21],[88.709,25.21],[88.732,25.201],[88.735,25.188],[88.747,25.185],[88.752,25.178],[88.773,25.191],[88.778,25.18],[88.804,25.172],[88.815,25.176],[88.832,25.206],[88.845,25.211],[88.853,25.201],[88.866,25.201],[88.867,25.191],[88.874,25.191],[88.877,25.181],[88.898,25.185],[88.913,25.18],[88.914,25.17],[88.923,25.167],[88.93,25.185],[88.936,25.187],[88.943,25.181],[88.947,25.184],[88.946,25.201],[88.936,25.203],[88.935,25.218],[88.949,25.213],[88.959,25.22],[88.951,25.241],[88.957,25.259],[88.973,25.267],[88.986,25.279],[89.007,25.275],[89.011,25.292],[89.008,25.297],[88.989,25.296],[88.983,25.306],[88.976,25.302],[88.956,25.308],[88.945,25.302],[88.937,25.311],[88.926,25.304],[88.906,25.336],[88.891,25.333],[88.889,25.323],[88.872,25.338],[88.872,25.348],[88.844,25.362],[88.84,25.385],[88.845,25.392],[88.839,25.398],[88.828,25.398],[88.817,25.408],[88.831,25.413],[88.832,25.423],[88.837,25.425],[88.829,25.441],[88.842,25.453],[88.839,25.47],[88.832,25.485],[88.815,25.487],[88.81,25.52],[88.797,25.522],[88.782,25.513],[88.763,25.521],[88.763,25.508],[88.773,25.499],[88.769,25.492],[88.751,25.492],[88.743,25.486],[88.745,25.495],[88.739,25.502],[88.711,25.497],[88.71,25.479],[88.699,25.47],[88.665,25.471],[88.66,25.48],[88.65,25.477],[88.648,25.495],[88.625,25.495],[88.61,25.507],[88.609,25.513],[88.598,25.504],[88.578,25.505],[88.553,25.518],[88.543,25.507],[88.541,25.531],[88.534,25.531],[88.534,25.54],[88.523,25.533],[88.52,25.544],[88.51,25.542],[88.497,25.558],[88.5,25.581],[88.473,25.581],[88.458,25.596],[88.446,25.597],[88.451,25.621],[88.458,25.628],[88.457,25.66],[88.407,25.669],[88.406,25.682],[88.395,25.682],[88.392,25.691],[88.375,25.695],[88.379,25.713],[88.361,25.718],[88.36,25.726],[88.326,25.735],[88.319,25.751],[88.293,25.766],[88.293,25.772],[88.272,25.78],[88.276,25.797],[88.27,25.808],[88.263,25.812],[88.252,25.811],[88.247,25.803],[88.239,25.807],[88.234,25.795],[88.219,25.798],[88.209,25.785],[88.195,25.799],[88.186,25.799],[88.175,25.784],[88.165,25.787],[88.152,25.774],[88.144,25.779],[88.146,25.788],[88.142,25.794],[88.117,25.797],[88.12,25.81],[88.111,25.813],[88.105,25.826],[88.111,25.838],[88.103,25.841],[88.115,25.85],[88.103,25.884],[88.108,25.89],[88.093,25.894],[88.099,25.898],[88.091,25.902],[88.087,25.913],[88.094,25.93],[88.113,25.936],[88.121,25.95],[88.118,25.959],[88.129,25.967],[88.125,25.977],[88.147,26.001],[88.144,26.012],[88.158,26.019],[88.177,26.019],[88.187,26.024],[88.185,26.029],[88.173,26.033],[88.178,26.039],[88.173,26.046],[88.181,26.047],[88.179,26.057],[88.187,26.06],[88.186,26.069],[88.172,26.083],[88.166,26.074],[88.161,26.078],[88.168,26.084],[88.162,26.095],[88.167,26.105],[88.176,26.109],[88.181,26.124],[88.176,26.126],[88.18,26.146],[88.188,26.152],[88.197,26.151],[88.199,26.161],[88.208,26.158],[88.229,26.167],[88.228,26.171],[88.239,26.175],[88.235,26.182],[88.25,26.189],[88.254,26.184],[88.276,26.187],[88.294,26.201],[88.301,26.196],[88.31,26.203],[88.32,26.201],[88.333,26.214],[88.353,26.22],[88.361,26.24],[88.352,26.245],[88.356,26.247],[88.35,26.253],[88.352,26.282],[88.366,26.299],[88.389,26.314],[88.416,26.316],[88.407,26.33],[88.415,26.337],[88.438,26.337],[88.446,26.36],[88.458,26.374],[88.462,26.36],[88.487,26.349],[88.492,26.351],[88.49,26.36],[88.509,26.36],[88.506,26.348],[88.52,26.352],[88.525,26.36],[88.516,26.364],[88.525,26.373],[88.516,26.373],[88.521,26.388],[88.514,26.387],[88.507,26.399],[88.512,26.4],[88.511,26.406],[88.505,26.403],[88.496,26.408],[88.503,26.417],[88.494,26.416],[88.498,26.426],[88.491,26.43],[88.498,26.434],[88.488,26.45],[88.48,26.453],[88.483,26.461],[88.438,26.466],[88.426,26.472],[88.422,26.465],[88.405,26.485],[88.391,26.479],[88.368,26.487],[88.363,26.484],[88.366,26.47],[88.356,26.446],[88.349,26.466],[88.342,26.469],[88.341,26.478],[88.334,26.479],[88.335,26.494],[88.353,26.512],[88.361,26.548],[88.373,26.561],[88.37,26.575],[88.378,26.594],[88.39,26.603],[88.399,26.602],[88.389,26.611],[88.401,26.627],[88.415,26.634],[88.423,26.569],[88.435,26.547],[88.45,26.536],[88.457,26.537],[88.462,26.547],[88.486,26.541],[88.484,26.531],[88.49,26.532],[88.494,26.514],[88.508,26.514],[88.525,26.506],[88.527,26.482],[88.561,26.489],[88.552,26.478],[88.563,26.473],[88.557,26.457],[88.597,26.449],[88.595,26.472],[88.621,26.471],[88.628,26.447],[88.625,26.435],[88.65,26.427],[88.651,26.421],[88.646,26.418],[88.661,26.417],[88.671,26.407],[88.687,26.411],[88.688,26.401],[88.672,26.399],[88.678,26.394],[88.689,26.396],[88.689,26.387],[88.703,26.388],[88.682,26.38],[88.697,26.363],[88.697,26.344],[88.704,26.341],[88.704,26.334],[88.711,26.334],[88.714,26.345],[88.728,26.346],[88.735,26.355],[88.749,26.353],[88.755,26.338],[88.762,26.334],[88.757,26.32],[88.762,26.301],[88.799,26.313],[88.822,26.301],[88.816,26.28],[88.819,26.26],[88.836,26.252],[88.833,26.246],[88.847,26.234],[88.885,26.239],[88.868,26.258],[88.868,26.277],[88.888,26.292],[88.935,26.288],[88.958,26.248],[88.97,26.242],[88.99,26.248],[89.025,26.246],[89.038,26.25],[89.043,26.245],[89.056,26.244],[89.061,26.258],[89.07,26.255],[89.067,26.274],[89.062,26.278],[89.07,26.281],[89.065,26.294],[89.053,26.297],[89.052,26.288],[89.033,26.286],[89.028,26.292],[89.032,26.308],[89.026,26.309],[89.024,26.292],[89.016,26.304],[89.004,26.293],[89.003,26.302],[88.992,26.305],[88.992,26.32],[89.002,26.317],[89,26.325],[89.008,26.329],[89.004,26.335],[88.992,26.337],[88.989,26.344],[88.996,26.343],[88.991,26.352],[88.968,26.354],[88.964,26.333],[88.958,26.343],[88.964,26.348],[88.954,26.349],[88.964,26.366],[88.957,26.368],[88.952,26.359],[88.935,26.368],[88.926,26.363],[88.927,26.368],[88.92,26.37],[88.919,26.376],[88.928,26.381],[88.916,26.383],[88.925,26.39],[88.926,26.401],[88.911,26.412],[88.935,26.414],[88.931,26.428],[88.939,26.431],[88.934,26.436],[88.951,26.429],[88.958,26.44],[88.953,26.452],[88.961,26.457],[88.97,26.454],[88.964,26.463],[88.99,26.45],[88.986,26.44],[88.996,26.423],[89.005,26.417],[89.002,26.426],[89.008,26.426],[89.015,26.416],[89.029,26.416],[89.041,26.398],[89.048,26.403],[89.076,26.4],[89.083,26.395],[89.094,26.399],[89.09,26.393],[89.102,26.392],[89.097,26.388],[89.097,26.371],[89.087,26.366],[89.103,26.362],[89.107,26.339],[89.091,26.322],[89.105,26.33],[89.109,26.325],[89.117,26.327],[89.122,26.319],[89.135,26.324],[89.135,26.32],[89.144,26.321],[89.139,26.313],[89.143,26.31],[89.134,26.307],[89.141,26.3],[89.131,26.288],[89.113,26.317],[89.109,26.307],[89.115,26.303],[89.115,26.291],[89.108,26.282],[89.114,26.283],[89.116,26.275],[89.13,26.267],[89.128,26.254],[89.147,26.235],[89.147,26.217],[89.155,26.209],[89.146,26.2],[89.141,26.18],[89.162,26.161],[89.154,26.158],[89.162,26.139],[89.173,26.129],[89.198,26.122],[89.208,26.127],[89.23,26.123],[89.254,26.102],[89.257,26.092],[89.272,26.092],[89.263,26.079],[89.262,26.064],[89.277,26.061],[89.285,26.066],[89.288,26.058],[89.283,26.049],[89.299,26.046],[89.305,26.049],[89.328,26.037],[89.352,26.011],[89.398,26.007],[89.397,26.02],[89.412,26.03],[89.414,26.039],[89.43,26.046],[89.439,26.036],[89.433,26.016],[89.439,26.009],[89.478,25.997],[89.494,26.006],[89.508,26],[89.521,26.008],[89.533,26.003],[89.542,26.005],[89.554,26],[89.541,25.989],[89.544,25.971],[89.558,25.965],[89.569,25.978],[89.574,25.967],[89.58,25.968],[89.578,25.979],[89.591,25.976],[89.592,25.994],[89.584,26.003],[89.581,26.024],[89.589,26.024],[89.585,26.031],[89.59,26.036],[89.602,26.038],[89.596,26.044],[89.617,26.053],[89.608,26.064],[89.62,26.059],[89.622,26.053],[89.631,26.062],[89.653,26.064],[89.637,26.078],[89.643,26.09],[89.636,26.095],[89.64,26.099],[89.633,26.107],[89.627,26.108],[89.625,26.1],[89.617,26.103],[89.62,26.095],[89.613,26.095],[89.611,26.088],[89.597,26.101],[89.604,26.103],[89.598,26.107],[89.601,26.113],[89.608,26.107],[89.619,26.106],[89.633,26.119],[89.628,26.128],[89.623,26.119],[89.615,26.127],[89.608,26.117],[89.609,26.125],[89.599,26.139],[89.6,26.152],[89.595,26.157],[89.6,26.16],[89.613,26.153],[89.613,26.161],[89.622,26.167],[89.614,26.171],[89.62,26.178],[89.624,26.178],[89.625,26.171],[89.637,26.177],[89.634,26.172],[89.649,26.164],[89.661,26.176],[89.63,26.186],[89.636,26.189],[89.634,26.195],[89.647,26.184],[89.653,26.19],[89.637,26.21],[89.638,26.228],[89.657,26.218],[89.673,26.219],[89.682,26.236],[89.683,26.228],[89.689,26.227],[89.682,26.222],[89.692,26.221],[89.682,26.216],[89.686,26.21],[89.694,26.21],[89.689,26.206],[89.68,26.208],[89.676,26.201],[89.687,26.198],[89.69,26.181],[89.705,26.172],[89.688,26.168],[89.685,26.16],[89.708,26.152],[89.719,26.166],[89.727,26.174],[89.733,26.173],[89.734,26.175],[89.717,26.177],[89.707,26.173],[89.703,26.177],[89.695,26.189],[89.711,26.189],[89.716,26.191],[89.714,26.206],[89.726,26.206],[89.732,26.212],[89.731,26.215],[89.724,26.217],[89.715,26.215],[89.698,26.216],[89.7,26.219],[89.706,26.217],[89.712,26.228],[89.718,26.232],[89.729,26.238],[89.716,26.246],[89.716,26.255],[89.711,26.258],[89.701,26.261],[89.705,26.27],[89.712,26.27],[89.711,26.265],[89.717,26.259],[89.732,26.26],[89.734,26.266],[89.737,26.271],[89.721,26.288],[89.716,26.302],[89.723,26.308],[89.721,26.296],[89.742,26.295],[89.746,26.291],[89.757,26.289],[89.759,26.293],[89.751,26.306],[89.752,26.322],[89.762,26.317],[89.778,26.328],[89.781,26.352],[89.82,26.371],[89.811,26.358],[89.821,26.351],[89.828,26.381],[89.841,26.378],[89.845,26.384],[89.857,26.384],[89.847,26.403],[89.84,26.391],[89.831,26.39],[89.827,26.396],[89.833,26.412],[89.845,26.41],[89.85,26.414],[89.848,26.422],[89.869,26.448],[89.871,26.46],[89.862,26.466],[89.853,26.488],[89.854,26.517],[89.865,26.548],[89.862,26.578],[89.878,26.584],[89.872,26.595],[89.877,26.613],[89.862,26.615],[89.857,26.623],[89.857,26.632],[89.876,26.649],[89.868,26.657],[89.871,26.684],[89.857,26.704],[89.807,26.715],[89.774,26.7],[89.757,26.716],[89.757,26.736],[89.726,26.722],[89.703,26.737],[89.674,26.74],[89.659,26.718],[89.642,26.723],[89.632,26.719],[89.613,26.728],[89.628,26.742],[89.643,26.747],[89.655,26.764],[89.645,26.781],[89.622,26.777],[89.611,26.789],[89.567,26.802],[89.559,26.816],[89.546,26.812],[89.528,26.819],[89.511,26.817],[89.5,26.805],[89.49,26.802],[89.459,26.806],[89.451,26.814],[89.455,26.826],[89.449,26.834],[89.391,26.841],[89.387,26.858],[89.377,26.866],[89.36,26.863],[89.328,26.84],[89.316,26.853],[89.256,26.817],[89.234,26.821],[89.19,26.809],[89.173,26.822],[89.131,26.808],[89.123,26.821],[89.113,26.823],[89.102,26.836],[89.104,26.86],[89.088,26.872],[89.095,26.885],[89.09,26.894],[89.068,26.903],[89.046,26.904],[89.046,26.92],[89.025,26.94],[88.985,26.921],[88.962,26.924],[88.94,26.942],[88.955,26.954],[88.954,26.968],[88.919,26.996],[88.894,26.977],[88.889,26.96],[88.875,26.952],[88.87,27.011],[88.879,27.041],[88.87,27.109],[88.857,27.107],[88.845,27.116],[88.826,27.118],[88.811,27.126],[88.8,27.137],[88.766,27.139],[88.751,27.143],[88.752,27.148],[88.733,27.137],[88.725,27.139],[88.718,27.144],[88.712,27.165],[88.684,27.18],[88.656,27.162],[88.639,27.168],[88.619,27.188],[88.591,27.194],[88.559,27.189],[88.521,27.178],[88.53,27.166],[88.53,27.15],[88.522,27.15],[88.496,27.125],[88.474,27.121],[88.454,27.09],[88.432,27.082],[88.411,27.091],[88.371,27.099],[88.352,27.101],[88.345,27.107],[88.341,27.111],[88.324,27.105],[88.32,27.117],[88.304,27.129],[88.3,27.128],[88.295,27.125],[88.278,27.131]]]]},"properties":{"ID_0":105,"ISO":"IND","NAME_0":"India","ID_1":35,"NAME_1":"West Bengal"}}
]}